url,status,player_id,player_name,pokemon,moves,abilities,items,tera,win,formato_esp,fetched_at,nickname,duration_seconds,ko_causados,ko_propios,crits_dados,crits_recibidos,turnos,supereffective_dados,resisted_dados,weather_propio,boosts_propios,heals_propios,transforms_propios,prepares_propios,es_lead,mega_en_combate,tera_en_combate
https://replay.pokemonshowdown.com/gen9vgc2024regh-2226081139-5nkxxbvlqz432hoot539m56d9ukyyg6pw,ok,p1,Haseooo,Primarina,Dazzling Gleam,,,,True,VGC,2026-09-28T20:40:53,,279,4,2,1,0,4,1,3,0,1,0,0,1,True,False,False
https://replay.pokemonshowdown.com/gen9vgc2024regh-2226081139-5nkxxbvlqz432hoot539m56d9ukyyg6pw,ok,p1,Haseooo,Espathra,,,,,True,VGC,2026-09-28T20:40:53,,279,4,2,1,0,4,1,3,0,1,0,0,1,False,False,False
https://replay.pokemonshowdown.com/gen9vgc2024regh-2226081139-5nkxxbvlqz432hoot539m56d9ukyyg6pw,ok,p1,Haseooo,Typhlosion-Hisui,Eruption,,,Fire,True,VGC,2026-09-28T20:40:53,Typhlosion,279,4,2,1,0,4,1,3,0,1,0,0,1,False,False,True
https://replay.pokemonshowdown.com/gen9vgc2024regh-2226081139-5nkxxbvlqz432hoot539m56d9ukyyg6pw,ok,p1,Haseooo,Indeedee-F,Follow Me; Hyper Voice,,,,True,VGC,2026-09-28T20:40:53,Indeedee,279,4,2,1,0,4,1,3,0,1,0,0,1,False,False,False
https://replay.pokemonshowdown.com/gen9vgc2024regh-2226081139-5nkxxbvlqz432hoot539m56d9ukyyg6pw,ok,p1,Haseooo,Archaludon,Electro Shot,,Power Herb,,True,VGC,2026-09-28T20:40:53,,279,4,2,1,0,4,1,3,0,1,0,0,1,False,False,False
https://replay.pokemonshowdown.com/gen9vgc2024regh-2226081139-5nkxxbvlqz432hoot539m56d9ukyyg6pw,ok,p1,Haseooo,Whimsicott,,,,,True,VGC,2026-09-28T20:40:53,,279,4,2,1,0,4,1,3,0,1,0,0,1,False,False,False
https://replay.pokemonshowdown.com/gen9vgc2024regh-2226081139-5nkxxbvlqz432hoot539m56d9ukyyg6pw,ok,p2,bloodycheese,Flamigo,Close Combat,,,,False,VGC,2026-09-28T20:40:53,,279,2,4,0,1,4,0,1,0,0,1,0,0,True,False,False
https://replay.pokemonshowdown.com/gen9vgc2024regh-2226081139-5nkxxbvlqz432hoot539m56d9ukyyg6pw,ok,p2,bloodycheese,Dragapult,Tera Blast,,,Steel,False,VGC,2026-09-28T20:40:53,,279,2,4,0,1,4,0,1,0,0,1,0,0,False,False,True
https://replay.pokemonshowdown.com/gen9vgc2024regh-2226081139-5nkxxbvlqz432hoot539m56d9ukyyg6pw,ok,p2,bloodycheese,Ursaluna-Bloodmoon,Hyper Voice; Protect,,,,False,VGC,2026-09-28T20:40:53,Ursaluna,279,2,4,0,1,4,0,1,0,0,1,0,0,False,False,False
https://replay.pokemonshowdown.com/gen9vgc2024regh-2226081139-5nkxxbvlqz432hoot539m56d9ukyyg6pw,ok,p2,bloodycheese,Clefable,Moonblast,,Sitrus Berry,,False,VGC,2026-09-28T20:40:53,,279,2,4,0,1,4,0,1,0,0,1,0,0,False,False,False
https://replay.pokemonshowdown.com/gen9vgc2024regh-2226081139-5nkxxbvlqz432hoot539m56d9ukyyg6pw,ok,p2,bloodycheese,Incineroar,,,,,False,VGC,2026-09-28T20:40:53,,279,2,4,0,1,4,0,1,0,0,1,0,0,False,False,False
https://replay.pokemonshowdown.com/gen9vgc2024regh-2226081139-5nkxxbvlqz432hoot539m56d9ukyyg6pw,ok,p2,bloodycheese,Farigiraf,,,,,False,VGC,2026-09-28T20:40:53,,279,2,4,0,1,4,0,1,0,0,1,0,0,False,False,False
https://replay.pokemonshowdown.com/gen9vgc2024regh-2227201650-i192w8ri5b04mb6utfpehfzkv2i9sd3pw,ok,p1,WlDino,Archaludon,,,,,False,VGC,2026-09-28T20:40:54,,290,2,4,0,0,9,1,3,1,0,1,0,0,False,False,False
https://replay.pokemonshowdown.com/gen9vgc2024regh-2227201650-i192w8ri5b04mb6utfpehfzkv2i9sd3pw,ok,p1,WlDino,Basculegion,Last Respects; Protect; Wave Crash,,,Water,False,VGC,2026-09-28T20:40:54,,290,2,4,0,0,9,1,3,1,0,1,0,0,False,False,True
https://replay.pokemonshowdown.com/gen9vgc2024regh-2227201650-i192w8ri5b04mb6utfpehfzkv2i9sd3pw,ok,p1,WlDino,Pelipper,Hurricane; Tailwind,,,,False,VGC,2026-09-28T20:40:54,,290,2,4,0,0,9,1,3,1,0,1,0,0,True,False,False
https://replay.pokemonshowdown.com/gen9vgc2024regh-2227201650-i192w8ri5b04mb6utfpehfzkv2i9sd3pw,ok,p1,WlDino,Amoonguss,Pollen Puff; Spore,,Sitrus Berry,,False,VGC,2026-09-28T20:40:54,,290,2,4,0,0,9,1,3,1,0,1,0,0,False,False,False
https://replay.pokemonshowdown.com/gen9vgc2024regh-2227201650-i192w8ri5b04mb6utfpehfzkv2i9sd3pw,ok,p1,WlDino,Incineroar,Fake Out; Parting Shot,Intimidate,,,False,VGC,2026-09-28T20:40:54,,290,2,4,0,0,9,1,3,1,0,1,0,0,False,False,False
https://replay.pokemonshowdown.com/gen9vgc2024regh-2227201650-i192w8ri5b04mb6utfpehfzkv2i9sd3pw,ok,p1,WlDino,Maushold,,,,,False,VGC,2026-09-28T20:40:54,,290,2,4,0,0,9,1,3,1,0,1,0,0,False,False,False
https://replay.pokemonshowdown.com/gen9vgc2024regh-2227201650-i192w8ri5b04mb6utfpehfzkv2i9sd3pw,ok,p2,bloodycheese,Flamigo,Close Combat; Detect; Dual Wingbeat,,,,True,VGC,2026-09-28T20:40:54,,290,4,2,0,0,9,4,1,0,0,0,0,0,False,False,False
https://replay.pokemonshowdown.com/gen9vgc2024regh-2227201650-i192w8ri5b04mb6utfpehfzkv2i9sd3pw,ok,p2,bloodycheese,Dragapult,Outrage,,,,True,VGC,2026-09-28T20:40:54,,290,4,2,0,0,9,4,1,0,0,0,0,0,False,False,False
https://replay.pokemonshowdown.com/gen9vgc2024regh-2227201650-i192w8ri5b04mb6utfpehfzkv2i9sd3pw,ok,p2,bloodycheese,Ursaluna-Bloodmoon,Hyper Voice; Protect,,,,True,VGC,2026-09-28T20:40:54,Ursaluna,290,4,2,0,0,9,4,1,0,0,0,0,0,False,False,False
https://replay.pokemonshowdown.com/gen9vgc2024regh-2227201650-i192w8ri5b04mb6utfpehfzkv2i9sd3pw,ok,p2,bloodycheese,Clefable,Follow Me,,,Water,True,VGC,2026-09-28T20:40:54,,290,4,2,0,0,9,4,1,0,0,0,0,0,True,False,True
https://replay.pokemonshowdown.com/gen9vgc2024regh-2227201650-i192w8ri5b04mb6utfpehfzkv2i9sd3pw,ok,p2,bloodycheese,Incineroar,,,,,True,VGC,2026-09-28T20:40:54,,290,4,2,0,0,9,4,1,0,0,0,0,0,False,False,False
https://replay.pokemonshowdown.com/gen9vgc2024regh-2227201650-i192w8ri5b04mb6utfpehfzkv2i9sd3pw,ok,p2,bloodycheese,Farigiraf,,,,,True,VGC,2026-09-28T20:40:54,,290,4,2,0,0,9,4,1,0,0,0,0,0,False,False,False
https://replay.pokemonshowdown.com/gen9vgc2024regh-2231396003-pld49bzvga8lb6yvv8qkgzy3qq379s7pw,ok,p1,kazaheta,Chandelure,Heat Wave; Shadow Ball,,,,True,VGC,2026-09-28T20:40:54,,329,4,3,1,1,9,0,3,0,0,3,0,0,True,False,False
https://replay.pokemonshowdown.com/gen9vgc2024regh-2231396003-pld49bzvga8lb6yvv8qkgzy3qq379s7pw,ok,p1,kazaheta,Sneasler,,,,,True,VGC,2026-09-28T20:40:54,,329,4,3,1,1,9,0,3,0,0,3,0,0,False,False,False
https://replay.pokemonshowdown.com/gen9vgc2024regh-2231396003-pld49bzvga8lb6yvv8qkgzy3qq379s7pw,ok,p1,kazaheta,Amoonguss,,,,,True,VGC,2026-09-28T20:40:54,,329,4,3,1,1,9,0,3,0,0,3,0,0,False,False,False
https://replay.pokemonshowdown.com/gen9vgc2024regh-2231396003-pld49bzvga8lb6yvv8qkgzy3qq379s7pw,ok,p1,kazaheta,Rillaboom,Fake Out; Grassy Glide; Wood Hammer,,,,True,VGC,2026-09-28T20:40:54,Viva el america,329,4,3,1,1,9,0,3,0,0,3,0,0,False,False,False
https://replay.pokemonshowdown.com/gen9vgc2024regh-2231396003-pld49bzvga8lb6yvv8qkgzy3qq379s7pw,ok,p1,kazaheta,Kingambit,Kowtow Cleave,,,Dark,True,VGC,2026-09-28T20:40:54,Y mi reina,329,4,3,1,1,9,0,3,0,0,3,0,0,False,False,True
https://replay.pokemonshowdown.com/gen9vgc2024regh-2231396003-pld49bzvga8lb6yvv8qkgzy3qq379s7pw,ok,p1,kazaheta,Ursaluna-Bloodmoon,Blood Moon; Hyper Voice,,,,True,VGC,2026-09-28T20:40:54,Yogi pero edgy,329,4,3,1,1,9,0,3,0,0,3,0,0,False,False,False
https://replay.pokemonshowdown.com/gen9vgc2024regh-2231396003-pld49bzvga8lb6yvv8qkgzy3qq379s7pw,ok,p2,bloodycheese,Flamigo,Close Combat; Detect; Dual Wingbeat,,Focus Sash,,False,VGC,2026-09-28T20:40:54,,329,3,4,1,1,9,3,1,0,0,0,0,0,False,False,False
https://replay.pokemonshowdown.com/gen9vgc2024regh-2231396003-pld49bzvga8lb6yvv8qkgzy3qq379s7pw,ok,p2,bloodycheese,Dragapult,Dragon Darts,,,,False,VGC,2026-09-28T20:40:54,,329,3,4,1,1,9,3,1,0,0,0,0,0,False,False,False
https://replay.pokemonshowdown.com/gen9vgc2024regh-2231396003-pld49bzvga8lb6yvv8qkgzy3qq379s7pw,ok,p2,bloodycheese,Ursaluna-Bloodmoon,Protect,,,Normal,False,VGC,2026-09-28T20:40:54,Ursaluna,329,3,4,1,1,9,3,1,0,0,0,0,0,True,False,True
https://replay.pokemonshowdown.com/gen9vgc2024regh-2231396003-pld49bzvga8lb6yvv8qkgzy3qq379s7pw,ok,p2,bloodycheese,Clefable,Moonblast,,,,False,VGC,2026-09-28T20:40:54,,329,3,4,1,1,9,3,1,0,0,0,0,0,False,False,False
https://replay.pokemonshowdown.com/gen9vgc2024regh-2231396003-pld49bzvga8lb6yvv8qkgzy3qq379s7pw,ok,p2,bloodycheese,Incineroar,,,,,False,VGC,2026-09-28T20:40:54,,329,3,4,1,1,9,3,1,0,0,0,0,0,False,False,False
https://replay.pokemonshowdown.com/gen9vgc2024regh-2231396003-pld49bzvga8lb6yvv8qkgzy3qq379s7pw,ok,p2,bloodycheese,Farigiraf,,,,,False,VGC,2026-09-28T20:40:54,,329,3,4,1,1,9,3,1,0,0,0,0,0,False,False,False
https://replay.pokemonshowdown.com/gen9nationaldex-2242759044-5xu7k0vd5dlfjs75cmlt9ynx5xi1r2vpw,ok,p1,Buenocomoeloro,Azumarill,Aqua Jet; Knock Off; Play Rough; Z-Belly Drum,,,,True,NAT DEX,2026-09-28T20:40:55,,593,6,5,0,1,48,12,4,1,2,14,0,0,False,False,False
https://replay.pokemonshowdown.com/gen9nationaldex-2242759044-5xu7k0vd5dlfjs75cmlt9ynx5xi1r2vpw,ok,p1,Buenocomoeloro,Tyranitar,Brick Break; Dragon Dance,,,Ghost,True,NAT DEX,2026-09-28T20:40:55,,593,6,5,0,1,48,12,4,1,2,14,0,0,False,False,True
https://replay.pokemonshowdown.com/gen9nationaldex-2242759044-5xu7k0vd5dlfjs75cmlt9ynx5xi1r2vpw,ok,p1,Buenocomoeloro,Slowking-Galar,Flamethrower; Thunder Wave,,,,True,NAT DEX,2026-09-28T20:40:55,Slowking,593,6,5,0,1,48,12,4,1,2,14,0,0,True,False,False
https://replay.pokemonshowdown.com/gen9nationaldex-2242759044-5xu7k0vd5dlfjs75cmlt9ynx5xi1r2vpw,ok,p1,Buenocomoeloro,Corsola-Galar,Haze; Shadow Ball; Stealth Rock; Strength Sap,,,,True,NAT DEX,2026-09-28T20:40:55,Corsola,593,6,5,0,1,48,12,4,1,2,14,0,0,False,False,False
https://replay.pokemonshowdown.com/gen9nationaldex-2242759044-5xu7k0vd5dlfjs75cmlt9ynx5xi1r2vpw,ok,p1,Buenocomoeloro,Scizor,Defog; Knock Off; U-turn,,,,True,NAT DEX,2026-09-28T20:40:55,,593,6,5,0,1,48,12,4,1,2,14,0,0,False,True,False
https://replay.pokemonshowdown.com/gen9nationaldex-2242759044-5xu7k0vd5dlfjs75cmlt9ynx5xi1r2vpw,ok,p1,Buenocomoeloro,Typhlosion,Flamethrower,,,,True,NAT DEX,2026-09-28T20:40:55,,593,6,5,0,1,48,12,4,1,2,14,0,0,False,False,False
https://replay.pokemonshowdown.com/gen9nationaldex-2242759044-5xu7k0vd5dlfjs75cmlt9ynx5xi1r2vpw,ok,p2,DracoAxel,Scizor,Bullet Punch,,,,False,NAT DEX,2026-09-28T20:40:55,,593,5,6,1,0,48,4,1,1,12,7,0,0,False,True,False
https://replay.pokemonshowdown.com/gen9nationaldex-2242759044-5xu7k0vd5dlfjs75cmlt9ynx5xi1r2vpw,ok,p2,DracoAxel,Feraligatr,Dragon Dance; Ice Punch; Liquidation,,Life Orb,,False,NAT DEX,2026-09-28T20:40:55,,593,5,6,1,0,48,4,1,1,12,7,0,0,False,False,False
https://replay.pokemonshowdown.com/gen9nationaldex-2242759044-5xu7k0vd5dlfjs75cmlt9ynx5xi1r2vpw,ok,p2,DracoAxel,Tyranitar,Crunch; Curse; Earthquake,,,,False,NAT DEX,2026-09-28T20:40:55,,593,5,6,1,0,48,4,1,1,12,7,0,0,False,False,False
https://replay.pokemonshowdown.com/gen9nationaldex-2242759044-5xu7k0vd5dlfjs75cmlt9ynx5xi1r2vpw,ok,p2,DracoAxel,Corsola-Galar,Night Shade; Stealth Rock; Strength Sap; Substitute,,Eviolite,,False,NAT DEX,2026-09-28T20:40:55,Corsola,593,5,6,1,0,48,4,1,1,12,7,0,0,True,False,False
https://replay.pokemonshowdown.com/gen9nationaldex-2242759044-5xu7k0vd5dlfjs75cmlt9ynx5xi1r2vpw,ok,p2,DracoAxel,Slowking-Galar,Future Sight; Psyshock; Scald; Sludge Bomb,,Assault Vest,,False,NAT DEX,2026-09-28T20:40:55,Slowking,593,5,6,1,0,48,4,1,1,12,7,0,0,False,False,False
https://replay.pokemonshowdown.com/gen9nationaldex-2242759044-5xu7k0vd5dlfjs75cmlt9ynx5xi1r2vpw,ok,p2,DracoAxel,Heracross,Earthquake,,,,False,NAT DEX,2026-09-28T20:40:55,,593,5,6,1,0,48,4,1,1,12,7,0,0,False,False,False
https://replay.pokemonshowdown.com/gen9nationaldex-2250450554-mnlkmw3crwv0zepk2f3v3h0m5s41fblpw,ok,p1,Buenocomoeloro,Azumarill,Knock Off; Play Rough; Z-Belly Drum,,,,True,NAT DEX,2026-09-28T20:40:56,,748,6,5,2,1,43,3,6,1,2,6,0,0,False,False,False
https://replay.pokemonshowdown.com/gen9nationaldex-2250450554-mnlkmw3crwv0zepk2f3v3h0m5s41fblpw,ok,p1,Buenocomoeloro,Tyranitar,Dragon Dance; Earthquake,,,,True,NAT DEX,2026-09-28T20:40:56,,748,6,5,2,1,43,3,6,1,2,6,0,0,False,False,False
https://replay.pokemonshowdown.com/gen9nationaldex-2250450554-mnlkmw3crwv0zepk2f3v3h0m5s41fblpw,ok,p1,Buenocomoeloro,Slowking-Galar,Chilly Reception; Sludge Bomb; Thunder Wave,,Colbur Berry,,True,NAT DEX,2026-09-28T20:40:56,Slowking,748,6,5,2,1,43,3,6,1,2,6,0,0,True,False,False
https://replay.pokemonshowdown.com/gen9nationaldex-2250450554-mnlkmw3crwv0zepk2f3v3h0m5s41fblpw,ok,p1,Buenocomoeloro,Corsola-Galar,Haze; Night Shade; Stealth Rock; Strength Sap,,Eviolite,,True,NAT DEX,2026-09-28T20:40:56,Corsola,748,6,5,2,1,43,3,6,1,2,6,0,0,False,False,False
https://replay.pokemonshowdown.com/gen9nationaldex-2250450554-mnlkmw3crwv0zepk2f3v3h0m5s41fblpw,ok,p1,Buenocomoeloro,Scizor,Knock Off; U-turn,,,,True,NAT DEX,2026-09-28T20:40:56,,748,6,5,2,1,43,3,6,1,2,6,0,0,False,True,False
https://replay.pokemonshowdown.com/gen9nationaldex-2250450554-mnlkmw3crwv0zepk2f3v3h0m5s41fblpw,ok,p1,Buenocomoeloro,Typhlosion,Flamethrower; Scorching Sands,,,,True,NAT DEX,2026-09-28T20:40:56,,748,6,5,2,1,43,3,6,1,2,6,0,0,False,False,False
https://replay.pokemonshowdown.com/gen9nationaldex-2250450554-mnlkmw3crwv0zepk2f3v3h0m5s41fblpw,ok,p2,Fur4nk0,Umbreon,Foul Play; Protect; Toxic; Wish,,Leftovers,,False,NAT DEX,2026-09-28T20:40:56,Abrilcha,748,5,6,1,2,43,6,8,0,5,8,0,0,False,False,False
https://replay.pokemonshowdown.com/gen9nationaldex-2250450554-mnlkmw3crwv0zepk2f3v3h0m5s41fblpw,ok,p2,Fur4nk0,Raikou,Calm Mind; Thunderbolt,Pressure,,,False,NAT DEX,2026-09-28T20:40:56,LoSientoAmpharos,748,5,6,1,2,43,6,8,0,5,8,0,0,False,False,False
https://replay.pokemonshowdown.com/gen9nationaldex-2250450554-mnlkmw3crwv0zepk2f3v3h0m5s41fblpw,ok,p2,Fur4nk0,Heracross,Close Combat; Pin Missile; Rock Blast; Swords Dance,,,,False,NAT DEX,2026-09-28T20:40:56,Kabu,748,5,6,1,2,43,6,8,0,5,8,0,0,False,True,False
https://replay.pokemonshowdown.com/gen9nationaldex-2250450554-mnlkmw3crwv0zepk2f3v3h0m5s41fblpw,ok,p2,Fur4nk0,Azumarill,Aqua Jet; Knock Off; Play Rough,,,,False,NAT DEX,2026-09-28T20:40:56,Papurri,748,5,6,1,2,43,6,8,0,5,8,0,0,False,False,False
https://replay.pokemonshowdown.com/gen9nationaldex-2250450554-mnlkmw3crwv0zepk2f3v3h0m5s41fblpw,ok,p2,Fur4nk0,Forretress,Volt Switch,,,,False,NAT DEX,2026-09-28T20:40:56,BoeEeEEe,748,5,6,1,2,43,6,8,0,5,8,0,0,False,False,False
https://replay.pokemonshowdown.com/gen9nationaldex-2250450554-mnlkmw3crwv0zepk2f3v3h0m5s41fblpw,ok,p2,Fur4nk0,Typhlosion-Hisui,Shadow Ball,,Choice Scarf,,False,NAT DEX,2026-09-28T20:40:56,Jajajaja,748,5,6,1,2,43,6,8,0,5,8,0,0,True,False,False
https://replay.pokemonshowdown.com/gen9nationaldex-2254856131-oj7utrec30sjd33r1cmwe8ielo7e7xrpw,ok,p1,Akaru Kokuyoふわ,Scizor,U-turn,,,,True,NAT DEX,2026-09-28T20:40:57,,451,6,3,0,1,43,7,0,3,1,9,0,0,False,True,False
https://replay.pokemonshowdown.com/gen9nationaldex-2254856131-oj7utrec30sjd33r1cmwe8ielo7e7xrpw,ok,p1,Akaru Kokuyoふわ,Slowking,Future Sight; Scald; Slack Off; Teleport,,,,True,NAT DEX,2026-09-28T20:40:57,,451,6,3,0,1,43,7,0,3,1,9,0,0,False,False,False
https://replay.pokemonshowdown.com/gen9nationaldex-2254856131-oj7utrec30sjd33r1cmwe8ielo7e7xrpw,ok,p1,Akaru Kokuyoふわ,Skarmory,Iron Defense; Roost; Spikes,,Rocky Helmet,,True,NAT DEX,2026-09-28T20:40:57,,451,6,3,0,1,43,7,0,3,1,9,0,0,False,False,False
https://replay.pokemonshowdown.com/gen9nationaldex-2254856131-oj7utrec30sjd33r1cmwe8ielo7e7xrpw,ok,p1,Akaru Kokuyoふわ,Tyranitar,Knock Off; Stealth Rock; Stone Edge,,Choice Band,,True,NAT DEX,2026-09-28T20:40:57,,451,6,3,0,1,43,7,0,3,1,9,0,0,False,False,False
https://replay.pokemonshowdown.com/gen9nationaldex-2254856131-oj7utrec30sjd33r1cmwe8ielo7e7xrpw,ok,p1,Akaru Kokuyoふわ,Heracross,Close Combat,,,,True,NAT DEX,2026-09-28T20:40:57,,451,6,3,0,1,43,7,0,3,1,9,0,0,False,False,False
https://replay.pokemonshowdown.com/gen9nationaldex-2254856131-oj7utrec30sjd33r1cmwe8ielo7e7xrpw,ok,p1,Akaru Kokuyoふわ,Raikou,Thunderbolt; Volt Switch,,,,True,NAT DEX,2026-09-28T20:40:57,,451,6,3,0,1,43,7,0,3,1,9,0,0,True,False,False
https://replay.pokemonshowdown.com/gen9nationaldex-2254856131-oj7utrec30sjd33r1cmwe8ielo7e7xrpw,ok,p2,bloodycheese,Suicune,Calm Mind; Scald,Pressure,,,False,NAT DEX,2026-09-28T20:40:57,,451,3,6,1,0,43,5,3,1,8,14,0,0,False,False,False
https://replay.pokemonshowdown.com/gen9nationaldex-2254856131-oj7utrec30sjd33r1cmwe8ielo7e7xrpw,ok,p2,bloodycheese,Tyranitar,Dragon Dance; Fire Punch,,,,False,NAT DEX,2026-09-28T20:40:57,,451,3,6,1,0,43,5,3,1,8,14,0,0,False,False,False
https://replay.pokemonshowdown.com/gen9nationaldex-2254856131-oj7utrec30sjd33r1cmwe8ielo7e7xrpw,ok,p2,bloodycheese,Slowking-Galar,Flamethrower; Sludge Bomb,,Colbur Berry,,False,NAT DEX,2026-09-28T20:40:57,Slowking,451,3,6,1,0,43,5,3,1,8,14,0,0,True,False,False
https://replay.pokemonshowdown.com/gen9nationaldex-2254856131-oj7utrec30sjd33r1cmwe8ielo7e7xrpw,ok,p2,bloodycheese,Corsola-Galar,Night Shade; Stealth Rock; Strength Sap,,Eviolite,,False,NAT DEX,2026-09-28T20:40:57,Corsola,451,3,6,1,0,43,5,3,1,8,14,0,0,False,False,False
https://replay.pokemonshowdown.com/gen9nationaldex-2254856131-oj7utrec30sjd33r1cmwe8ielo7e7xrpw,ok,p2,bloodycheese,Scizor,Defog,,,,False,NAT DEX,2026-09-28T20:40:57,,451,3,6,1,0,43,5,3,1,8,14,0,0,False,True,False
https://replay.pokemonshowdown.com/gen9nationaldex-2254856131-oj7utrec30sjd33r1cmwe8ielo7e7xrpw,ok,p2,bloodycheese,Typhlosion-Hisui,Eruption; Focus Blast,,,,False,NAT DEX,2026-09-28T20:40:57,Typhlosion,451,3,6,1,0,43,5,3,1,8,14,0,0,False,False,False
https://replay.pokemonshowdown.com/gen9nationaldex-2258036942-5qvx0zxofjmphbkzcr16y9it73gm0mxpw,ok,p1,bloodycheese,Suicune,Calm Mind; Rest; Scald,Pressure,,,True,NAT DEX,2026-09-28T20:40:57,,353,6,5,1,1,27,2,2,1,4,6,0,0,False,False,False
https://replay.pokemonshowdown.com/gen9nationaldex-2258036942-5qvx0zxofjmphbkzcr16y9it73gm0mxpw,ok,p1,bloodycheese,Tyranitar,Crunch; Dragon Dance,,,,True,NAT DEX,2026-09-28T20:40:57,,353,6,5,1,1,27,2,2,1,4,6,0,0,False,False,False
https://replay.pokemonshowdown.com/gen9nationaldex-2258036942-5qvx0zxofjmphbkzcr16y9it73gm0mxpw,ok,p1,bloodycheese,Slowking-Galar,Sludge Bomb; Thunder Wave,,,,True,NAT DEX,2026-09-28T20:40:57,Slowking,353,6,5,1,1,27,2,2,1,4,6,0,0,True,False,False
https://replay.pokemonshowdown.com/gen9nationaldex-2258036942-5qvx0zxofjmphbkzcr16y9it73gm0mxpw,ok,p1,bloodycheese,Corsola-Galar,Night Shade; Stealth Rock; Strength Sap,,,,True,NAT DEX,2026-09-28T20:40:57,Corsola,353,6,5,1,1,27,2,2,1,4,6,0,0,False,False,False
https://replay.pokemonshowdown.com/gen9nationaldex-2258036942-5qvx0zxofjmphbkzcr16y9it73gm0mxpw,ok,p1,bloodycheese,Scizor,Bullet Punch,,,,True,NAT DEX,2026-09-28T20:40:57,,353,6,5,1,1,27,2,2,1,4,6,0,0,False,True,False
https://replay.pokemonshowdown.com/gen9nationaldex-2258036942-5qvx0zxofjmphbkzcr16y9it73gm0mxpw,ok,p1,bloodycheese,Typhlosion-Hisui,Flamethrower; Shadow Ball,,,,True,NAT DEX,2026-09-28T20:40:57,Typhlosion,353,6,5,1,1,27,2,2,1,4,6,0,0,False,False,False
https://replay.pokemonshowdown.com/gen9nationaldex-2258036942-5qvx0zxofjmphbkzcr16y9it73gm0mxpw,ok,p2,MisteryGold,Feraligatr,Crunch,,,,False,NAT DEX,2026-09-28T20:40:57,,353,5,6,1,1,27,8,7,2,0,6,0,0,False,False,False
https://replay.pokemonshowdown.com/gen9nationaldex-2258036942-5qvx0zxofjmphbkzcr16y9it73gm0mxpw,ok,p2,MisteryGold,Azumarill,Z-Belly Drum,,,,False,NAT DEX,2026-09-28T20:40:57,,353,5,6,1,1,27,8,7,2,0,6,0,0,True,False,False
https://replay.pokemonshowdown.com/gen9nationaldex-2258036942-5qvx0zxofjmphbkzcr16y9it73gm0mxpw,ok,p2,MisteryGold,Lanturn,Scald; Toxic; Volt Switch,,,,False,NAT DEX,2026-09-28T20:40:57,,353,5,6,1,1,27,8,7,2,0,6,0,0,False,False,False
https://replay.pokemonshowdown.com/gen9nationaldex-2258036942-5qvx0zxofjmphbkzcr16y9it73gm0mxpw,ok,p2,MisteryGold,Politoed,Scald,,,,False,NAT DEX,2026-09-28T20:40:57,,353,5,6,1,1,27,8,7,2,0,6,0,0,False,False,False
https://replay.pokemonshowdown.com/gen9nationaldex-2258036942-5qvx0zxofjmphbkzcr16y9it73gm0mxpw,ok,p2,MisteryGold,Kingdra,Draco Meteor; Flip Turn; Weather Ball,,Life Orb,,False,NAT DEX,2026-09-28T20:40:57,,353,5,6,1,1,27,8,7,2,0,6,0,0,False,False,False
https://replay.pokemonshowdown.com/gen9nationaldex-2258036942-5qvx0zxofjmphbkzcr16y9it73gm0mxpw,ok,p2,MisteryGold,Heracross,Pin Missile,,,,False,NAT DEX,2026-09-28T20:40:57,,353,5,6,1,1,27,8,7,2,0,6,0,0,False,True,False
https://replay.pokemonshowdown.com/gen9nationaldex-2260713337-0962ypp36y8265hvjcg5474prwrz59ppw,ok,p1,Moirix,Scizor,Bug Bite; Bullet Punch; Knock Off; Swords Dance,,Scizorite,,True,NAT DEX,2026-09-28T20:40:58,,1156,6,4,1,0,55,6,2,4,2,8,0,0,False,True,False
https://replay.pokemonshowdown.com/gen9nationaldex-2260713337-0962ypp36y8265hvjcg5474prwrz59ppw,ok,p1,Moirix,Tyranitar,Knock Off; Stealth Rock; Thunder Wave,,,,True,NAT DEX,2026-09-28T20:40:58,,1156,6,4,1,0,55,6,2,4,2,8,0,0,True,False,False
https://replay.pokemonshowdown.com/gen9nationaldex-2260713337-0962ypp36y8265hvjcg5474prwrz59ppw,ok,p1,Moirix,Skarmory,Body Press; Roost; Spikes; Whirlwind,,Rocky Helmet,,True,NAT DEX,2026-09-28T20:40:58,Franco Cingolani,1156,6,4,1,0,55,6,2,4,2,8,0,0,False,False,False
https://replay.pokemonshowdown.com/gen9nationaldex-2260713337-0962ypp36y8265hvjcg5474prwrz59ppw,ok,p1,Moirix,Typhlosion,Shadow Ball,,,,True,NAT DEX,2026-09-28T20:40:58,,1156,6,4,1,0,55,6,2,4,2,8,0,0,False,False,False
https://replay.pokemonshowdown.com/gen9nationaldex-2260713337-0962ypp36y8265hvjcg5474prwrz59ppw,ok,p1,Moirix,Slowking-Galar,Future Sight; Shadow Ball; Sludge Bomb,,,,True,NAT DEX,2026-09-28T20:40:58,Slowking,1156,6,4,1,0,55,6,2,4,2,8,0,0,False,False,False
https://replay.pokemonshowdown.com/gen9nationaldex-2260713337-0962ypp36y8265hvjcg5474prwrz59ppw,ok,p1,Moirix,Crobat,Toxic,,,,True,NAT DEX,2026-09-28T20:40:58,,1156,6,4,1,0,55,6,2,4,2,8,0,0,False,False,False
https://replay.pokemonshowdown.com/gen9nationaldex-2260713337-0962ypp36y8265hvjcg5474prwrz59ppw,ok,p2,bloodycheese,Suicune,Calm Mind; Ice Beam; Rest; Scald,Pressure,Leftovers,,False,NAT DEX,2026-09-28T20:40:58,,1156,4,6,0,1,55,5,2,1,10,16,0,0,False,False,False
https://replay.pokemonshowdown.com/gen9nationaldex-2260713337-0962ypp36y8265hvjcg5474prwrz59ppw,ok,p2,bloodycheese,Tyranitar,Dragon Dance; Fire Punch,,,,False,NAT DEX,2026-09-28T20:40:58,,1156,4,6,0,1,55,5,2,1,10,16,0,0,False,False,False
https://replay.pokemonshowdown.com/gen9nationaldex-2260713337-0962ypp36y8265hvjcg5474prwrz59ppw,ok,p2,bloodycheese,Slowking-Galar,Chilly Reception; Thunder Wave,,Colbur Berry,,False,NAT DEX,2026-09-28T20:40:58,Slowking,1156,4,6,0,1,55,5,2,1,10,16,0,0,True,False,False
https://replay.pokemonshowdown.com/gen9nationaldex-2260713337-0962ypp36y8265hvjcg5474prwrz59ppw,ok,p2,bloodycheese,Corsola-Galar,Night Shade; Stealth Rock; Strength Sap,,Eviolite,,False,NAT DEX,2026-09-28T20:40:58,Corsola,1156,4,6,0,1,55,5,2,1,10,16,0,0,False,False,False
https://replay.pokemonshowdown.com/gen9nationaldex-2260713337-0962ypp36y8265hvjcg5474prwrz59ppw,ok,p2,bloodycheese,Scizor,U-turn,,,,False,NAT DEX,2026-09-28T20:40:58,,1156,4,6,0,1,55,5,2,1,10,16,0,0,False,True,False
https://replay.pokemonshowdown.com/gen9nationaldex-2260713337-0962ypp36y8265hvjcg5474prwrz59ppw,ok,p2,bloodycheese,Typhlosion-Hisui,Shadow Ball,,,,False,NAT DEX,2026-09-28T20:40:58,Typhlosion,1156,4,6,0,1,55,5,2,1,10,16,0,0,False,False,False
https://replay.pokemonshowdown.com/gen9randombattle-2273777707-odj2aadrs220nvpmcp04mnegvqljdljpw,ok,p1,123Numerito$,Iron Boulder,Close Combat; Swords Dance,,,,False,RANDOM SINGLES,2026-09-28T20:40:59,,329,2,6,1,0,22,1,4,0,11,0,0,0,True,False,False
https://replay.pokemonshowdown.com/gen9randombattle-2273777707-odj2aadrs220nvpmcp04mnegvqljdljpw,ok,p1,123Numerito$,Magearna,Fleur Cannon; Iron Head; Shift Gear; Tera Blast,,,Ground,False,RANDOM SINGLES,2026-09-28T20:40:59,,329,2,6,1,0,22,1,4,0,11,0,0,0,False,False,True
https://replay.pokemonshowdown.com/gen9randombattle-2273777707-odj2aadrs220nvpmcp04mnegvqljdljpw,ok,p1,123Numerito$,Magnezone,Thunderbolt,,,,False,RANDOM SINGLES,2026-09-28T20:40:59,,329,2,6,1,0,22,1,4,0,11,0,0,0,False,False,False
https://replay.pokemonshowdown.com/gen9randombattle-2273777707-odj2aadrs220nvpmcp04mnegvqljdljpw,ok,p1,123Numerito$,Flapple,Dragon Dance; Hyper Voice; Outrage,,,,False,RANDOM SINGLES,2026-09-28T20:40:59,,329,2,6,1,0,22,1,4,0,11,0,0,0,False,False,False
https://replay.pokemonshowdown.com/gen9randombattle-2273777707-odj2aadrs220nvpmcp04mnegvqljdljpw,ok,p1,123Numerito$,Scrafty,Close Combat; Dragon Dance,Intimidate,,,False,RANDOM SINGLES,2026-09-28T20:40:59,,329,2,6,1,0,22,1,4,0,11,0,0,0,False,False,False
https://replay.pokemonshowdown.com/gen9randombattle-2273777707-odj2aadrs220nvpmcp04mnegvqljdljpw,ok,p1,123Numerito$,Zoroark-Hisui,Bitter Malice,,,,False,RANDOM SINGLES,2026-09-28T20:40:59,Zoroark,329,2,6,1,0,22,1,4,0,11,0,0,0,False,False,False
https://replay.pokemonshowdown.com/gen9randombattle-2273777707-odj2aadrs220nvpmcp04mnegvqljdljpw,ok,p2,bloodycheese,Carbink,Body Press; Iron Defense; Moonblast,,,Fighting,True,RANDOM SINGLES,2026-09-28T20:40:59,,329,6,2,0,1,22,2,1,0,3,2,0,0,True,False,True
https://replay.pokemonshowdown.com/gen9randombattle-2273777707-odj2aadrs220nvpmcp04mnegvqljdljpw,ok,p2,bloodycheese,Skarmory,Body Press; Iron Defense,,,,True,RANDOM SINGLES,2026-09-28T20:40:59,,329,6,2,0,1,22,2,1,0,3,2,0,0,False,False,False
https://replay.pokemonshowdown.com/gen9randombattle-2273777707-odj2aadrs220nvpmcp04mnegvqljdljpw,ok,p2,bloodycheese,Alomomola,Scald,,,,True,RANDOM SINGLES,2026-09-28T20:40:59,,329,6,2,0,1,22,2,1,0,3,2,0,0,False,False,False
https://replay.pokemonshowdown.com/gen9randombattle-2273777707-odj2aadrs220nvpmcp04mnegvqljdljpw,ok,p2,bloodycheese,Basculegion,Flip Turn; Wave Crash,,,,True,RANDOM SINGLES,2026-09-28T20:40:59,,329,6,2,0,1,22,2,1,0,3,2,0,0,False,False,False
https://replay.pokemonshowdown.com/gen9randombattle-2273777707-odj2aadrs220nvpmcp04mnegvqljdljpw,ok,p2,bloodycheese,Orthworm,Heavy Slam,,,,True,RANDOM SINGLES,2026-09-28T20:40:59,,329,6,2,0,1,22,2,1,0,3,2,0,0,False,False,False
https://replay.pokemonshowdown.com/gen9randombattle-2273777707-odj2aadrs220nvpmcp04mnegvqljdljpw,ok,p2,bloodycheese,Porygon2,Discharge,Download,,,True,RANDOM SINGLES,2026-09-28T20:40:59,,329,6,2,0,1,22,2,1,0,3,2,0,0,False,False,False
https://replay.pokemonshowdown.com/gen9randombattle-2278590270-m99rzxvga1eg90jngyrff8gvef0gli1pw,ok,p1,Bloodycheese,Palafin,Close Combat,,Choice Band,Fighting,False,RANDOM SINGLES,2026-09-28T20:41:00,,276,4,6,0,0,17,6,2,2,0,1,0,0,True,False,True
https://replay.pokemonshowdown.com/gen9randombattle-2278590270-m99rzxvga1eg90jngyrff8gvef0gli1pw,ok,p1,Bloodycheese,Garchomp,,,,,False,RANDOM SINGLES,2026-09-28T20:41:00,,276,4,6,0,0,17,6,2,2,0,1,0,0,False,False,False
https://replay.pokemonshowdown.com/gen9randombattle-2278590270-m99rzxvga1eg90jngyrff8gvef0gli1pw,ok,p1,Bloodycheese,Okidogi,Drain Punch; Knock Off,,,,False,RANDOM SINGLES,2026-09-28T20:41:00,,276,4,6,0,0,17,6,2,2,0,1,0,0,False,False,False
https://replay.pokemonshowdown.com/gen9randombattle-2278590270-m99rzxvga1eg90jngyrff8gvef0gli1pw,ok,p1,Bloodycheese,Politoed,Ice Beam; Weather Ball,,,,False,RANDOM SINGLES,2026-09-28T20:41:00,,276,4,6,0,0,17,6,2,2,0,1,0,0,False,False,False
https://replay.pokemonshowdown.com/gen9randombattle-2278590270-m99rzxvga1eg90jngyrff8gvef0gli1pw,ok,p1,Bloodycheese,Ogerpon,,,,,False,RANDOM SINGLES,2026-09-28T20:41:00,,276,4,6,0,0,17,6,2,2,0,1,0,0,False,False,False
https://replay.pokemonshowdown.com/gen9randombattle-2278590270-m99rzxvga1eg90jngyrff8gvef0gli1pw,ok,p1,Bloodycheese,Toxtricity,Overdrive,,,,False,RANDOM SINGLES,2026-09-28T20:41:00,,276,4,6,0,0,17,6,2,2,0,1,0,0,False,False,False
https://replay.pokemonshowdown.com/gen9randombattle-2278590270-m99rzxvga1eg90jngyrff8gvef0gli1pw,ok,p1,Bloodycheese,Palafin-Hero,,,,,False,RANDOM SINGLES,2026-09-28T20:41:00,Palafin,276,4,6,0,0,17,6,2,2,0,1,0,0,False,False,False
https://replay.pokemonshowdown.com/gen9randombattle-2278590270-m99rzxvga1eg90jngyrff8gvef0gli1pw,ok,p2,DracoAxel,Regice,Thunderbolt,,,,True,RANDOM SINGLES,2026-09-28T20:41:00,,276,6,4,0,0,17,3,2,0,0,2,0,0,True,False,False
https://replay.pokemonshowdown.com/gen9randombattle-2278590270-m99rzxvga1eg90jngyrff8gvef0gli1pw,ok,p2,DracoAxel,Furret,Double-Edge,,,,True,RANDOM SINGLES,2026-09-28T20:41:00,,276,6,4,0,0,17,3,2,0,0,2,0,0,False,False,False
https://replay.pokemonshowdown.com/gen9randombattle-2278590270-m99rzxvga1eg90jngyrff8gvef0gli1pw,ok,p2,DracoAxel,Dragapult,Shadow Ball; Thunderbolt,,Choice Specs,,True,RANDOM SINGLES,2026-09-28T20:41:00,,276,6,4,0,0,17,3,2,0,0,2,0,0,False,False,False
https://replay.pokemonshowdown.com/gen9randombattle-2278590270-m99rzxvga1eg90jngyrff8gvef0gli1pw,ok,p2,DracoAxel,Zapdos,Hurricane; Roost; Thunderbolt; U-turn,,,Electric,True,RANDOM SINGLES,2026-09-28T20:41:00,,276,6,4,0,0,17,3,2,0,0,2,0,0,False,False,True
https://replay.pokemonshowdown.com/gen9randombattle-2278590270-m99rzxvga1eg90jngyrff8gvef0gli1pw,ok,p2,DracoAxel,Iron Moth,Fire Blast; Sludge Wave,,,,True,RANDOM SINGLES,2026-09-28T20:41:00,,276,6,4,0,0,17,3,2,0,0,2,0,0,False,False,False
https://replay.pokemonshowdown.com/gen9randombattle-2280631310-pcl4pp0o8fu1o54n4a3gg4z9zsbgueopw,ok,p1,bloodycheese,Farigiraf,Body Slam,Sap Sipper,,,True,RANDOM SINGLES,2026-09-28T20:41:00,,1180,6,1,2,0,24,3,2,0,3,12,0,0,True,False,False
https://replay.pokemonshowdown.com/gen9randombattle-2280631310-pcl4pp0o8fu1o54n4a3gg4z9zsbgueopw,ok,p1,bloodycheese,Piloswine,Icicle Crash; Stealth Rock,,,,True,RANDOM SINGLES,2026-09-28T20:41:00,,1180,6,1,2,0,24,3,2,0,3,12,0,0,False,False,False
https://replay.pokemonshowdown.com/gen9randombattle-2280631310-pcl4pp0o8fu1o54n4a3gg4z9zsbgueopw,ok,p1,bloodycheese,Hatterene,Calm Mind; Draining Kiss; Psyshock; Thunder Wave,,,Steel,True,RANDOM SINGLES,2026-09-28T20:41:00,,1180,6,1,2,0,24,3,2,0,3,12,0,0,False,False,True
https://replay.pokemonshowdown.com/gen9randombattle-2280631310-pcl4pp0o8fu1o54n4a3gg4z9zsbgueopw,ok,p1,bloodycheese,Mismagius,Mystical Fire,,,,True,RANDOM SINGLES,2026-09-28T20:41:00,,1180,6,1,2,0,24,3,2,0,3,12,0,0,False,False,False
https://replay.pokemonshowdown.com/gen9randombattle-2280631310-pcl4pp0o8fu1o54n4a3gg4z9zsbgueopw,ok,p1,bloodycheese,Glalie,Freeze-Dry,,,,True,RANDOM SINGLES,2026-09-28T20:41:00,,1180,6,1,2,0,24,3,2,0,3,12,0,0,False,False,False
https://replay.pokemonshowdown.com/gen9randombattle-2280631310-pcl4pp0o8fu1o54n4a3gg4z9zsbgueopw,ok,p2,ocnarf30,Eelektross,Close Combat; Discharge; Giga Drain,,,Steel,False,RANDOM SINGLES,2026-09-28T20:41:00,,1180,1,6,0,2,24,2,0,0,1,6,0,0,True,False,True
https://replay.pokemonshowdown.com/gen9randombattle-2280631310-pcl4pp0o8fu1o54n4a3gg4z9zsbgueopw,ok,p2,ocnarf30,Delibird,Drill Run; Ice Spinner,,,,False,RANDOM SINGLES,2026-09-28T20:41:00,,1180,1,6,0,2,24,2,0,0,1,6,0,0,False,False,False
https://replay.pokemonshowdown.com/gen9randombattle-2280631310-pcl4pp0o8fu1o54n4a3gg4z9zsbgueopw,ok,p2,ocnarf30,Chansey,Heal Bell; Seismic Toss; Thunder Wave,,,,False,RANDOM SINGLES,2026-09-28T20:41:00,,1180,1,6,0,2,24,2,0,0,1,6,0,0,False,False,False
https://replay.pokemonshowdown.com/gen9randombattle-2280631310-pcl4pp0o8fu1o54n4a3gg4z9zsbgueopw,ok,p2,ocnarf30,Overqwil,Liquidation; Swords Dance,Intimidate,,,False,RANDOM SINGLES,2026-09-28T20:41:00,,1180,1,6,0,2,24,2,0,0,1,6,0,0,False,False,False
https://replay.pokemonshowdown.com/gen9randombattle-2280631310-pcl4pp0o8fu1o54n4a3gg4z9zsbgueopw,ok,p2,ocnarf30,Scovillain,Leech Seed; Substitute,,,,False,RANDOM SINGLES,2026-09-28T20:41:00,,1180,1,6,0,2,24,2,0,0,1,6,0,0,False,False,False
https://replay.pokemonshowdown.com/gen9randombattle-2280631310-pcl4pp0o8fu1o54n4a3gg4z9zsbgueopw,ok,p2,ocnarf30,Alomomola,Protect; Scald,,,,False,RANDOM SINGLES,2026-09-28T20:41:00,,1180,1,6,0,2,24,2,0,0,1,6,0,0,False,False,False
https://replay.pokemonshowdown.com/gen9randombattle-2287935812-kr9h4eebg938cyu03bfh91lxpbylas3pw,ok,p1,trnchi,Pyroar,Work Up,Unnerve,,,False,RANDOM SINGLES,2026-09-28T20:41:01,,572,1,6,0,0,39,0,1,0,18,4,0,0,True,False,False
https://replay.pokemonshowdown.com/gen9randombattle-2287935812-kr9h4eebg938cyu03bfh91lxpbylas3pw,ok,p1,trnchi,Misdreavus,Calm Mind; Draining Kiss; Shadow Ball,,,,False,RANDOM SINGLES,2026-09-28T20:41:01,,572,1,6,0,0,39,0,1,0,18,4,0,0,False,False,False
https://replay.pokemonshowdown.com/gen9randombattle-2287935812-kr9h4eebg938cyu03bfh91lxpbylas3pw,ok,p1,trnchi,Raging Bolt,Draco Meteor; Volt Switch,,,,False,RANDOM SINGLES,2026-09-28T20:41:01,,572,1,6,0,0,39,0,1,0,18,4,0,0,False,False,False
https://replay.pokemonshowdown.com/gen9randombattle-2287935812-kr9h4eebg938cyu03bfh91lxpbylas3pw,ok,p1,trnchi,Chien-Pao,Icicle Crash,Sword of Ruin,,Ice,False,RANDOM SINGLES,2026-09-28T20:41:01,,572,1,6,0,0,39,0,1,0,18,4,0,0,False,False,True
https://replay.pokemonshowdown.com/gen9randombattle-2287935812-kr9h4eebg938cyu03bfh91lxpbylas3pw,ok,p1,trnchi,Slowking-Galar,Psyshock; Sludge Bomb; Thunder Wave,,,,False,RANDOM SINGLES,2026-09-28T20:41:01,Slowking,572,1,6,0,0,39,0,1,0,18,4,0,0,False,False,False
https://replay.pokemonshowdown.com/gen9randombattle-2287935812-kr9h4eebg938cyu03bfh91lxpbylas3pw,ok,p1,trnchi,Kleavor,Stone Axe; X-Scissor,,,,False,RANDOM SINGLES,2026-09-28T20:41:01,,572,1,6,0,0,39,0,1,0,18,4,0,0,False,False,False
https://replay.pokemonshowdown.com/gen9randombattle-2287935812-kr9h4eebg938cyu03bfh91lxpbylas3pw,ok,p2,bloodycheese,Volbeat,Encore; Lunge; Roost; Thunder Wave,,,Water,True,RANDOM SINGLES,2026-09-28T20:41:01,,572,6,1,0,0,39,6,5,2,5,19,0,0,True,False,True
https://replay.pokemonshowdown.com/gen9randombattle-2287935812-kr9h4eebg938cyu03bfh91lxpbylas3pw,ok,p2,bloodycheese,Hippowdon,Curse; Earthquake; Slack Off; Stone Edge,,,,True,RANDOM SINGLES,2026-09-28T20:41:01,,572,6,1,0,0,39,6,5,2,5,19,0,0,False,False,False
https://replay.pokemonshowdown.com/gen9randombattle-2287935812-kr9h4eebg938cyu03bfh91lxpbylas3pw,ok,p2,bloodycheese,Plusle,Alluring Voice,Lightning Rod,,,True,RANDOM SINGLES,2026-09-28T20:41:01,,572,6,1,0,0,39,6,5,2,5,19,0,0,False,False,False
https://replay.pokemonshowdown.com/gen9randombattle-2287935812-kr9h4eebg938cyu03bfh91lxpbylas3pw,ok,p2,bloodycheese,Sylveon,Hyper Voice; Protect,,,,True,RANDOM SINGLES,2026-09-28T20:41:01,,572,6,1,0,0,39,6,5,2,5,19,0,0,False,False,False
https://replay.pokemonshowdown.com/gen9randombattle-2290646571-q6qoc3xgu827f8rsdsyepjc2746ssxppw,ok,p1,bloodycheese,Raikou,Calm Mind; Thunderbolt,Pressure,,,False,RANDOM SINGLES,2026-09-28T20:41:01,,379,5,6,0,2,29,3,1,0,2,3,0,0,True,False,False
https://replay.pokemonshowdown.com/gen9randombattle-2290646571-q6qoc3xgu827f8rsdsyepjc2746ssxppw,ok,p1,bloodycheese,Chansey,Seismic Toss; Soft-Boiled; Stealth Rock; Thunder Wave,,,,False,RANDOM SINGLES,2026-09-28T20:41:01,,379,5,6,0,2,29,3,1,0,2,3,0,0,False,False,False
https://replay.pokemonshowdown.com/gen9randombattle-2290646571-q6qoc3xgu827f8rsdsyepjc2746ssxppw,ok,p1,bloodycheese,Incineroar,Close Combat; Knock Off,Intimidate,Assault Vest,Fighting,False,RANDOM SINGLES,2026-09-28T20:41:01,,379,5,6,0,2,29,3,1,0,2,3,0,0,False,False,True
https://replay.pokemonshowdown.com/gen9randombattle-2290646571-q6qoc3xgu827f8rsdsyepjc2746ssxppw,ok,p1,bloodycheese,Dewgong,Encore; Flip Turn; Surf,,,,False,RANDOM SINGLES,2026-09-28T20:41:01,,379,5,6,0,2,29,3,1,0,2,3,0,0,False,False,False
https://replay.pokemonshowdown.com/gen9randombattle-2290646571-q6qoc3xgu827f8rsdsyepjc2746ssxppw,ok,p1,bloodycheese,Entei,Extreme Speed; Stomping Tantrum,,,,False,RANDOM SINGLES,2026-09-28T20:41:01,,379,5,6,0,2,29,3,1,0,2,3,0,0,False,False,False
https://replay.pokemonshowdown.com/gen9randombattle-2290646571-q6qoc3xgu827f8rsdsyepjc2746ssxppw,ok,p1,bloodycheese,Deoxys,Extreme Speed; Knock Off; Psycho Boost,Pressure,,,False,RANDOM SINGLES,2026-09-28T20:41:01,,379,5,6,0,2,29,3,1,0,2,3,0,0,False,False,False
https://replay.pokemonshowdown.com/gen9randombattle-2290646571-q6qoc3xgu827f8rsdsyepjc2746ssxppw,ok,p2,Chris FPS,Meloetta,Close Combat; Relic Song,,,,True,RANDOM SINGLES,2026-09-28T20:41:01,,379,6,5,2,0,29,0,1,0,8,1,0,0,True,False,False
https://replay.pokemonshowdown.com/gen9randombattle-2290646571-q6qoc3xgu827f8rsdsyepjc2746ssxppw,ok,p2,Chris FPS,Banette,Gunk Shot; Poltergeist; Shadow Sneak; Thunder Wave,,,,True,RANDOM SINGLES,2026-09-28T20:41:01,,379,6,5,2,0,29,0,1,0,8,1,0,0,False,False,False
https://replay.pokemonshowdown.com/gen9randombattle-2290646571-q6qoc3xgu827f8rsdsyepjc2746ssxppw,ok,p2,Chris FPS,Incineroar,Flare Blitz; Knock Off,Intimidate,Heavy-Duty Boots,,True,RANDOM SINGLES,2026-09-28T20:41:01,,379,6,5,2,0,29,0,1,0,8,1,0,0,False,False,False
https://replay.pokemonshowdown.com/gen9randombattle-2290646571-q6qoc3xgu827f8rsdsyepjc2746ssxppw,ok,p2,Chris FPS,Blastoise,Earthquake; Shell Smash,,White Herb,Ground,True,RANDOM SINGLES,2026-09-28T20:41:01,,379,6,5,2,0,29,0,1,0,8,1,0,0,False,False,True
https://replay.pokemonshowdown.com/gen9randombattle-2290646571-q6qoc3xgu827f8rsdsyepjc2746ssxppw,ok,p2,Chris FPS,Typhlosion-Hisui,Calm Mind; Shadow Ball,,Heavy-Duty Boots,,True,RANDOM SINGLES,2026-09-28T20:41:01,Typhlosion,379,6,5,2,0,29,0,1,0,8,1,0,0,False,False,False
https://replay.pokemonshowdown.com/gen9randombattle-2290646571-q6qoc3xgu827f8rsdsyepjc2746ssxppw,ok,p2,Chris FPS,Azumarill,Aqua Jet,,Sitrus Berry,,True,RANDOM SINGLES,2026-09-28T20:41:01,,379,6,5,2,0,29,0,1,0,8,1,0,0,False,False,False
https://replay.pokemonshowdown.com/gen9randombattle-2294884502-i5kafxn2ht42q7opcu31859cx17q3kppw,ok,p1,bloodycheese,Electrode,Foul Play,,,,False,RANDOM SINGLES,2026-09-28T20:41:02,,644,5,6,0,1,26,2,6,0,1,2,0,0,True,False,False
https://replay.pokemonshowdown.com/gen9randombattle-2294884502-i5kafxn2ht42q7opcu31859cx17q3kppw,ok,p1,bloodycheese,Slowbro,Fire Blast; Psychic Noise; Scald,,,,False,RANDOM SINGLES,2026-09-28T20:41:02,,644,5,6,0,1,26,2,6,0,1,2,0,0,False,False,False
https://replay.pokemonshowdown.com/gen9randombattle-2294884502-i5kafxn2ht42q7opcu31859cx17q3kppw,ok,p1,bloodycheese,Toucannon,Beak Blast; Boomburst,,,Steel,False,RANDOM SINGLES,2026-09-28T20:41:02,,644,5,6,0,1,26,2,6,0,1,2,0,0,False,False,True
https://replay.pokemonshowdown.com/gen9randombattle-2294884502-i5kafxn2ht42q7opcu31859cx17q3kppw,ok,p1,bloodycheese,Greedent,Body Slam; Earthquake; Swords Dance,,Sitrus Berry,,False,RANDOM SINGLES,2026-09-28T20:41:02,,644,5,6,0,1,26,2,6,0,1,2,0,0,False,False,False
https://replay.pokemonshowdown.com/gen9randombattle-2294884502-i5kafxn2ht42q7opcu31859cx17q3kppw,ok,p1,bloodycheese,Haxorus,,Mold Breaker,,,False,RANDOM SINGLES,2026-09-28T20:41:02,,644,5,6,0,1,26,2,6,0,1,2,0,0,False,False,False
https://replay.pokemonshowdown.com/gen9randombattle-2294884502-i5kafxn2ht42q7opcu31859cx17q3kppw,ok,p1,bloodycheese,Avalugg,Avalanche; Body Press,,,,False,RANDOM SINGLES,2026-09-28T20:41:02,,644,5,6,0,1,26,2,6,0,1,2,0,0,False,False,False
https://replay.pokemonshowdown.com/gen9randombattle-2294884502-i5kafxn2ht42q7opcu31859cx17q3kppw,ok,p2,chescor49,Mewtwo,Aura Sphere; Psystrike,Unnerve,,,True,RANDOM SINGLES,2026-09-28T20:41:02,,644,6,5,1,0,26,10,2,0,1,6,0,0,True,False,False
https://replay.pokemonshowdown.com/gen9randombattle-2294884502-i5kafxn2ht42q7opcu31859cx17q3kppw,ok,p2,chescor49,Great Tusk,Close Combat; Headlong Rush; Rapid Spin,,,,True,RANDOM SINGLES,2026-09-28T20:41:02,,644,6,5,1,0,26,10,2,0,1,6,0,0,False,False,False
https://replay.pokemonshowdown.com/gen9randombattle-2294884502-i5kafxn2ht42q7opcu31859cx17q3kppw,ok,p2,chescor49,Manaphy,Energy Ball; Surf,,,,True,RANDOM SINGLES,2026-09-28T20:41:02,,644,6,5,1,0,26,10,2,0,1,6,0,0,False,False,False
https://replay.pokemonshowdown.com/gen9randombattle-2294884502-i5kafxn2ht42q7opcu31859cx17q3kppw,ok,p2,chescor49,Zebstrika,High Horsepower; Supercell Slam; Volt Switch,,,,True,RANDOM SINGLES,2026-09-28T20:41:02,,644,6,5,1,0,26,10,2,0,1,6,0,0,False,False,False
https://replay.pokemonshowdown.com/gen9randombattle-2294884502-i5kafxn2ht42q7opcu31859cx17q3kppw,ok,p2,chescor49,Solgaleo,Close Combat,,,,True,RANDOM SINGLES,2026-09-28T20:41:02,,644,6,5,1,0,26,10,2,0,1,6,0,0,False,False,False
https://replay.pokemonshowdown.com/gen9randombattle-2294884502-i5kafxn2ht42q7opcu31859cx17q3kppw,ok,p2,chescor49,Raichu,Tera Blast; Thunderbolt,,,Ice,True,RANDOM SINGLES,2026-09-28T20:41:02,,644,6,5,1,0,26,10,2,0,1,6,0,0,False,False,True
https://replay.pokemonshowdown.com/gen9randombattle-2298311227-4hflx71ktqd5wngbah4o7vwiajataqtpw,ok,p1,Bloodycheese,Spectrier,Shadow Ball,,,,True,RANDOM SINGLES,2026-09-28T20:41:03,,403,6,5,0,1,28,4,4,0,0,0,0,0,True,False,False
https://replay.pokemonshowdown.com/gen9randombattle-2298311227-4hflx71ktqd5wngbah4o7vwiajataqtpw,ok,p1,Bloodycheese,Smeargle,Ceaseless Edge; Spore; Stealth Rock; Sticky Web,,Focus Sash,,True,RANDOM SINGLES,2026-09-28T20:41:03,,403,6,5,0,1,28,4,4,0,0,0,0,0,False,False,False
https://replay.pokemonshowdown.com/gen9randombattle-2298311227-4hflx71ktqd5wngbah4o7vwiajataqtpw,ok,p1,Bloodycheese,Zapdos-Galar,Brave Bird; Close Combat,,,,True,RANDOM SINGLES,2026-09-28T20:41:03,Zapdos,403,6,5,0,1,28,4,4,0,0,0,0,0,False,False,False
https://replay.pokemonshowdown.com/gen9randombattle-2298311227-4hflx71ktqd5wngbah4o7vwiajataqtpw,ok,p1,Bloodycheese,Virizion,Close Combat; Leaf Blade,,,,True,RANDOM SINGLES,2026-09-28T20:41:03,,403,6,5,0,1,28,4,4,0,0,0,0,0,False,False,False
https://replay.pokemonshowdown.com/gen9randombattle-2298311227-4hflx71ktqd5wngbah4o7vwiajataqtpw,ok,p1,Bloodycheese,Staraptor,Close Combat; Quick Attack,,Choice Band,,True,RANDOM SINGLES,2026-09-28T20:41:03,,403,6,5,0,1,28,4,4,0,0,0,0,0,False,False,False
https://replay.pokemonshowdown.com/gen9randombattle-2298311227-4hflx71ktqd5wngbah4o7vwiajataqtpw,ok,p1,Bloodycheese,Mabosstiff,Wild Charge,,Choice Band,,True,RANDOM SINGLES,2026-09-28T20:41:03,,403,6,5,0,1,28,4,4,0,0,0,0,0,False,False,False
https://replay.pokemonshowdown.com/gen9randombattle-2298311227-4hflx71ktqd5wngbah4o7vwiajataqtpw,ok,p2,CrisWWE,Azumarill,Aqua Jet; Belly Drum,,Sitrus Berry,,False,RANDOM SINGLES,2026-09-28T20:41:03,,403,5,6,1,0,28,1,2,0,4,6,0,0,True,False,False
https://replay.pokemonshowdown.com/gen9randombattle-2298311227-4hflx71ktqd5wngbah4o7vwiajataqtpw,ok,p2,CrisWWE,Victreebel,Poison Jab; Sucker Punch,,,,False,RANDOM SINGLES,2026-09-28T20:41:03,,403,5,6,1,0,28,1,2,0,4,6,0,0,False,False,False
https://replay.pokemonshowdown.com/gen9randombattle-2298311227-4hflx71ktqd5wngbah4o7vwiajataqtpw,ok,p2,CrisWWE,Ursaluna-Bloodmoon,Blood Moon; Calm Mind; Earth Power,,,,False,RANDOM SINGLES,2026-09-28T20:41:03,Ursaluna,403,5,6,1,0,28,1,2,0,4,6,0,0,False,False,False
https://replay.pokemonshowdown.com/gen9randombattle-2298311227-4hflx71ktqd5wngbah4o7vwiajataqtpw,ok,p2,CrisWWE,Araquanid,Sticky Web,,,,False,RANDOM SINGLES,2026-09-28T20:41:03,,403,5,6,1,0,28,1,2,0,4,6,0,0,False,False,False
https://replay.pokemonshowdown.com/gen9randombattle-2298311227-4hflx71ktqd5wngbah4o7vwiajataqtpw,ok,p2,CrisWWE,Lokix,Knock Off; Sucker Punch,,,,False,RANDOM SINGLES,2026-09-28T20:41:03,,403,5,6,1,0,28,1,2,0,4,6,0,0,False,False,False
https://replay.pokemonshowdown.com/gen9randombattle-2298311227-4hflx71ktqd5wngbah4o7vwiajataqtpw,ok,p2,CrisWWE,Persian,Fake Out; Knock Off; U-turn,,,Normal,False,RANDOM SINGLES,2026-09-28T20:41:03,,403,5,6,1,0,28,1,2,0,4,6,0,0,False,False,True
https://replay.pokemonshowdown.com/gen9randombattle-2302568305-kvcr5nhgkeo9q2gxyiq98ea3eeuqa6opw,ok,p1,bloodycheese,Skuntank,Gunk Shot; Knock Off,,,,True,RANDOM SINGLES,2026-09-28T20:41:04,,903,6,5,2,2,94,9,2,0,4,24,0,0,True,False,False
https://replay.pokemonshowdown.com/gen9randombattle-2302568305-kvcr5nhgkeo9q2gxyiq98ea3eeuqa6opw,ok,p1,bloodycheese,Cresselia,Calm Mind; Moonblast; Psyshock,,,Fairy,True,RANDOM SINGLES,2026-09-28T20:41:04,,903,6,5,2,2,94,9,2,0,4,24,0,0,False,False,True
https://replay.pokemonshowdown.com/gen9randombattle-2302568305-kvcr5nhgkeo9q2gxyiq98ea3eeuqa6opw,ok,p1,bloodycheese,Skarmory,Body Press; Brave Bird,,,,True,RANDOM SINGLES,2026-09-28T20:41:04,,903,6,5,2,2,94,9,2,0,4,24,0,0,False,False,False
https://replay.pokemonshowdown.com/gen9randombattle-2302568305-kvcr5nhgkeo9q2gxyiq98ea3eeuqa6opw,ok,p1,bloodycheese,Alomomola,Flip Turn; Protect; Scald; Wish,,,,True,RANDOM SINGLES,2026-09-28T20:41:04,,903,6,5,2,2,94,9,2,0,4,24,0,0,False,False,False
https://replay.pokemonshowdown.com/gen9randombattle-2302568305-kvcr5nhgkeo9q2gxyiq98ea3eeuqa6opw,ok,p1,bloodycheese,Registeel,Body Press; Iron Head,,,,True,RANDOM SINGLES,2026-09-28T20:41:04,,903,6,5,2,2,94,9,2,0,4,24,0,0,False,False,False
https://replay.pokemonshowdown.com/gen9randombattle-2302568305-kvcr5nhgkeo9q2gxyiq98ea3eeuqa6opw,ok,p1,bloodycheese,Hitmonlee,Mach Punch,,,,True,RANDOM SINGLES,2026-09-28T20:41:04,,903,6,5,2,2,94,9,2,0,4,24,0,0,False,False,False
https://replay.pokemonshowdown.com/gen9randombattle-2302568305-kvcr5nhgkeo9q2gxyiq98ea3eeuqa6opw,ok,p2,Chris FPS,Espeon,Calm Mind; Psyshock,,,Psychic,False,RANDOM SINGLES,2026-09-28T20:41:04,,903,5,6,2,2,94,5,13,0,7,66,0,0,True,False,True
https://replay.pokemonshowdown.com/gen9randombattle-2302568305-kvcr5nhgkeo9q2gxyiq98ea3eeuqa6opw,ok,p2,Chris FPS,Dedenne,Thunderbolt,,Sitrus Berry,,False,RANDOM SINGLES,2026-09-28T20:41:04,,903,5,6,2,2,94,5,13,0,7,66,0,0,False,False,False
https://replay.pokemonshowdown.com/gen9randombattle-2302568305-kvcr5nhgkeo9q2gxyiq98ea3eeuqa6opw,ok,p2,Chris FPS,Dugtrio,Earthquake; Stone Edge; Swords Dance,,,,False,RANDOM SINGLES,2026-09-28T20:41:04,,903,5,6,2,2,94,5,13,0,7,66,0,0,False,False,False
https://replay.pokemonshowdown.com/gen9randombattle-2302568305-kvcr5nhgkeo9q2gxyiq98ea3eeuqa6opw,ok,p2,Chris FPS,Excadrill,Earthquake; Iron Head,Mold Breaker,,,False,RANDOM SINGLES,2026-09-28T20:41:04,,903,5,6,2,2,94,5,13,0,7,66,0,0,False,False,False
https://replay.pokemonshowdown.com/gen9randombattle-2302568305-kvcr5nhgkeo9q2gxyiq98ea3eeuqa6opw,ok,p2,Chris FPS,Wigglytuff,Dazzling Gleam; Fire Blast; Protect; Wish,,,,False,RANDOM SINGLES,2026-09-28T20:41:04,,903,5,6,2,2,94,5,13,0,7,66,0,0,False,False,False
https://replay.pokemonshowdown.com/gen9randombattle-2302568305-kvcr5nhgkeo9q2gxyiq98ea3eeuqa6opw,ok,p2,Chris FPS,Malamar,Superpower,,,,False,RANDOM SINGLES,2026-09-28T20:41:04,,903,5,6,2,2,94,5,13,0,7,66,0,0,False,False,False
https://replay.pokemonshowdown.com/gen9randombattle-2302819986-9brm09rxdyunoovgnn9mmw26xj321rnpw,ok,p1,bloodycheese,Necrozma-Dawn-Wings,,,Life Orb,,True,RANDOM SINGLES,2026-09-28T20:41:04,Necrozma,501,6,5,0,1,23,3,3,0,0,0,0,0,True,False,False
https://replay.pokemonshowdown.com/gen9randombattle-2302819986-9brm09rxdyunoovgnn9mmw26xj321rnpw,ok,p1,bloodycheese,Lanturn,Scald,,Heavy-Duty Boots,,True,RANDOM SINGLES,2026-09-28T20:41:04,,501,6,5,0,1,23,3,3,0,0,0,0,0,False,False,False
https://replay.pokemonshowdown.com/gen9randombattle-2302819986-9brm09rxdyunoovgnn9mmw26xj321rnpw,ok,p1,bloodycheese,Overqwil,Aqua Jet; Gunk Shot,Intimidate,Choice Band,Water,True,RANDOM SINGLES,2026-09-28T20:41:04,,501,6,5,0,1,23,3,3,0,0,0,0,0,False,False,True
https://replay.pokemonshowdown.com/gen9randombattle-2302819986-9brm09rxdyunoovgnn9mmw26xj321rnpw,ok,p1,bloodycheese,Delphox,Grass Knot; Psyshock,,,,True,RANDOM SINGLES,2026-09-28T20:41:04,,501,6,5,0,1,23,3,3,0,0,0,0,0,False,False,False
https://replay.pokemonshowdown.com/gen9randombattle-2302819986-9brm09rxdyunoovgnn9mmw26xj321rnpw,ok,p1,bloodycheese,Regice,Ice Beam; Thunderbolt,,,,True,RANDOM SINGLES,2026-09-28T20:41:04,,501,6,5,0,1,23,3,3,0,0,0,0,0,False,False,False
https://replay.pokemonshowdown.com/gen9randombattle-2302819986-9brm09rxdyunoovgnn9mmw26xj321rnpw,ok,p1,bloodycheese,Victreebel,Power Whip; Sleep Powder; Sludge Wave,,,,True,RANDOM SINGLES,2026-09-28T20:41:04,,501,6,5,0,1,23,3,3,0,0,0,0,0,False,False,False
https://replay.pokemonshowdown.com/gen9randombattle-2302819986-9brm09rxdyunoovgnn9mmw26xj321rnpw,ok,p2,Alphonse_gg,Hitmonchan,Knock Off; Swords Dance,,,,False,RANDOM SINGLES,2026-09-28T20:41:04,,501,5,6,1,0,23,3,2,0,5,1,0,0,True,False,False
https://replay.pokemonshowdown.com/gen9randombattle-2302819986-9brm09rxdyunoovgnn9mmw26xj321rnpw,ok,p2,Alphonse_gg,Dodrio,Double-Edge; Drill Run; Swords Dance,,,,False,RANDOM SINGLES,2026-09-28T20:41:04,,501,5,6,1,0,23,3,2,0,5,1,0,0,False,False,False
https://replay.pokemonshowdown.com/gen9randombattle-2302819986-9brm09rxdyunoovgnn9mmw26xj321rnpw,ok,p2,Alphonse_gg,Quaquaval,Close Combat,Moxie,,,False,RANDOM SINGLES,2026-09-28T20:41:04,,501,5,6,1,0,23,3,2,0,5,1,0,0,False,False,False
https://replay.pokemonshowdown.com/gen9randombattle-2302819986-9brm09rxdyunoovgnn9mmw26xj321rnpw,ok,p2,Alphonse_gg,Excadrill,Rapid Spin; Swords Dance,Mold Breaker,,,False,RANDOM SINGLES,2026-09-28T20:41:04,,501,5,6,1,0,23,3,2,0,5,1,0,0,False,False,False
https://replay.pokemonshowdown.com/gen9randombattle-2302819986-9brm09rxdyunoovgnn9mmw26xj321rnpw,ok,p2,Alphonse_gg,Dachsbun,Play Rough,,,,False,RANDOM SINGLES,2026-09-28T20:41:04,,501,5,6,1,0,23,3,2,0,5,1,0,0,False,False,False
https://replay.pokemonshowdown.com/gen9randombattle-2302819986-9brm09rxdyunoovgnn9mmw26xj321rnpw,ok,p2,Alphonse_gg,Rhyperior,Stone Edge,,,Dragon,False,RANDOM SINGLES,2026-09-28T20:41:04,,501,5,6,1,0,23,3,2,0,5,1,0,0,False,False,True
https://replay.pokemonshowdown.com/gen9randombattle-2303921885-abtq91yrsva14t2anq0gssbmicbxv8ypw,ok,p1,bloodycheese,Weavile,Knock Off,,,,True,RANDOM SINGLES,2026-09-28T20:41:05,,331,6,2,1,0,22,4,3,0,8,5,0,0,True,False,False
https://replay.pokemonshowdown.com/gen9randombattle-2303921885-abtq91yrsva14t2anq0gssbmicbxv8ypw,ok,p1,bloodycheese,Magcargo,Fire Blast; Power Gem; Shell Smash,Weak Armor,Heavy-Duty Boots,Dragon,True,RANDOM SINGLES,2026-09-28T20:41:05,,331,6,2,1,0,22,4,3,0,8,5,0,0,False,False,True
https://replay.pokemonshowdown.com/gen9randombattle-2303921885-abtq91yrsva14t2anq0gssbmicbxv8ypw,ok,p1,bloodycheese,Dedenne,U-turn,,Sitrus Berry,,True,RANDOM SINGLES,2026-09-28T20:41:05,,331,6,2,1,0,22,4,3,0,8,5,0,0,False,False,False
https://replay.pokemonshowdown.com/gen9randombattle-2303921885-abtq91yrsva14t2anq0gssbmicbxv8ypw,ok,p1,bloodycheese,Heracross,Close Combat; Knock Off; Trailblaze,,,,True,RANDOM SINGLES,2026-09-28T20:41:05,,331,6,2,1,0,22,4,3,0,8,5,0,0,False,False,False
https://replay.pokemonshowdown.com/gen9randombattle-2303921885-abtq91yrsva14t2anq0gssbmicbxv8ypw,ok,p1,bloodycheese,Mismagius,Nasty Plot; Shadow Ball; Thunderbolt,,Leftovers,,True,RANDOM SINGLES,2026-09-28T20:41:05,,331,6,2,1,0,22,4,3,0,8,5,0,0,False,False,False
https://replay.pokemonshowdown.com/gen9randombattle-2303921885-abtq91yrsva14t2anq0gssbmicbxv8ypw,ok,p2,Darkoir,Azelf,,,Life Orb,,False,RANDOM SINGLES,2026-09-28T20:41:05,,331,2,6,0,1,22,0,1,0,0,5,0,0,True,False,False
https://replay.pokemonshowdown.com/gen9randombattle-2303921885-abtq91yrsva14t2anq0gssbmicbxv8ypw,ok,p2,Darkoir,Incineroar,Knock Off; Parting Shot,Intimidate,Heavy-Duty Boots,,False,RANDOM SINGLES,2026-09-28T20:41:05,,331,2,6,0,1,22,0,1,0,0,5,0,0,False,False,False
https://replay.pokemonshowdown.com/gen9randombattle-2303921885-abtq91yrsva14t2anq0gssbmicbxv8ypw,ok,p2,Darkoir,Dusknoir,Earthquake; Poltergeist,,,,False,RANDOM SINGLES,2026-09-28T20:41:05,,331,2,6,0,1,22,0,1,0,0,5,0,0,False,False,False
https://replay.pokemonshowdown.com/gen9randombattle-2303921885-abtq91yrsva14t2anq0gssbmicbxv8ypw,ok,p2,Darkoir,Muk-Alola,,,,,False,RANDOM SINGLES,2026-09-28T20:41:05,Muk,331,2,6,0,1,22,0,1,0,0,5,0,0,False,False,False
https://replay.pokemonshowdown.com/gen9randombattle-2303921885-abtq91yrsva14t2anq0gssbmicbxv8ypw,ok,p2,Darkoir,Regigigas,Body Slam,,Leftovers,Ghost,False,RANDOM SINGLES,2026-09-28T20:41:05,,331,2,6,0,1,22,0,1,0,0,5,0,0,False,False,True
https://replay.pokemonshowdown.com/gen9randombattle-2303921885-abtq91yrsva14t2anq0gssbmicbxv8ypw,ok,p2,Darkoir,Appletun,Apple Acid; Leech Seed; Recover,,,,False,RANDOM SINGLES,2026-09-28T20:41:05,,331,2,6,0,1,22,0,1,0,0,5,0,0,False,False,False
https://replay.pokemonshowdown.com/gen9nationaldex-2306575056-3qi51ll3wf72sj7o3wdfepn4wity8i2pw,ok,p1,bloodycheese,Pelipper,Hurricane,,,,True,NAT DEX,2026-09-28T20:41:06,,452,6,4,2,0,24,12,0,2,1,0,0,0,True,False,False
https://replay.pokemonshowdown.com/gen9nationaldex-2306575056-3qi51ll3wf72sj7o3wdfepn4wity8i2pw,ok,p1,bloodycheese,Swampert,Ice Punch,,,,True,NAT DEX,2026-09-28T20:41:06,,452,6,4,2,0,24,12,0,2,1,0,0,0,False,True,False
https://replay.pokemonshowdown.com/gen9nationaldex-2306575056-3qi51ll3wf72sj7o3wdfepn4wity8i2pw,ok,p1,bloodycheese,Latios,Draco Meteor; Luster Purge,,,,True,NAT DEX,2026-09-28T20:41:06,,452,6,4,2,0,24,12,0,2,1,0,0,0,False,False,False
https://replay.pokemonshowdown.com/gen9nationaldex-2306575056-3qi51ll3wf72sj7o3wdfepn4wity8i2pw,ok,p1,bloodycheese,Breloom,Bullet Seed; Spore; Swords Dance,,Focus Sash,,True,NAT DEX,2026-09-28T20:41:06,,452,6,4,2,0,24,12,0,2,1,0,0,0,False,False,False
https://replay.pokemonshowdown.com/gen9nationaldex-2306575056-3qi51ll3wf72sj7o3wdfepn4wity8i2pw,ok,p1,bloodycheese,Ludicolo,,,,,True,NAT DEX,2026-09-28T20:41:06,,452,6,4,2,0,24,12,0,2,1,0,0,0,False,False,False
https://replay.pokemonshowdown.com/gen9nationaldex-2306575056-3qi51ll3wf72sj7o3wdfepn4wity8i2pw,ok,p1,bloodycheese,Metagross,Bullet Punch; Ice Punch; Knock Off,,,,True,NAT DEX,2026-09-28T20:41:06,,452,6,4,2,0,24,12,0,2,1,0,0,0,False,False,False
https://replay.pokemonshowdown.com/gen9nationaldex-2306575056-3qi51ll3wf72sj7o3wdfepn4wity8i2pw,ok,p2,Porygon Anty-Z,Milotic,Flip Turn; Recover; Toxic,,,,False,NAT DEX,2026-09-28T20:41:06,,452,4,6,0,2,24,4,0,0,7,3,0,0,False,False,False
https://replay.pokemonshowdown.com/gen9nationaldex-2306575056-3qi51ll3wf72sj7o3wdfepn4wity8i2pw,ok,p2,Porygon Anty-Z,Salamence,Earthquake,Moxie,,,False,NAT DEX,2026-09-28T20:41:06,,452,4,6,0,2,24,4,0,0,7,3,0,0,True,False,False
https://replay.pokemonshowdown.com/gen9nationaldex-2306575056-3qi51ll3wf72sj7o3wdfepn4wity8i2pw,ok,p2,Porygon Anty-Z,Blaziken,,,,,False,NAT DEX,2026-09-28T20:41:06,,452,4,6,0,2,24,4,0,0,7,3,0,0,False,False,False
https://replay.pokemonshowdown.com/gen9nationaldex-2306575056-3qi51ll3wf72sj7o3wdfepn4wity8i2pw,ok,p2,Porygon Anty-Z,Latias,Calm Mind; Recover; Stored Power,,,,False,NAT DEX,2026-09-28T20:41:06,,452,4,6,0,2,24,4,0,0,7,3,0,0,False,True,False
https://replay.pokemonshowdown.com/gen9nationaldex-2306575056-3qi51ll3wf72sj7o3wdfepn4wity8i2pw,ok,p2,Porygon Anty-Z,Dusclops,Hex; Will-O-Wisp,Pressure,Covert Cloak,,False,NAT DEX,2026-09-28T20:41:06,,452,4,6,0,2,24,4,0,0,7,3,0,0,False,False,False
https://replay.pokemonshowdown.com/gen9nationaldex-2306575056-3qi51ll3wf72sj7o3wdfepn4wity8i2pw,ok,p2,Porygon Anty-Z,Flygon,U-turn,,,,False,NAT DEX,2026-09-28T20:41:06,,452,4,6,0,2,24,4,0,0,7,3,0,0,False,False,False
https://replay.pokemonshowdown.com/gen9nationaldex-2311263801-55k7owb2drs2p2qli8nywdu22sa9y11pw,ok,p1,bloodycheese,Pelipper,Hurricane,,,,True,NAT DEX,2026-09-28T20:41:06,,471,6,1,0,0,22,4,3,1,6,2,0,0,True,False,False
https://replay.pokemonshowdown.com/gen9nationaldex-2311263801-55k7owb2drs2p2qli8nywdu22sa9y11pw,ok,p1,bloodycheese,Swampert,,,,,True,NAT DEX,2026-09-28T20:41:06,,471,6,1,0,0,22,4,3,1,6,2,0,0,False,False,False
https://replay.pokemonshowdown.com/gen9nationaldex-2311263801-55k7owb2drs2p2qli8nywdu22sa9y11pw,ok,p1,bloodycheese,Latios,Calm Mind; Luster Purge; Mystical Fire,,,,True,NAT DEX,2026-09-28T20:41:06,,471,6,1,0,0,22,4,3,1,6,2,0,0,False,False,False
https://replay.pokemonshowdown.com/gen9nationaldex-2311263801-55k7owb2drs2p2qli8nywdu22sa9y11pw,ok,p1,bloodycheese,Breloom,,,,,True,NAT DEX,2026-09-28T20:41:06,,471,6,1,0,0,22,4,3,1,6,2,0,0,False,False,False
https://replay.pokemonshowdown.com/gen9nationaldex-2311263801-55k7owb2drs2p2qli8nywdu22sa9y11pw,ok,p1,bloodycheese,Ludicolo,Giga Drain; Scald,,Life Orb,,True,NAT DEX,2026-09-28T20:41:06,,471,6,1,0,0,22,4,3,1,6,2,0,0,False,False,False
https://replay.pokemonshowdown.com/gen9nationaldex-2311263801-55k7owb2drs2p2qli8nywdu22sa9y11pw,ok,p1,bloodycheese,Metagross,,,,,True,NAT DEX,2026-09-28T20:41:06,,471,6,1,0,0,22,4,3,1,6,2,0,0,False,False,False
https://replay.pokemonshowdown.com/gen9nationaldex-2311263801-55k7owb2drs2p2qli8nywdu22sa9y11pw,ok,p2,JuanJau,Gardevoir,,,,,False,NAT DEX,2026-09-28T20:41:06,,471,1,6,0,0,22,0,3,0,3,2,0,0,False,False,False
https://replay.pokemonshowdown.com/gen9nationaldex-2311263801-55k7owb2drs2p2qli8nywdu22sa9y11pw,ok,p2,JuanJau,Dusclops,Night Shade; Pain Split,,,,False,NAT DEX,2026-09-28T20:41:06,,471,1,6,0,0,22,0,3,0,3,2,0,0,False,False,False
https://replay.pokemonshowdown.com/gen9nationaldex-2311263801-55k7owb2drs2p2qli8nywdu22sa9y11pw,ok,p2,JuanJau,Registeel,Body Press; Rest; Stealth Rock,,Chesto Berry,,False,NAT DEX,2026-09-28T20:41:06,,471,1,6,0,0,22,0,3,0,3,2,0,0,False,False,False
https://replay.pokemonshowdown.com/gen9nationaldex-2311263801-55k7owb2drs2p2qli8nywdu22sa9y11pw,ok,p2,JuanJau,Flygon,,,,,False,NAT DEX,2026-09-28T20:41:06,,471,1,6,0,0,22,0,3,0,3,2,0,0,False,False,False
https://replay.pokemonshowdown.com/gen9nationaldex-2311263801-55k7owb2drs2p2qli8nywdu22sa9y11pw,ok,p2,JuanJau,Milotic,Coil; Hypnosis; Recover; Scald,,,,False,NAT DEX,2026-09-28T20:41:06,,471,1,6,0,0,22,0,3,0,3,2,0,0,True,False,False
https://replay.pokemonshowdown.com/gen9nationaldex-2311263801-55k7owb2drs2p2qli8nywdu22sa9y11pw,ok,p2,JuanJau,Blaziken,,,,,False,NAT DEX,2026-09-28T20:41:06,,471,1,6,0,0,22,0,3,0,3,2,0,0,False,False,False
https://replay.pokemonshowdown.com/gen9nationaldex-2316123587-a1fr118ea261saytsi5x78cc2gjltmqpw,ok,p1,labiamg,Milotic,Ice Beam,,,,True,NAT DEX,2026-09-28T20:41:07,,546,6,4,0,0,21,8,1,0,1,3,0,0,False,False,False
https://replay.pokemonshowdown.com/gen9nationaldex-2316123587-a1fr118ea261saytsi5x78cc2gjltmqpw,ok,p1,labiamg,Latios,Devastating Drake,,,,True,NAT DEX,2026-09-28T20:41:07,,546,6,4,0,0,21,8,1,0,1,3,0,0,False,False,False
https://replay.pokemonshowdown.com/gen9nationaldex-2316123587-a1fr118ea261saytsi5x78cc2gjltmqpw,ok,p1,labiamg,Salamence,Crunch; Dragon Claw; Dual Wingbeat,Intimidate,,,True,NAT DEX,2026-09-28T20:41:07,,546,6,4,0,0,21,8,1,0,1,3,0,0,True,False,False
https://replay.pokemonshowdown.com/gen9nationaldex-2316123587-a1fr118ea261saytsi5x78cc2gjltmqpw,ok,p1,labiamg,Blaziken,Fire Punch,Speed Boost,Focus Sash,,True,NAT DEX,2026-09-28T20:41:07,,546,6,4,0,0,21,8,1,0,1,3,0,0,False,False,False
https://replay.pokemonshowdown.com/gen9nationaldex-2316123587-a1fr118ea261saytsi5x78cc2gjltmqpw,ok,p1,labiamg,Gardevoir,Moonblast,Swift Swim,,,True,NAT DEX,2026-09-28T20:41:07,,546,6,4,0,0,21,8,1,0,1,3,0,0,False,True,False
https://replay.pokemonshowdown.com/gen9nationaldex-2316123587-a1fr118ea261saytsi5x78cc2gjltmqpw,ok,p1,labiamg,Metagross,,,,,True,NAT DEX,2026-09-28T20:41:07,,546,6,4,0,0,21,8,1,0,1,3,0,0,False,False,False
https://replay.pokemonshowdown.com/gen9nationaldex-2316123587-a1fr118ea261saytsi5x78cc2gjltmqpw,ok,p2,bloodycheese,Pelipper,Hurricane,,,,False,NAT DEX,2026-09-28T20:41:07,,546,4,6,0,0,21,2,5,1,0,0,0,0,True,False,False
https://replay.pokemonshowdown.com/gen9nationaldex-2316123587-a1fr118ea261saytsi5x78cc2gjltmqpw,ok,p2,bloodycheese,Swampert,Waterfall,,,,False,NAT DEX,2026-09-28T20:41:07,,546,4,6,0,0,21,2,5,1,0,0,0,0,False,True,False
https://replay.pokemonshowdown.com/gen9nationaldex-2316123587-a1fr118ea261saytsi5x78cc2gjltmqpw,ok,p2,bloodycheese,Latios,Draco Meteor; Luster Purge; Mystical Fire,,,,False,NAT DEX,2026-09-28T20:41:07,,546,4,6,0,0,21,2,5,1,0,0,0,0,False,False,False
https://replay.pokemonshowdown.com/gen9nationaldex-2316123587-a1fr118ea261saytsi5x78cc2gjltmqpw,ok,p2,bloodycheese,Breloom,Mach Punch,,Focus Sash,,False,NAT DEX,2026-09-28T20:41:07,,546,4,6,0,0,21,2,5,1,0,0,0,0,False,False,False
https://replay.pokemonshowdown.com/gen9nationaldex-2316123587-a1fr118ea261saytsi5x78cc2gjltmqpw,ok,p2,bloodycheese,Ludicolo,,,,,False,NAT DEX,2026-09-28T20:41:07,,546,4,6,0,0,21,2,5,1,0,0,0,0,False,False,False
https://replay.pokemonshowdown.com/gen9nationaldex-2316123587-a1fr118ea261saytsi5x78cc2gjltmqpw,ok,p2,bloodycheese,Metagross,Bullet Punch; Earthquake,,,,False,NAT DEX,2026-09-28T20:41:07,,546,4,6,0,0,21,2,5,1,0,0,0,0,False,False,False
https://replay.pokemonshowdown.com/gen9nationaldex-2321246919-r73vqtkf2kgn4299y8fdt5vyw78jh80pw,ok,p1,CaradeCoso,Milotic,Recover; Scald; Toxic,,Flame Orb,,False,NAT DEX,2026-09-28T20:41:08,,437,2,6,0,1,19,0,5,0,2,2,0,0,False,False,False
https://replay.pokemonshowdown.com/gen9nationaldex-2321246919-r73vqtkf2kgn4299y8fdt5vyw78jh80pw,ok,p1,CaradeCoso,Medicham,Psycho Cut,,,,False,NAT DEX,2026-09-28T20:41:08,,437,2,6,0,1,19,0,5,0,2,2,0,0,False,True,False
https://replay.pokemonshowdown.com/gen9nationaldex-2321246919-r73vqtkf2kgn4299y8fdt5vyw78jh80pw,ok,p1,CaradeCoso,Blaziken,Hidden Power; Protect,Speed Boost,,,False,NAT DEX,2026-09-28T20:41:08,,437,2,6,0,1,19,0,5,0,2,2,0,0,False,False,False
https://replay.pokemonshowdown.com/gen9nationaldex-2321246919-r73vqtkf2kgn4299y8fdt5vyw78jh80pw,ok,p1,CaradeCoso,Metagross,Ice Punch,,,,False,NAT DEX,2026-09-28T20:41:08,,437,2,6,0,1,19,0,5,0,2,2,0,0,False,False,False
https://replay.pokemonshowdown.com/gen9nationaldex-2321246919-r73vqtkf2kgn4299y8fdt5vyw78jh80pw,ok,p1,CaradeCoso,Swellow,Boomburst,,,,False,NAT DEX,2026-09-28T20:41:08,,437,2,6,0,1,19,0,5,0,2,2,0,0,True,False,False
https://replay.pokemonshowdown.com/gen9nationaldex-2321246919-r73vqtkf2kgn4299y8fdt5vyw78jh80pw,ok,p1,CaradeCoso,Sableye,Encore,,,,False,NAT DEX,2026-09-28T20:41:08,,437,2,6,0,1,19,0,5,0,2,2,0,0,False,False,False
https://replay.pokemonshowdown.com/gen9nationaldex-2321246919-r73vqtkf2kgn4299y8fdt5vyw78jh80pw,ok,p2,bloodycheese,Pelipper,Hurricane,,,,True,NAT DEX,2026-09-28T20:41:08,,437,6,2,1,0,19,3,2,2,2,2,0,0,True,False,False
https://replay.pokemonshowdown.com/gen9nationaldex-2321246919-r73vqtkf2kgn4299y8fdt5vyw78jh80pw,ok,p2,bloodycheese,Swampert,,,,,True,NAT DEX,2026-09-28T20:41:08,,437,6,2,1,0,19,3,2,2,2,2,0,0,False,False,False
https://replay.pokemonshowdown.com/gen9nationaldex-2321246919-r73vqtkf2kgn4299y8fdt5vyw78jh80pw,ok,p2,bloodycheese,Latios,Calm Mind; Luster Purge; Mystical Fire,,,,True,NAT DEX,2026-09-28T20:41:08,,437,6,2,1,0,19,3,2,2,2,2,0,0,False,False,False
https://replay.pokemonshowdown.com/gen9nationaldex-2321246919-r73vqtkf2kgn4299y8fdt5vyw78jh80pw,ok,p2,bloodycheese,Breloom,,,,,True,NAT DEX,2026-09-28T20:41:08,,437,6,2,1,0,19,3,2,2,2,2,0,0,False,False,False
https://replay.pokemonshowdown.com/gen9nationaldex-2321246919-r73vqtkf2kgn4299y8fdt5vyw78jh80pw,ok,p2,bloodycheese,Ludicolo,Giga Drain,,,,True,NAT DEX,2026-09-28T20:41:08,,437,6,2,1,0,19,3,2,2,2,2,0,0,False,False,False
https://replay.pokemonshowdown.com/gen9nationaldex-2321246919-r73vqtkf2kgn4299y8fdt5vyw78jh80pw,ok,p2,bloodycheese,Metagross,Bullet Punch; Earthquake; Ice Punch; Knock Off,,,,True,NAT DEX,2026-09-28T20:41:08,,437,6,2,1,0,19,3,2,2,2,2,0,0,False,False,False
https://replay.pokemonshowdown.com/gen9nationaldex-2326765603-cwu4vajylr36b4t3adykf03pxr380ycpw,ok,p1,bloodycheese,Pelipper,Defog; Weather Ball,,Damp Rock,,True,NAT DEX,2026-09-28T20:41:08,,443,6,3,1,1,19,6,0,2,0,0,0,0,True,False,False
https://replay.pokemonshowdown.com/gen9nationaldex-2326765603-cwu4vajylr36b4t3adykf03pxr380ycpw,ok,p1,bloodycheese,Swampert,Earthquake; Ice Punch,,,,True,NAT DEX,2026-09-28T20:41:08,,443,6,3,1,1,19,6,0,2,0,0,0,0,False,True,False
https://replay.pokemonshowdown.com/gen9nationaldex-2326765603-cwu4vajylr36b4t3adykf03pxr380ycpw,ok,p1,bloodycheese,Latios,,,,,True,NAT DEX,2026-09-28T20:41:08,,443,6,3,1,1,19,6,0,2,0,0,0,0,False,False,False
https://replay.pokemonshowdown.com/gen9nationaldex-2326765603-cwu4vajylr36b4t3adykf03pxr380ycpw,ok,p1,bloodycheese,Breloom,Mach Punch,,,,True,NAT DEX,2026-09-28T20:41:08,,443,6,3,1,1,19,6,0,2,0,0,0,0,False,False,False
https://replay.pokemonshowdown.com/gen9nationaldex-2326765603-cwu4vajylr36b4t3adykf03pxr380ycpw,ok,p1,bloodycheese,Ludicolo,Scald,,,,True,NAT DEX,2026-09-28T20:41:08,,443,6,3,1,1,19,6,0,2,0,0,0,0,False,False,False
https://replay.pokemonshowdown.com/gen9nationaldex-2326765603-cwu4vajylr36b4t3adykf03pxr380ycpw,ok,p1,bloodycheese,Metagross,Bullet Punch; Earthquake; Ice Punch; Knock Off,,Assault Vest,,True,NAT DEX,2026-09-28T20:41:08,,443,6,3,1,1,19,6,0,2,0,0,0,0,False,False,False
https://replay.pokemonshowdown.com/gen9nationaldex-2326765603-cwu4vajylr36b4t3adykf03pxr380ycpw,ok,p2,JaLax06,Registeel,Explosion; Stealth Rock,,Normal Gem,,False,NAT DEX,2026-09-28T20:41:08,,443,3,6,1,1,19,3,2,0,2,0,0,0,False,False,False
https://replay.pokemonshowdown.com/gen9nationaldex-2326765603-cwu4vajylr36b4t3adykf03pxr380ycpw,ok,p2,JaLax06,Salamence,Dragon Dance,,,,False,NAT DEX,2026-09-28T20:41:08,,443,3,6,1,1,19,3,2,0,2,0,0,0,False,False,False
https://replay.pokemonshowdown.com/gen9nationaldex-2326765603-cwu4vajylr36b4t3adykf03pxr380ycpw,ok,p2,JaLax06,Manectric,,Intimidate,,,False,NAT DEX,2026-09-28T20:41:08,,443,3,6,1,1,19,3,2,0,2,0,0,0,False,True,False
https://replay.pokemonshowdown.com/gen9nationaldex-2326765603-cwu4vajylr36b4t3adykf03pxr380ycpw,ok,p2,JaLax06,Masquerain,Air Slash; Sticky Web,Intimidate,Focus Sash,,False,NAT DEX,2026-09-28T20:41:08,,443,3,6,1,1,19,3,2,0,2,0,0,0,False,False,False
https://replay.pokemonshowdown.com/gen9nationaldex-2326765603-cwu4vajylr36b4t3adykf03pxr380ycpw,ok,p2,JaLax06,Sceptile,Dragon Pulse; Leaf Storm,,White Herb,,False,NAT DEX,2026-09-28T20:41:08,,443,3,6,1,1,19,3,2,0,2,0,0,0,True,False,False
https://replay.pokemonshowdown.com/gen9nationaldex-2326765603-cwu4vajylr36b4t3adykf03pxr380ycpw,ok,p2,JaLax06,Sableye,Knock Off; Protect; Taunt,,,,False,NAT DEX,2026-09-28T20:41:08,,443,3,6,1,1,19,3,2,0,2,0,0,0,False,False,False
https://replay.pokemonshowdown.com/gen9nationaldex-2330614801-utrya7q13xcwfagjxhjwbeh693yb18fpw,ok,p1,bloodycheese,Pelipper,Hurricane; Roost; Weather Ball,,,,False,NAT DEX,2026-09-28T20:41:09,,665,4,6,1,0,37,2,7,3,0,2,0,0,False,False,False
https://replay.pokemonshowdown.com/gen9nationaldex-2330614801-utrya7q13xcwfagjxhjwbeh693yb18fpw,ok,p1,bloodycheese,Swampert,Flip Turn; Waterfall,,,,False,NAT DEX,2026-09-28T20:41:09,,665,4,6,1,0,37,2,7,3,0,2,0,0,False,True,False
https://replay.pokemonshowdown.com/gen9nationaldex-2330614801-utrya7q13xcwfagjxhjwbeh693yb18fpw,ok,p1,bloodycheese,Latios,Draco Meteor; Luster Purge; Mystical Fire,,,,False,NAT DEX,2026-09-28T20:41:09,,665,4,6,1,0,37,2,7,3,0,2,0,0,True,False,False
https://replay.pokemonshowdown.com/gen9nationaldex-2330614801-utrya7q13xcwfagjxhjwbeh693yb18fpw,ok,p1,bloodycheese,Breloom,Bullet Seed,,,,False,NAT DEX,2026-09-28T20:41:09,,665,4,6,1,0,37,2,7,3,0,2,0,0,False,False,False
https://replay.pokemonshowdown.com/gen9nationaldex-2330614801-utrya7q13xcwfagjxhjwbeh693yb18fpw,ok,p1,bloodycheese,Ludicolo,Giga Drain; Ice Beam; Rain Dance; Scald,,,,False,NAT DEX,2026-09-28T20:41:09,,665,4,6,1,0,37,2,7,3,0,2,0,0,False,False,False
https://replay.pokemonshowdown.com/gen9nationaldex-2330614801-utrya7q13xcwfagjxhjwbeh693yb18fpw,ok,p1,bloodycheese,Metagross,Bullet Punch; Knock Off,,,,False,NAT DEX,2026-09-28T20:41:09,,665,4,6,1,0,37,2,7,3,0,2,0,0,False,False,False
https://replay.pokemonshowdown.com/gen9nationaldex-2330614801-utrya7q13xcwfagjxhjwbeh693yb18fpw,ok,p2,Angello7796,Salamence,Dual Wingbeat,Intimidate,,,True,NAT DEX,2026-09-28T20:41:09,,665,6,4,0,1,37,3,3,0,1,21,0,0,False,False,False
https://replay.pokemonshowdown.com/gen9nationaldex-2330614801-utrya7q13xcwfagjxhjwbeh693yb18fpw,ok,p2,Angello7796,Ludicolo,Energy Ball; Ice Beam; Surf,,,,True,NAT DEX,2026-09-28T20:41:09,,665,6,4,0,1,37,3,3,0,1,21,0,0,False,False,False
https://replay.pokemonshowdown.com/gen9nationaldex-2330614801-utrya7q13xcwfagjxhjwbeh693yb18fpw,ok,p2,Angello7796,Deoxys-Defense,Recover; Seismic Toss; Substitute; Toxic,Pressure,,,True,NAT DEX,2026-09-28T20:41:09,Deoxys,665,6,4,0,1,37,3,3,0,1,21,0,0,False,False,False
https://replay.pokemonshowdown.com/gen9nationaldex-2330614801-utrya7q13xcwfagjxhjwbeh693yb18fpw,ok,p2,Angello7796,Milotic,Scald; Toxic,,,,True,NAT DEX,2026-09-28T20:41:09,,665,6,4,0,1,37,3,3,0,1,21,0,0,False,False,False
https://replay.pokemonshowdown.com/gen9nationaldex-2330614801-utrya7q13xcwfagjxhjwbeh693yb18fpw,ok,p2,Angello7796,Gardevoir,Shadow Ball,Levitate,,,True,NAT DEX,2026-09-28T20:41:09,,665,6,4,0,1,37,3,3,0,1,21,0,0,True,True,False
https://replay.pokemonshowdown.com/gen9nationaldex-2330614801-utrya7q13xcwfagjxhjwbeh693yb18fpw,ok,p2,Angello7796,Blaziken,Close Combat,Speed Boost,Focus Sash,,True,NAT DEX,2026-09-28T20:41:09,,665,6,4,0,1,37,3,3,0,1,21,0,0,False,False,False
https://replay.pokemonshowdown.com/gen9vgc2025regg-2316848980-ksferbm6xjab4j16fcke58gca3eui5npw,ok,p1,bloodycheese,Tornadus,Bleakwind Storm; Protect; Rain Dance; Tailwind,Prankster,Rocky Helmet,Ghost,False,VGC,2026-09-28T20:41:10,,307,0,4,0,0,4,0,1,0,2,2,0,0,False,False,False
https://replay.pokemonshowdown.com/gen9vgc2025regg-2316848980-ksferbm6xjab4j16fcke58gca3eui5npw,ok,p1,bloodycheese,Volcarona,Flamethrower; Protect; Quiver Dance; Tera Blast,Flame Body,Leftovers,Water,False,VGC,2026-09-28T20:41:10,,307,0,4,0,0,4,0,1,0,2,2,0,0,False,False,False
https://replay.pokemonshowdown.com/gen9vgc2025regg-2316848980-ksferbm6xjab4j16fcke58gca3eui5npw,ok,p1,bloodycheese,Terapagos,Calm Mind; Earth Power; Protect; Tera Starstorm,Tera Shift,Covert Cloak,Stellar,False,VGC,2026-09-28T20:41:10,Motelo,307,0,4,0,0,4,0,1,0,2,2,0,0,True,False,True
https://replay.pokemonshowdown.com/gen9vgc2025regg-2316848980-ksferbm6xjab4j16fcke58gca3eui5npw,ok,p1,bloodycheese,Incineroar,Fake Out; Knock Off; Parting Shot; Taunt,Intimidate,Safety Goggles,Ghost,False,VGC,2026-09-28T20:41:10,MorningElegy,307,0,4,0,0,4,0,1,0,2,2,0,0,False,False,False
https://replay.pokemonshowdown.com/gen9vgc2025regg-2316848980-ksferbm6xjab4j16fcke58gca3eui5npw,ok,p1,bloodycheese,Rillaboom,Fake Out; Grassy Glide; U-turn; Wood Hammer,Grassy Surge,Assault Vest,Fire,False,VGC,2026-09-28T20:41:10,Obey,307,0,4,0,0,4,0,1,0,2,2,0,0,False,False,False
https://replay.pokemonshowdown.com/gen9vgc2025regg-2316848980-ksferbm6xjab4j16fcke58gca3eui5npw,ok,p1,bloodycheese,Clefairy,Follow Me; Helping Hand; Moonblast; Protect,Friend Guard,Eviolite,Grass,False,VGC,2026-09-28T20:41:10,MareeohYT,307,0,4,0,0,4,0,1,0,2,2,0,0,False,False,False
https://replay.pokemonshowdown.com/gen9vgc2025regg-2316848980-ksferbm6xjab4j16fcke58gca3eui5npw,ok,p2,ZapeohDev,Dondozo,Fissure; Protect; Wave Crash; Yawn,Oblivious,Leftovers,Dragon,True,VGC,2026-09-28T20:41:10,,307,4,0,0,0,4,0,1,0,3,0,0,0,False,False,False
https://replay.pokemonshowdown.com/gen9vgc2025regg-2316848980-ksferbm6xjab4j16fcke58gca3eui5npw,ok,p2,ZapeohDev,Ting-Lu,Protect; Ruination; Sand Tomb; Stealth Rock,Vessel of Ruin,Rocky Helmet,Fairy,True,VGC,2026-09-28T20:41:10,,307,4,0,0,0,4,0,1,0,3,0,0,0,False,False,False
https://replay.pokemonshowdown.com/gen9vgc2025regg-2316848980-ksferbm6xjab4j16fcke58gca3eui5npw,ok,p2,ZapeohDev,Calyrex-Shadow,Astral Barrage; Nasty Plot; Protect; Psychic,As One; As One Spectrier; Grim Neigh; Unnerve,Life Orb,Fairy,True,VGC,2026-09-28T20:41:10,Baneenme,307,4,0,0,0,4,0,1,0,3,0,0,0,True,False,False
https://replay.pokemonshowdown.com/gen9vgc2025regg-2316848980-ksferbm6xjab4j16fcke58gca3eui5npw,ok,p2,ZapeohDev,Ogerpon-Hearthflame,Follow Me; Horn Leech; Ivy Cudgel; Spiky Shield,Mold Breaker,Hearthflame Mask,Fire,True,VGC,2026-09-28T20:41:10,ogerPorn,307,4,0,0,0,4,0,1,0,3,0,0,0,False,False,False
https://replay.pokemonshowdown.com/gen9vgc2025regg-2316848980-ksferbm6xjab4j16fcke58gca3eui5npw,ok,p2,ZapeohDev,Urshifu-*,,,,,True,VGC,2026-09-28T20:41:10,,307,4,0,0,0,4,0,1,0,3,0,0,0,False,False,False
https://replay.pokemonshowdown.com/gen9vgc2025regg-2316848980-ksferbm6xjab4j16fcke58gca3eui5npw,ok,p2,ZapeohDev,Whimsicott,Encore; Helping Hand; Moonblast; Tailwind,Prankster,Covert Cloak,Steel,True,VGC,2026-09-28T20:41:10,,307,4,0,0,0,4,0,1,0,3,0,0,0,False,False,False
https://replay.pokemonshowdown.com/gen9vgc2025regg-2316848980-ksferbm6xjab4j16fcke58gca3eui5npw,ok,p2,ZapeohDev,Urshifu,Close Combat; Detect; Sucker Punch; Wicked Blow,Unseen Fist,Focus Sash,Dark,True,VGC,2026-09-28T20:41:10,,307,4,0,0,0,4,0,1,0,3,0,0,0,False,False,False
https://replay.pokemonshowdown.com/gen9vgc2025regg-2322756168-t69xlql6sp1ha9pooo7k3lm8whupvc5pw,ok,p1,Bloodycheese,Miraidon,Dazzling Gleam; Draco Meteor; Electro Drift; Volt Switch,Hadron Engine,Choice Specs,Fairy,True,VGC,2026-09-28T20:41:10,,421,4,3,5,1,6,3,0,0,0,0,0,0,True,False,True
https://replay.pokemonshowdown.com/gen9vgc2025regg-2322756168-t69xlql6sp1ha9pooo7k3lm8whupvc5pw,ok,p1,Bloodycheese,Ursaluna,Earthquake; Facade; Headlong Rush; Protect,Guts,Flame Orb,Poison,True,VGC,2026-09-28T20:41:10,,421,4,3,5,1,6,3,0,0,0,0,0,0,False,False,False
https://replay.pokemonshowdown.com/gen9vgc2025regg-2322756168-t69xlql6sp1ha9pooo7k3lm8whupvc5pw,ok,p1,Bloodycheese,Whimsicott,Encore; Light Screen; Moonblast; Tailwind,Prankster,Covert Cloak,Dark,True,VGC,2026-09-28T20:41:10,,421,4,3,5,1,6,3,0,0,0,0,0,0,False,False,False
https://replay.pokemonshowdown.com/gen9vgc2025regg-2322756168-t69xlql6sp1ha9pooo7k3lm8whupvc5pw,ok,p1,Bloodycheese,Incineroar,Fake Out; Flare Blitz; Knock Off; U-turn,Intimidate,Assault Vest,Dragon,True,VGC,2026-09-28T20:41:10,,421,4,3,5,1,6,3,0,0,0,0,0,0,False,False,False
https://replay.pokemonshowdown.com/gen9vgc2025regg-2322756168-t69xlql6sp1ha9pooo7k3lm8whupvc5pw,ok,p1,Bloodycheese,Farigiraf,Foul Play; Helping Hand; Psychic; Trick Room,Armor Tail,Electric Seed,Water,True,VGC,2026-09-28T20:41:10,,421,4,3,5,1,6,3,0,0,0,0,0,0,False,False,False
https://replay.pokemonshowdown.com/gen9vgc2025regg-2322756168-t69xlql6sp1ha9pooo7k3lm8whupvc5pw,ok,p1,Bloodycheese,Urshifu-*,,,,,True,VGC,2026-09-28T20:41:10,,421,4,3,5,1,6,3,0,0,0,0,0,0,False,False,False
https://replay.pokemonshowdown.com/gen9vgc2025regg-2322756168-t69xlql6sp1ha9pooo7k3lm8whupvc5pw,ok,p1,Bloodycheese,Urshifu-Rapid-Strike,Aqua Jet; Close Combat; Protect; Surging Strikes,Unseen Fist,Focus Sash,Stellar,True,VGC,2026-09-28T20:41:10,Urshifu,421,4,3,5,1,6,3,0,0,0,0,0,0,False,False,False
https://replay.pokemonshowdown.com/gen9vgc2025regg-2322756168-t69xlql6sp1ha9pooo7k3lm8whupvc5pw,ok,p2,joscake,Miraidon,Dazzling Gleam; Draco Meteor; Electro Drift; Volt Switch,Hadron Engine,Choice Specs,Fairy,False,VGC,2026-09-28T20:41:10,,421,3,4,1,5,6,5,2,0,1,0,0,0,False,False,True
https://replay.pokemonshowdown.com/gen9vgc2025regg-2322756168-t69xlql6sp1ha9pooo7k3lm8whupvc5pw,ok,p2,joscake,Volcarona,Heat Wave; Rage Powder; Tailwind; Will-O-Wisp,Flame Body,Rocky Helmet,Fairy,False,VGC,2026-09-28T20:41:10,,421,3,4,1,5,6,5,2,0,1,0,0,0,False,False,False
https://replay.pokemonshowdown.com/gen9vgc2025regg-2322756168-t69xlql6sp1ha9pooo7k3lm8whupvc5pw,ok,p2,joscake,Urshifu-*,,,,,False,VGC,2026-09-28T20:41:10,,421,3,4,1,5,6,5,2,0,1,0,0,0,False,False,False
https://replay.pokemonshowdown.com/gen9vgc2025regg-2322756168-t69xlql6sp1ha9pooo7k3lm8whupvc5pw,ok,p2,joscake,Chien-Pao,Ice Spinner; Protect; Sucker Punch; Throat Chop,Sword of Ruin,Focus Sash,Stellar,False,VGC,2026-09-28T20:41:10,,421,3,4,1,5,6,5,2,0,1,0,0,0,True,False,False
https://replay.pokemonshowdown.com/gen9vgc2025regg-2322756168-t69xlql6sp1ha9pooo7k3lm8whupvc5pw,ok,p2,joscake,Iron Hands,Drain Punch; Fake Out; Heavy Slam; Low Kick,Quark Drive,Assault Vest,Poison,False,VGC,2026-09-28T20:41:10,,421,3,4,1,5,6,5,2,0,1,0,0,0,False,False,False
https://replay.pokemonshowdown.com/gen9vgc2025regg-2322756168-t69xlql6sp1ha9pooo7k3lm8whupvc5pw,ok,p2,joscake,Farigiraf,Foul Play; Helping Hand; Psychic Noise; Trick Room,Armor Tail,Electric Seed,Water,False,VGC,2026-09-28T20:41:10,,421,3,4,1,5,6,5,2,0,1,0,0,0,False,False,False
https://replay.pokemonshowdown.com/gen9vgc2025regg-2322756168-t69xlql6sp1ha9pooo7k3lm8whupvc5pw,ok,p2,joscake,Urshifu-Rapid-Strike,Aqua Jet; Close Combat; Surging Strikes; U-turn,Unseen Fist,Choice Scarf,Water,False,VGC,2026-09-28T20:41:10,,421,3,4,1,5,6,5,2,0,1,0,0,0,False,False,False
https://replay.pokemonshowdown.com/gen9vgc2025regg-2324389480-8mcwodc5f24id9cxqmesy8ecxtjfh6cpw,ok,p1,bloodycheese,Miraidon,Dazzling Gleam; Draco Meteor; Electro Drift; Volt Switch,Hadron Engine,Choice Specs,Fairy,False,VGC,2026-09-28T20:41:11,,767,2,4,0,1,5,0,2,0,1,0,0,0,True,False,True
https://replay.pokemonshowdown.com/gen9vgc2025regg-2324389480-8mcwodc5f24id9cxqmesy8ecxtjfh6cpw,ok,p1,bloodycheese,Ursaluna,Earthquake; Facade; Headlong Rush; Protect,Guts,Flame Orb,Poison,False,VGC,2026-09-28T20:41:11,,767,2,4,0,1,5,0,2,0,1,0,0,0,False,False,False
https://replay.pokemonshowdown.com/gen9vgc2025regg-2324389480-8mcwodc5f24id9cxqmesy8ecxtjfh6cpw,ok,p1,bloodycheese,Whimsicott,Encore; Light Screen; Moonblast; Tailwind,Prankster,Covert Cloak,Dark,False,VGC,2026-09-28T20:41:11,,767,2,4,0,1,5,0,2,0,1,0,0,0,False,False,False
https://replay.pokemonshowdown.com/gen9vgc2025regg-2324389480-8mcwodc5f24id9cxqmesy8ecxtjfh6cpw,ok,p1,bloodycheese,Incineroar,Fake Out; Flare Blitz; Knock Off; U-turn,Intimidate,Assault Vest,Dragon,False,VGC,2026-09-28T20:41:11,,767,2,4,0,1,5,0,2,0,1,0,0,0,False,False,False
https://replay.pokemonshowdown.com/gen9vgc2025regg-2324389480-8mcwodc5f24id9cxqmesy8ecxtjfh6cpw,ok,p1,bloodycheese,Farigiraf,Foul Play; Helping Hand; Psychic; Trick Room,Armor Tail,Electric Seed,Water,False,VGC,2026-09-28T20:41:11,,767,2,4,0,1,5,0,2,0,1,0,0,0,False,False,False
https://replay.pokemonshowdown.com/gen9vgc2025regg-2324389480-8mcwodc5f24id9cxqmesy8ecxtjfh6cpw,ok,p1,bloodycheese,Urshifu-*,,,,,False,VGC,2026-09-28T20:41:11,,767,2,4,0,1,5,0,2,0,1,0,0,0,False,False,False
https://replay.pokemonshowdown.com/gen9vgc2025regg-2324389480-8mcwodc5f24id9cxqmesy8ecxtjfh6cpw,ok,p1,bloodycheese,Urshifu-Rapid-Strike,Aqua Jet; Close Combat; Protect; Surging Strikes,Unseen Fist,Focus Sash,Stellar,False,VGC,2026-09-28T20:41:11,Urshifu,767,2,4,0,1,5,0,2,0,1,0,0,0,False,False,False
https://replay.pokemonshowdown.com/gen9vgc2025regg-2324389480-8mcwodc5f24id9cxqmesy8ecxtjfh6cpw,ok,p2,Fabricio19jr,Zamazenta-*,,,,,True,VGC,2026-09-28T20:41:11,,767,4,2,1,0,5,3,1,0,1,0,0,0,False,False,False
https://replay.pokemonshowdown.com/gen9vgc2025regg-2324389480-8mcwodc5f24id9cxqmesy8ecxtjfh6cpw,ok,p2,Fabricio19jr,Chien-Pao,Icicle Crash; Protect; Sucker Punch; Throat Chop,Sword of Ruin,Focus Sash,Ghost,True,VGC,2026-09-28T20:41:11,,767,4,2,1,0,5,3,1,0,1,0,0,0,False,False,False
https://replay.pokemonshowdown.com/gen9vgc2025regg-2324389480-8mcwodc5f24id9cxqmesy8ecxtjfh6cpw,ok,p2,Fabricio19jr,Dragonite,Aerial Ace; Extreme Speed; Low Kick; Outrage,Inner Focus,Choice Band,Normal,True,VGC,2026-09-28T20:41:11,,767,4,2,1,0,5,3,1,0,1,0,0,0,False,False,False
https://replay.pokemonshowdown.com/gen9vgc2025regg-2324389480-8mcwodc5f24id9cxqmesy8ecxtjfh6cpw,ok,p2,Fabricio19jr,Chi-Yu,Dark Pulse; Heat Wave; Overheat; Snarl,Beads of Ruin,Choice Scarf,Ghost,True,VGC,2026-09-28T20:41:11,,767,4,2,1,0,5,3,1,0,1,0,0,0,False,False,False
https://replay.pokemonshowdown.com/gen9vgc2025regg-2324389480-8mcwodc5f24id9cxqmesy8ecxtjfh6cpw,ok,p2,Fabricio19jr,Flutter Mane,Dazzling Gleam; Icy Wind; Taunt; Thunder Wave,Protosynthesis,Booster Energy,Grass,True,VGC,2026-09-28T20:41:11,,767,4,2,1,0,5,3,1,0,1,0,0,0,True,False,True
https://replay.pokemonshowdown.com/gen9vgc2025regg-2324389480-8mcwodc5f24id9cxqmesy8ecxtjfh6cpw,ok,p2,Fabricio19jr,Entei,Extreme Speed; Protect; Sacred Fire; Stone Edge,Inner Focus,Life Orb,Normal,True,VGC,2026-09-28T20:41:11,,767,4,2,1,0,5,3,1,0,1,0,0,0,False,False,False
https://replay.pokemonshowdown.com/gen9vgc2025regg-2324389480-8mcwodc5f24id9cxqmesy8ecxtjfh6cpw,ok,p2,Fabricio19jr,Zamazenta-Crowned,Body Press; Protect; Wide Guard; behemothbash,Dauntless Shield,Rusted Shield,Dragon,True,VGC,2026-09-28T20:41:11,Zamazenta,767,4,2,1,0,5,3,1,0,1,0,0,0,False,False,False
https://replay.pokemonshowdown.com/gen9babyrandombattle-2316860091-jcc96faf735193mjnny7e5n5agj2i06pw,ok,p1,bloodycheese,Houndour,Flamethrower; Nasty Plot,,,Fire,True,BABY RANDOM SINGLES,2026-09-28T20:41:12,,766,6,5,1,0,37,2,4,0,1,4,0,0,True,False,True
https://replay.pokemonshowdown.com/gen9babyrandombattle-2316860091-jcc96faf735193mjnny7e5n5agj2i06pw,ok,p1,bloodycheese,Cleffa,Alluring Voice; Protect; Thunder Wave; Wish,,,,True,BABY RANDOM SINGLES,2026-09-28T20:41:12,,766,6,5,1,0,37,2,4,0,1,4,0,0,False,False,False
https://replay.pokemonshowdown.com/gen9babyrandombattle-2316860091-jcc96faf735193mjnny7e5n5agj2i06pw,ok,p1,bloodycheese,Tentacool,Knock Off; Sludge Bomb,,,,True,BABY RANDOM SINGLES,2026-09-28T20:41:12,,766,6,5,1,0,37,2,4,0,1,4,0,0,False,False,False
https://replay.pokemonshowdown.com/gen9babyrandombattle-2316860091-jcc96faf735193mjnny7e5n5agj2i06pw,ok,p1,bloodycheese,Treecko,Acrobatics; Bullet Seed,,Oran Berry,,True,BABY RANDOM SINGLES,2026-09-28T20:41:12,,766,6,5,1,0,37,2,4,0,1,4,0,0,False,False,False
https://replay.pokemonshowdown.com/gen9babyrandombattle-2316860091-jcc96faf735193mjnny7e5n5agj2i06pw,ok,p1,bloodycheese,Eevee,Body Slam,,,,True,BABY RANDOM SINGLES,2026-09-28T20:41:12,,766,6,5,1,0,37,2,4,0,1,4,0,0,False,False,False
https://replay.pokemonshowdown.com/gen9babyrandombattle-2316860091-jcc96faf735193mjnny7e5n5agj2i06pw,ok,p1,bloodycheese,Litleo,Hyper Voice,Unnerve,,,True,BABY RANDOM SINGLES,2026-09-28T20:41:12,,766,6,5,1,0,37,2,4,0,1,4,0,0,False,False,False
https://replay.pokemonshowdown.com/gen9babyrandombattle-2316860091-jcc96faf735193mjnny7e5n5agj2i06pw,ok,p2,JaLax06,Frigibax,Icicle Spear; Outrage,Thermal Exchange,,,False,BABY RANDOM SINGLES,2026-09-28T20:41:12,,766,5,6,0,1,37,1,1,0,5,3,0,0,True,False,False
https://replay.pokemonshowdown.com/gen9babyrandombattle-2316860091-jcc96faf735193mjnny7e5n5agj2i06pw,ok,p2,JaLax06,Gastly,Shadow Ball; Sludge Bomb,,,,False,BABY RANDOM SINGLES,2026-09-28T20:41:12,,766,5,6,0,1,37,1,1,0,5,3,0,0,False,False,False
https://replay.pokemonshowdown.com/gen9babyrandombattle-2316860091-jcc96faf735193mjnny7e5n5agj2i06pw,ok,p2,JaLax06,Capsakid,,,,,False,BABY RANDOM SINGLES,2026-09-28T20:41:12,,766,5,6,0,1,37,1,1,0,5,3,0,0,False,False,False
https://replay.pokemonshowdown.com/gen9babyrandombattle-2316860091-jcc96faf735193mjnny7e5n5agj2i06pw,ok,p2,JaLax06,Stantler,Earthquake,Intimidate,,Ground,False,BABY RANDOM SINGLES,2026-09-28T20:41:12,,766,5,6,0,1,37,1,1,0,5,3,0,0,False,False,True
https://replay.pokemonshowdown.com/gen9babyrandombattle-2316860091-jcc96faf735193mjnny7e5n5agj2i06pw,ok,p2,JaLax06,Lotad,Giga Drain; Ice Beam; Surf; Synthesis,,,,False,BABY RANDOM SINGLES,2026-09-28T20:41:12,,766,5,6,0,1,37,1,1,0,5,3,0,0,False,False,False
https://replay.pokemonshowdown.com/gen9babyrandombattle-2316860091-jcc96faf735193mjnny7e5n5agj2i06pw,ok,p2,JaLax06,Flabébé,Calm Mind; Moonblast; Synthesis,,,,False,BABY RANDOM SINGLES,2026-09-28T20:41:12,,766,5,6,0,1,37,1,1,0,5,3,0,0,False,False,False
https://replay.pokemonshowdown.com/gen9babyrandombattle-2320636601-iytin0usy1591w5r6oq0f0wyfnvmkc6pw,ok,p1,bloodycheese,Espurr,Psychic,,,,True,BABY RANDOM SINGLES,2026-09-28T20:41:12,,283,6,3,1,0,22,8,0,0,2,2,0,0,True,False,False
https://replay.pokemonshowdown.com/gen9babyrandombattle-2320636601-iytin0usy1591w5r6oq0f0wyfnvmkc6pw,ok,p1,bloodycheese,Blitzle,Body Slam; Flame Charge,Sap Sipper,,,True,BABY RANDOM SINGLES,2026-09-28T20:41:12,,283,6,3,1,0,22,8,0,0,2,2,0,0,False,False,False
https://replay.pokemonshowdown.com/gen9babyrandombattle-2320636601-iytin0usy1591w5r6oq0f0wyfnvmkc6pw,ok,p1,bloodycheese,Poliwag,Waterfall,,,,True,BABY RANDOM SINGLES,2026-09-28T20:41:12,,283,6,3,1,0,22,8,0,0,2,2,0,0,False,False,False
https://replay.pokemonshowdown.com/gen9babyrandombattle-2320636601-iytin0usy1591w5r6oq0f0wyfnvmkc6pw,ok,p1,bloodycheese,Varoom,Gunk Shot; Iron Head,,,,True,BABY RANDOM SINGLES,2026-09-28T20:41:12,,283,6,3,1,0,22,8,0,0,2,2,0,0,False,False,False
https://replay.pokemonshowdown.com/gen9babyrandombattle-2320636601-iytin0usy1591w5r6oq0f0wyfnvmkc6pw,ok,p1,bloodycheese,Rufflet,Close Combat,,,Fighting,True,BABY RANDOM SINGLES,2026-09-28T20:41:12,,283,6,3,1,0,22,8,0,0,2,2,0,0,False,False,True
https://replay.pokemonshowdown.com/gen9babyrandombattle-2320636601-iytin0usy1591w5r6oq0f0wyfnvmkc6pw,ok,p1,bloodycheese,Larvesta,Flare Blitz; Leech Life,,,,True,BABY RANDOM SINGLES,2026-09-28T20:41:12,,283,6,3,1,0,22,8,0,0,2,2,0,0,False,False,False
https://replay.pokemonshowdown.com/gen9babyrandombattle-2320636601-iytin0usy1591w5r6oq0f0wyfnvmkc6pw,ok,p2,Okari958,Foongus,Giga Drain; Spore,,,,False,BABY RANDOM SINGLES,2026-09-28T20:41:12,,283,3,6,0,1,22,2,2,0,5,2,0,0,True,False,False
https://replay.pokemonshowdown.com/gen9babyrandombattle-2320636601-iytin0usy1591w5r6oq0f0wyfnvmkc6pw,ok,p2,Okari958,Swinub,Earthquake; Ice Shard,,,Ground,False,BABY RANDOM SINGLES,2026-09-28T20:41:12,,283,3,6,0,1,22,2,2,0,5,2,0,0,False,False,True
https://replay.pokemonshowdown.com/gen9babyrandombattle-2320636601-iytin0usy1591w5r6oq0f0wyfnvmkc6pw,ok,p2,Okari958,Eevee,Calm Mind; Wish,,,,False,BABY RANDOM SINGLES,2026-09-28T20:41:12,,283,3,6,0,1,22,2,2,0,5,2,0,0,False,False,False
https://replay.pokemonshowdown.com/gen9babyrandombattle-2320636601-iytin0usy1591w5r6oq0f0wyfnvmkc6pw,ok,p2,Okari958,Blitzle,Flame Charge; Supercell Slam; Trailblaze,,,,False,BABY RANDOM SINGLES,2026-09-28T20:41:12,,283,3,6,0,1,22,2,2,0,5,2,0,0,False,False,False
https://replay.pokemonshowdown.com/gen9babyrandombattle-2320636601-iytin0usy1591w5r6oq0f0wyfnvmkc6pw,ok,p2,Okari958,Poochyena,Crunch; Super Fang,Rattled,,,False,BABY RANDOM SINGLES,2026-09-28T20:41:12,,283,3,6,0,1,22,2,2,0,5,2,0,0,False,False,False
https://replay.pokemonshowdown.com/gen9babyrandombattle-2320636601-iytin0usy1591w5r6oq0f0wyfnvmkc6pw,ok,p2,Okari958,Grubbin,,,,,False,BABY RANDOM SINGLES,2026-09-28T20:41:12,,283,3,6,0,1,22,2,2,0,5,2,0,0,False,False,False
https://replay.pokemonshowdown.com/gen9babyrandombattle-2322763205-odeup45q6anva61geipogkw8y3tmpdfpw,ok,p1,joscake,Tarountula,Sticky Web,,,,True,BABY RANDOM SINGLES,2026-09-28T20:41:13,,527,6,3,0,1,18,7,4,0,1,2,0,0,True,False,False
https://replay.pokemonshowdown.com/gen9babyrandombattle-2322763205-odeup45q6anva61geipogkw8y3tmpdfpw,ok,p1,joscake,Litten,Parting Shot; Will-O-Wisp,Intimidate,,,True,BABY RANDOM SINGLES,2026-09-28T20:41:13,,527,6,3,0,1,18,7,4,0,1,2,0,0,False,False,False
https://replay.pokemonshowdown.com/gen9babyrandombattle-2322763205-odeup45q6anva61geipogkw8y3tmpdfpw,ok,p1,joscake,Snom,Bug Buzz; Icicle Spear,,,Steel,True,BABY RANDOM SINGLES,2026-09-28T20:41:13,,527,6,3,0,1,18,7,4,0,1,2,0,0,False,False,True
https://replay.pokemonshowdown.com/gen9babyrandombattle-2322763205-odeup45q6anva61geipogkw8y3tmpdfpw,ok,p1,joscake,Pawniard,Night Slash; Sucker Punch; Swords Dance,,,,True,BABY RANDOM SINGLES,2026-09-28T20:41:13,,527,6,3,0,1,18,7,4,0,1,2,0,0,False,False,False
https://replay.pokemonshowdown.com/gen9babyrandombattle-2322763205-odeup45q6anva61geipogkw8y3tmpdfpw,ok,p1,joscake,Lotad,Giga Drain; Ice Beam; Surf,,,,True,BABY RANDOM SINGLES,2026-09-28T20:41:13,,527,6,3,0,1,18,7,4,0,1,2,0,0,False,False,False
https://replay.pokemonshowdown.com/gen9babyrandombattle-2322763205-odeup45q6anva61geipogkw8y3tmpdfpw,ok,p2,Bloodycheese,Dratini,Dragon Dance; Extreme Speed; Iron Head; Outrage,,,Steel,False,BABY RANDOM SINGLES,2026-09-28T20:41:13,,527,3,6,1,0,18,2,2,0,11,0,0,0,True,False,True
https://replay.pokemonshowdown.com/gen9babyrandombattle-2322763205-odeup45q6anva61geipogkw8y3tmpdfpw,ok,p2,Bloodycheese,Larvesta,Flare Blitz,,,,False,BABY RANDOM SINGLES,2026-09-28T20:41:13,,527,3,6,1,0,18,2,2,0,11,0,0,0,False,False,False
https://replay.pokemonshowdown.com/gen9babyrandombattle-2322763205-odeup45q6anva61geipogkw8y3tmpdfpw,ok,p2,Bloodycheese,Sunkern,,,,,False,BABY RANDOM SINGLES,2026-09-28T20:41:13,,527,3,6,1,0,18,2,2,0,11,0,0,0,False,False,False
https://replay.pokemonshowdown.com/gen9babyrandombattle-2322763205-odeup45q6anva61geipogkw8y3tmpdfpw,ok,p2,Bloodycheese,Finneon,Ice Beam,,,,False,BABY RANDOM SINGLES,2026-09-28T20:41:13,,527,3,6,1,0,18,2,2,0,11,0,0,0,False,False,False
https://replay.pokemonshowdown.com/gen9babyrandombattle-2322763205-odeup45q6anva61geipogkw8y3tmpdfpw,ok,p2,Bloodycheese,Swinub,,,,,False,BABY RANDOM SINGLES,2026-09-28T20:41:13,,527,3,6,1,0,18,2,2,0,11,0,0,0,False,False,False
https://replay.pokemonshowdown.com/gen9babyrandombattle-2322763205-odeup45q6anva61geipogkw8y3tmpdfpw,ok,p2,Bloodycheese,Turtwig,Bullet Seed; Earth Power; Shell Smash,,,,False,BABY RANDOM SINGLES,2026-09-28T20:41:13,,527,3,6,1,0,18,2,2,0,11,0,0,0,False,False,False
https://replay.pokemonshowdown.com/gen9babyrandombattle-2326809855-j9dnmcck3x32murqp8m31ne8cacx1wapw,ok,p1,SuperiorPangoro,Solosis,Thunder Wave,,,,False,BABY RANDOM SINGLES,2026-09-28T20:46:14,,219,2,6,0,0,14,2,0,0,0,0,0,0,True,False,False
https://replay.pokemonshowdown.com/gen9babyrandombattle-2326809855-j9dnmcck3x32murqp8m31ne8cacx1wapw,ok,p1,SuperiorPangoro,Mienfoo,,,,,False,BABY RANDOM SINGLES,2026-09-28T20:46:14,,219,2,6,0,0,14,2,0,0,0,0,0,0,False,False,False
https://replay.pokemonshowdown.com/gen9babyrandombattle-2326809855-j9dnmcck3x32murqp8m31ne8cacx1wapw,ok,p1,SuperiorPangoro,Cufant,Iron Head; Play Rough; Superpower,,Eviolite,Fairy,False,BABY RANDOM SINGLES,2026-09-28T20:46:14,,219,2,6,0,0,14,2,0,0,0,0,0,0,False,False,True
https://replay.pokemonshowdown.com/gen9babyrandombattle-2326809855-j9dnmcck3x32murqp8m31ne8cacx1wapw,ok,p1,SuperiorPangoro,Spinarak,Poison Jab; Sticky Web,,,,False,BABY RANDOM SINGLES,2026-09-28T20:46:14,,219,2,6,0,0,14,2,0,0,0,0,0,0,False,False,False
https://replay.pokemonshowdown.com/gen9babyrandombattle-2326809855-j9dnmcck3x32murqp8m31ne8cacx1wapw,ok,p1,SuperiorPangoro,Murkrow,Thunder Wave,,,,False,BABY RANDOM SINGLES,2026-09-28T20:46:14,,219,2,6,0,0,14,2,0,0,0,0,0,0,False,False,False
https://replay.pokemonshowdown.com/gen9babyrandombattle-2326809855-j9dnmcck3x32murqp8m31ne8cacx1wapw,ok,p1,SuperiorPangoro,Treecko,,,,,False,BABY RANDOM SINGLES,2026-09-28T20:46:14,,219,2,6,0,0,14,2,0,0,0,0,0,0,False,False,False
https://replay.pokemonshowdown.com/gen9babyrandombattle-2326809855-j9dnmcck3x32murqp8m31ne8cacx1wapw,ok,p2,bloodycheese,Rowlet,Brave Bird; Leaf Blade; Swords Dance,,,Steel,True,BABY RANDOM SINGLES,2026-09-28T20:46:14,,219,6,2,0,0,14,3,2,0,6,0,0,0,True,False,True
https://replay.pokemonshowdown.com/gen9babyrandombattle-2326809855-j9dnmcck3x32murqp8m31ne8cacx1wapw,ok,p2,bloodycheese,Sentret,Brick Break; Double-Edge; Tidy Up,,,,True,BABY RANDOM SINGLES,2026-09-28T20:46:14,,219,6,2,0,0,14,3,2,0,6,0,0,0,False,False,False
https://replay.pokemonshowdown.com/gen9babyrandombattle-2326809855-j9dnmcck3x32murqp8m31ne8cacx1wapw,ok,p2,bloodycheese,Sneasel-Hisui,Close Combat; Gunk Shot; Swords Dance; Throat Chop,,,,True,BABY RANDOM SINGLES,2026-09-28T20:46:14,Sneasel,219,6,2,0,0,14,3,2,0,6,0,0,0,False,False,False
https://replay.pokemonshowdown.com/gen9babyrandombattle-2330632848-6nj9jywq0f44qefadifu91vff1upd0fpw,ok,p1,Chris FPS,Cyndaquil,Eruption,,,,False,BABY RANDOM SINGLES,2026-09-28T20:46:15,,451,2,6,0,0,17,3,1,2,1,2,0,0,True,False,False
https://replay.pokemonshowdown.com/gen9babyrandombattle-2330632848-6nj9jywq0f44qefadifu91vff1upd0fpw,ok,p1,Chris FPS,Drifloon,Knock Off,,Oran Berry,,False,BABY RANDOM SINGLES,2026-09-28T20:46:15,,451,2,6,0,0,17,3,1,2,1,2,0,0,False,False,False
https://replay.pokemonshowdown.com/gen9babyrandombattle-2330632848-6nj9jywq0f44qefadifu91vff1upd0fpw,ok,p1,Chris FPS,Chespin,Bullet Seed; Spikes; Synthesis,,Eviolite,Steel,False,BABY RANDOM SINGLES,2026-09-28T20:46:15,,451,2,6,0,0,17,3,1,2,1,2,0,0,False,False,True
https://replay.pokemonshowdown.com/gen9babyrandombattle-2330632848-6nj9jywq0f44qefadifu91vff1upd0fpw,ok,p1,Chris FPS,Glimmet,Sludge Wave,,Eviolite,,False,BABY RANDOM SINGLES,2026-09-28T20:46:15,,451,2,6,0,0,17,3,1,2,1,2,0,0,False,False,False
https://replay.pokemonshowdown.com/gen9babyrandombattle-2330632848-6nj9jywq0f44qefadifu91vff1upd0fpw,ok,p1,Chris FPS,Blitzle,Body Slam; Flame Charge,,,,False,BABY RANDOM SINGLES,2026-09-28T20:46:15,,451,2,6,0,0,17,3,1,2,1,2,0,0,False,False,False
https://replay.pokemonshowdown.com/gen9babyrandombattle-2330632848-6nj9jywq0f44qefadifu91vff1upd0fpw,ok,p1,Chris FPS,Hippopotas,Slack Off; Whirlwind,,,,False,BABY RANDOM SINGLES,2026-09-28T20:46:15,,451,2,6,0,0,17,3,1,2,1,2,0,0,False,False,False
https://replay.pokemonshowdown.com/gen9babyrandombattle-2330632848-6nj9jywq0f44qefadifu91vff1upd0fpw,ok,p2,bloodycheese,Cetoddle,Earthquake; Ice Shard; Icicle Spear; Knock Off,,Eviolite,Ground,True,BABY RANDOM SINGLES,2026-09-28T20:46:15,,451,6,2,0,0,17,8,4,0,0,1,0,0,True,False,True
https://replay.pokemonshowdown.com/gen9babyrandombattle-2330632848-6nj9jywq0f44qefadifu91vff1upd0fpw,ok,p2,bloodycheese,Sneasel,Brick Break; Knock Off; Triple Axel,,,,True,BABY RANDOM SINGLES,2026-09-28T20:46:15,,451,6,2,0,0,17,8,4,0,0,1,0,0,False,False,False
https://replay.pokemonshowdown.com/gen9babyrandombattle-2330632848-6nj9jywq0f44qefadifu91vff1upd0fpw,ok,p2,bloodycheese,Goomy,Dragon Pulse; Rest; Sleep Talk; Sludge Bomb,,,,True,BABY RANDOM SINGLES,2026-09-28T20:46:15,,451,6,2,0,0,17,8,4,0,0,1,0,0,False,False,False
https://replay.pokemonshowdown.com/gen9babyrandombattle-2330632848-6nj9jywq0f44qefadifu91vff1upd0fpw,ok,p2,bloodycheese,Capsakid,Leaf Storm; Stomping Tantrum,,,,True,BABY RANDOM SINGLES,2026-09-28T20:46:15,,451,6,2,0,0,17,8,4,0,0,1,0,0,False,False,False
https://replay.pokemonshowdown.com/gen9babyrandombattle-2331664126-2ihya69v7wchvayp1fuqqq5vypcs41ipw,ok,p1,Ricomam,Bronzor,Earthquake; Stealth Rock,,Eviolite,,True,BABY RANDOM SINGLES,2026-09-28T20:46:16,,741,6,2,1,0,22,3,0,0,5,2,0,0,True,False,False
https://replay.pokemonshowdown.com/gen9babyrandombattle-2331664126-2ihya69v7wchvayp1fuqqq5vypcs41ipw,ok,p1,Ricomam,Chinchou,Discharge; Scald,,,,True,BABY RANDOM SINGLES,2026-09-28T20:46:16,,741,6,2,1,0,22,3,0,0,5,2,0,0,False,False,False
https://replay.pokemonshowdown.com/gen9babyrandombattle-2331664126-2ihya69v7wchvayp1fuqqq5vypcs41ipw,ok,p1,Ricomam,Trapinch,,,,,True,BABY RANDOM SINGLES,2026-09-28T20:46:16,,741,6,2,1,0,22,3,0,0,5,2,0,0,False,False,False
https://replay.pokemonshowdown.com/gen9babyrandombattle-2331664126-2ihya69v7wchvayp1fuqqq5vypcs41ipw,ok,p1,Ricomam,Croagunk,Bulk Up; Drain Punch; Knock Off,,,,True,BABY RANDOM SINGLES,2026-09-28T20:46:16,,741,6,2,1,0,22,3,0,0,5,2,0,0,False,False,False
https://replay.pokemonshowdown.com/gen9babyrandombattle-2331664126-2ihya69v7wchvayp1fuqqq5vypcs41ipw,ok,p1,Ricomam,Scraggy,Close Combat; Dragon Dance; Knock Off,Moxie,,Poison,True,BABY RANDOM SINGLES,2026-09-28T20:46:16,,741,6,2,1,0,22,3,0,0,5,2,0,0,False,False,True
https://replay.pokemonshowdown.com/gen9babyrandombattle-2331664126-2ihya69v7wchvayp1fuqqq5vypcs41ipw,ok,p2,bloody cheese,Elekid,Cross Chop; Knock Off,,,,False,BABY RANDOM SINGLES,2026-09-28T20:46:16,,741,2,6,0,1,22,1,2,0,4,1,0,0,True,False,False
https://replay.pokemonshowdown.com/gen9babyrandombattle-2331664126-2ihya69v7wchvayp1fuqqq5vypcs41ipw,ok,p2,bloody cheese,Clauncher,Dark Pulse,,,,False,BABY RANDOM SINGLES,2026-09-28T20:46:16,,741,2,6,0,1,22,1,2,0,4,1,0,0,False,False,False
https://replay.pokemonshowdown.com/gen9babyrandombattle-2331664126-2ihya69v7wchvayp1fuqqq5vypcs41ipw,ok,p2,bloody cheese,Tadbulb,Acid Spray; Discharge; Muddy Water,,Eviolite,,False,BABY RANDOM SINGLES,2026-09-28T20:46:16,,741,2,6,0,1,22,1,2,0,4,1,0,0,False,False,False
https://replay.pokemonshowdown.com/gen9babyrandombattle-2331664126-2ihya69v7wchvayp1fuqqq5vypcs41ipw,ok,p2,bloody cheese,Slakoth,Body Slam,,,,False,BABY RANDOM SINGLES,2026-09-28T20:46:16,,741,2,6,0,1,22,1,2,0,4,1,0,0,False,False,False
https://replay.pokemonshowdown.com/gen9babyrandombattle-2331664126-2ihya69v7wchvayp1fuqqq5vypcs41ipw,ok,p2,bloody cheese,Feebas,Hypnosis; Scale Shot,,Eviolite,Dragon,False,BABY RANDOM SINGLES,2026-09-28T20:46:16,,741,2,6,0,1,22,1,2,0,4,1,0,0,False,False,True
https://replay.pokemonshowdown.com/gen9babyrandombattle-2331664126-2ihya69v7wchvayp1fuqqq5vypcs41ipw,ok,p2,bloody cheese,Crabrawler,Bulk Up; Drain Punch,,,,False,BABY RANDOM SINGLES,2026-09-28T20:46:16,,741,2,6,0,1,22,1,2,0,4,1,0,0,False,False,False
https://replay.pokemonshowdown.com/gen9nationaldex-2336963441-gjrnxa63xfttxpdark098jx10xn3i64pw,ok,p1,Moirix,Pelipper,,,,,False,NAT DEX,2026-09-28T20:46:16,Zapeoooo,878,3,6,0,0,31,1,5,1,5,8,0,0,False,False,False
https://replay.pokemonshowdown.com/gen9nationaldex-2336963441-gjrnxa63xfttxpdark098jx10xn3i64pw,ok,p1,Moirix,Ludicolo,Giga Drain; Surf,,,,False,NAT DEX,2026-09-28T20:46:16,Caradeoso,878,3,6,0,0,31,1,5,1,5,8,0,0,False,False,False
https://replay.pokemonshowdown.com/gen9nationaldex-2336963441-gjrnxa63xfttxpdark098jx10xn3i64pw,ok,p1,Moirix,Swampert,Flip Turn,,,,False,NAT DEX,2026-09-28T20:46:16,Franco Cingolani,878,3,6,0,0,31,1,5,1,5,8,0,0,False,True,False
https://replay.pokemonshowdown.com/gen9nationaldex-2336963441-gjrnxa63xfttxpdark098jx10xn3i64pw,ok,p1,Moirix,Manectric,Volt Switch,,,,False,NAT DEX,2026-09-28T20:46:16,Hallacas,878,3,6,0,0,31,1,5,1,5,8,0,0,True,False,False
https://replay.pokemonshowdown.com/gen9nationaldex-2336963441-gjrnxa63xfttxpdark098jx10xn3i64pw,ok,p1,Moirix,Registeel,Heavy Slam; Thunder Wave,,,,False,NAT DEX,2026-09-28T20:46:16,Carlos Chavez,878,3,6,0,0,31,1,5,1,5,8,0,0,False,False,False
https://replay.pokemonshowdown.com/gen9nationaldex-2336963441-gjrnxa63xfttxpdark098jx10xn3i64pw,ok,p1,Moirix,Blaziken,Flare Blitz; Protect; Thunder Punch,Speed Boost,,,False,NAT DEX,2026-09-28T20:46:16,Chris fps,878,3,6,0,0,31,1,5,1,5,8,0,0,False,False,False
https://replay.pokemonshowdown.com/gen9nationaldex-2336963441-gjrnxa63xfttxpdark098jx10xn3i64pw,ok,p2,bloodycheese,Pelipper,,,,,True,NAT DEX,2026-09-28T20:46:16,,878,6,3,0,0,31,3,7,1,3,0,0,0,False,False,False
https://replay.pokemonshowdown.com/gen9nationaldex-2336963441-gjrnxa63xfttxpdark098jx10xn3i64pw,ok,p2,bloodycheese,Swampert,Flip Turn,,,,True,NAT DEX,2026-09-28T20:46:16,,878,6,3,0,0,31,3,7,1,3,0,0,0,False,True,False
https://replay.pokemonshowdown.com/gen9nationaldex-2336963441-gjrnxa63xfttxpdark098jx10xn3i64pw,ok,p2,bloodycheese,Latios,Calm Mind; Luster Purge; Mystical Fire,,,,True,NAT DEX,2026-09-28T20:46:16,,878,6,3,0,0,31,3,7,1,3,0,0,0,True,False,False
https://replay.pokemonshowdown.com/gen9nationaldex-2336963441-gjrnxa63xfttxpdark098jx10xn3i64pw,ok,p2,bloodycheese,Breloom,Mach Punch; Spore; Swords Dance,,,,True,NAT DEX,2026-09-28T20:46:16,,878,6,3,0,0,31,3,7,1,3,0,0,0,False,False,False
https://replay.pokemonshowdown.com/gen9nationaldex-2336963441-gjrnxa63xfttxpdark098jx10xn3i64pw,ok,p2,bloodycheese,Ludicolo,Giga Drain; Ice Beam; Scald,,,,True,NAT DEX,2026-09-28T20:46:16,,878,6,3,0,0,31,3,7,1,3,0,0,0,False,False,False
https://replay.pokemonshowdown.com/gen9nationaldex-2336963441-gjrnxa63xfttxpdark098jx10xn3i64pw,ok,p2,bloodycheese,Metagross,Bullet Punch; Earthquake; Ice Punch; Knock Off,,,,True,NAT DEX,2026-09-28T20:46:16,,878,6,3,0,0,31,3,7,1,3,0,0,0,False,False,False
https://replay.pokemonshowdown.com/gen9vgc2025regg-2329556968-4ahcq88wse5pkm09bj2vr8q7h9q1wbwpw,ok,p1,bloodycheese,Miraidon,Dazzling Gleam; Draco Meteor; Electro Drift; Volt Switch,Hadron Engine,Choice Specs,Fairy,True,VGC,2026-09-28T20:46:17,,629,4,3,1,7,6,1,1,0,0,0,0,0,False,False,True
https://replay.pokemonshowdown.com/gen9vgc2025regg-2329556968-4ahcq88wse5pkm09bj2vr8q7h9q1wbwpw,ok,p1,bloodycheese,Ursaluna,Earthquake; Facade; Headlong Rush; Protect,Guts,Flame Orb,Poison,True,VGC,2026-09-28T20:46:17,,629,4,3,1,7,6,1,1,0,0,0,0,0,False,False,False
https://replay.pokemonshowdown.com/gen9vgc2025regg-2329556968-4ahcq88wse5pkm09bj2vr8q7h9q1wbwpw,ok,p1,bloodycheese,Whimsicott,Encore; Light Screen; Moonblast; Tailwind,Prankster,Covert Cloak,Dark,True,VGC,2026-09-28T20:46:17,,629,4,3,1,7,6,1,1,0,0,0,0,0,True,False,False
https://replay.pokemonshowdown.com/gen9vgc2025regg-2329556968-4ahcq88wse5pkm09bj2vr8q7h9q1wbwpw,ok,p1,bloodycheese,Incineroar,Fake Out; Flare Blitz; Knock Off; U-turn,Intimidate,Assault Vest,Dragon,True,VGC,2026-09-28T20:46:17,,629,4,3,1,7,6,1,1,0,0,0,0,0,False,False,False
https://replay.pokemonshowdown.com/gen9vgc2025regg-2329556968-4ahcq88wse5pkm09bj2vr8q7h9q1wbwpw,ok,p1,bloodycheese,Farigiraf,Foul Play; Helping Hand; Psychic; Trick Room,Armor Tail,Electric Seed,Water,True,VGC,2026-09-28T20:46:17,,629,4,3,1,7,6,1,1,0,0,0,0,0,False,False,False
https://replay.pokemonshowdown.com/gen9vgc2025regg-2329556968-4ahcq88wse5pkm09bj2vr8q7h9q1wbwpw,ok,p1,bloodycheese,Urshifu-*,,,,,True,VGC,2026-09-28T20:46:17,,629,4,3,1,7,6,1,1,0,0,0,0,0,False,False,False
https://replay.pokemonshowdown.com/gen9vgc2025regg-2329556968-4ahcq88wse5pkm09bj2vr8q7h9q1wbwpw,ok,p1,bloodycheese,Urshifu-Rapid-Strike,Aqua Jet; Close Combat; Protect; Surging Strikes,Unseen Fist,Focus Sash,Stellar,True,VGC,2026-09-28T20:46:17,Urshifu,629,4,3,1,7,6,1,1,0,0,0,0,0,False,False,False
https://replay.pokemonshowdown.com/gen9vgc2025regg-2329556968-4ahcq88wse5pkm09bj2vr8q7h9q1wbwpw,ok,p2,el bamdara,Landorus,Earth Power; Grass Knot; Sandsear Storm; Sludge Bomb,Sheer Force,Choice Scarf,Ghost,False,VGC,2026-09-28T20:46:17,,629,3,4,7,1,6,2,4,1,0,0,0,0,False,False,False
https://replay.pokemonshowdown.com/gen9vgc2025regg-2329556968-4ahcq88wse5pkm09bj2vr8q7h9q1wbwpw,ok,p2,el bamdara,Iron Valiant,Coaching; Encore; Spirit Break; Wide Guard,Quark Drive,Booster Energy,Ghost,False,VGC,2026-09-28T20:46:17,,629,3,4,7,1,6,2,4,1,0,0,0,0,False,False,False
https://replay.pokemonshowdown.com/gen9vgc2025regg-2329556968-4ahcq88wse5pkm09bj2vr8q7h9q1wbwpw,ok,p2,el bamdara,Amoonguss,Clear Smog; Pollen Puff; Rage Powder; Spore,Regenerator,Rocky Helmet,Fire,False,VGC,2026-09-28T20:46:17,SUS,629,3,4,7,1,6,2,4,1,0,0,0,0,False,False,False
https://replay.pokemonshowdown.com/gen9vgc2025regg-2329556968-4ahcq88wse5pkm09bj2vr8q7h9q1wbwpw,ok,p2,el bamdara,Urshifu-*,,,,,False,VGC,2026-09-28T20:46:17,,629,3,4,7,1,6,2,4,1,0,0,0,0,False,False,False
https://replay.pokemonshowdown.com/gen9vgc2025regg-2329556968-4ahcq88wse5pkm09bj2vr8q7h9q1wbwpw,ok,p2,el bamdara,Pelipper,Helping Hand; Hurricane; Weather Ball; Wide Guard,Drizzle,Life Orb,Grass,False,VGC,2026-09-28T20:46:17,Politoed??r,629,3,4,7,1,6,2,4,1,0,0,0,0,False,False,False
https://replay.pokemonshowdown.com/gen9vgc2025regg-2329556968-4ahcq88wse5pkm09bj2vr8q7h9q1wbwpw,ok,p2,el bamdara,Calyrex-Ice,Glacial Lance; High Horsepower; Protect; Trick Room,As One; As One Glastrier; Unnerve,Clear Amulet,Grass,False,VGC,2026-09-28T20:46:17,Made in heaven,629,3,4,7,1,6,2,4,1,0,0,0,0,True,False,True
https://replay.pokemonshowdown.com/gen9vgc2025regg-2329556968-4ahcq88wse5pkm09bj2vr8q7h9q1wbwpw,ok,p2,el bamdara,Urshifu-Rapid-Strike,Aqua Jet; Close Combat; Detect; Surging Strikes,Unseen Fist,Focus Sash,Water,False,VGC,2026-09-28T20:46:17,Star platinum,629,3,4,7,1,6,2,4,1,0,0,0,0,False,False,False
https://replay.pokemonshowdown.com/gen9vgc2025regibo3-2351303143-6f831qr38cet3r586x68umcfbse279dpw,ok,p1,Bloodycheese,Miraidon,Dazzling Gleam; Draco Meteor; Electro Drift; Volt Switch,Hadron Engine,Choice Specs,Fairy,False,VGC,2026-09-28T20:46:18,,148,1,4,0,1,4,0,1,0,0,0,0,0,False,False,False
https://replay.pokemonshowdown.com/gen9vgc2025regibo3-2351303143-6f831qr38cet3r586x68umcfbse279dpw,ok,p1,Bloodycheese,Calyrex-Ice,Glacial Lance; Imprison; Protect; Trick Room,As One; As One Glastrier; Unnerve,Icicle Plate,Dragon,False,VGC,2026-09-28T20:46:18,Calyrex,148,1,4,0,1,4,0,1,0,0,0,0,0,False,False,True
https://replay.pokemonshowdown.com/gen9vgc2025regibo3-2351303143-6f831qr38cet3r586x68umcfbse279dpw,ok,p1,Bloodycheese,Flutter Mane,Icy Wind; Moonblast; Protect; Thunder Wave,Protosynthesis,Booster Energy,Fairy,False,VGC,2026-09-28T20:46:18,,148,1,4,0,1,4,0,1,0,0,0,0,0,True,False,False
https://replay.pokemonshowdown.com/gen9vgc2025regibo3-2351303143-6f831qr38cet3r586x68umcfbse279dpw,ok,p1,Bloodycheese,Ogerpon-Cornerstone,Follow Me; Ivy Cudgel; Power Whip; Spiky Shield,Sturdy,Cornerstone Mask,Rock,False,VGC,2026-09-28T20:46:18,,148,1,4,0,1,4,0,1,0,0,0,0,0,False,False,False
https://replay.pokemonshowdown.com/gen9vgc2025regibo3-2351303143-6f831qr38cet3r586x68umcfbse279dpw,ok,p1,Bloodycheese,Chi-Yu,Heat Wave; Overheat; Protect; Snarl,Beads of Ruin,Covert Cloak,Dragon,False,VGC,2026-09-28T20:46:18,,148,1,4,0,1,4,0,1,0,0,0,0,0,False,False,False
https://replay.pokemonshowdown.com/gen9vgc2025regibo3-2351303143-6f831qr38cet3r586x68umcfbse279dpw,ok,p1,Bloodycheese,Urshifu-*,,,,,False,VGC,2026-09-28T20:46:18,,148,1,4,0,1,4,0,1,0,0,0,0,0,False,False,False
https://replay.pokemonshowdown.com/gen9vgc2025regibo3-2351303143-6f831qr38cet3r586x68umcfbse279dpw,ok,p1,Bloodycheese,Urshifu-Rapid-Strike,Aqua Jet; Close Combat; Detect; Surging Strikes,Unseen Fist,Focus Sash,Stellar,False,VGC,2026-09-28T20:46:18,Urshifu,148,1,4,0,1,4,0,1,0,0,0,0,0,False,False,False
https://replay.pokemonshowdown.com/gen9vgc2025regibo3-2351303143-6f831qr38cet3r586x68umcfbse279dpw,ok,p2,Patojo Chan,Calyrex-Shadow,Astral Barrage; Expanding Force; Nasty Plot; Protect,As One; As One Spectrier; Grim Neigh; Unnerve,Focus Sash,Normal,True,VGC,2026-09-28T20:46:18,Calyrex,148,4,1,1,0,4,2,2,0,4,0,0,0,True,False,False
https://replay.pokemonshowdown.com/gen9vgc2025regibo3-2351303143-6f831qr38cet3r586x68umcfbse279dpw,ok,p2,Patojo Chan,Koraidon,Collision Course; Flame Charge; Flare Blitz; Protect,Orichalcum Pulse,Clear Amulet,Fire,True,VGC,2026-09-28T20:46:18,,148,4,1,1,0,4,2,2,0,4,0,0,0,False,False,False
https://replay.pokemonshowdown.com/gen9vgc2025regibo3-2351303143-6f831qr38cet3r586x68umcfbse279dpw,ok,p2,Patojo Chan,Ogerpon-Hearthflame,Follow Me; Horn Leech; Ivy Cudgel; Spiky Shield,Mold Breaker,Hearthflame Mask,Fire,True,VGC,2026-09-28T20:46:18,,148,4,1,1,0,4,2,2,0,4,0,0,0,False,False,False
https://replay.pokemonshowdown.com/gen9vgc2025regibo3-2351303143-6f831qr38cet3r586x68umcfbse279dpw,ok,p2,Patojo Chan,Brute Bonnet,Rage Powder; Seed Bomb; Spore; Sucker Punch,Protosynthesis,Covert Cloak,Water,True,VGC,2026-09-28T20:46:18,,148,4,1,1,0,4,2,2,0,4,0,0,0,False,False,False
https://replay.pokemonshowdown.com/gen9vgc2025regibo3-2351303143-6f831qr38cet3r586x68umcfbse279dpw,ok,p2,Patojo Chan,Chi-Yu,Dark Pulse; Heat Wave; Overheat; Snarl,Beads of Ruin,Choice Scarf,Ghost,True,VGC,2026-09-28T20:46:18,,148,4,1,1,0,4,2,2,0,4,0,0,0,False,False,False
https://replay.pokemonshowdown.com/gen9vgc2025regibo3-2351303143-6f831qr38cet3r586x68umcfbse279dpw,ok,p2,Patojo Chan,Indeedee-F,Alluring Voice; Follow Me; Protect; Trick Room,Psychic Surge,Psychic Seed,Fairy,True,VGC,2026-09-28T20:46:18,Indeedee,148,4,1,1,0,4,2,2,0,4,0,0,0,False,False,False
https://replay.pokemonshowdown.com/gen9vgc2025regibo3-2356992561-r5aoho14kyr3bmn45y1c44tmeugfp9qpw,ok,p1,bloodycheese,Miraidon,Dazzling Gleam; Draco Meteor; Electro Drift; Volt Switch,Hadron Engine,Choice Specs,Fairy,False,VGC,2026-09-28T20:46:18,,355,3,4,2,0,6,2,2,0,1,0,0,0,True,False,True
https://replay.pokemonshowdown.com/gen9vgc2025regibo3-2356992561-r5aoho14kyr3bmn45y1c44tmeugfp9qpw,ok,p1,bloodycheese,Calyrex-Ice,Glacial Lance; Imprison; Protect; Trick Room,As One; As One Glastrier; Chilling Neigh; Unnerve,Icicle Plate,Dragon,False,VGC,2026-09-28T20:46:18,Calyrex,355,3,4,2,0,6,2,2,0,1,0,0,0,False,False,False
https://replay.pokemonshowdown.com/gen9vgc2025regibo3-2356992561-r5aoho14kyr3bmn45y1c44tmeugfp9qpw,ok,p1,bloodycheese,Flutter Mane,Icy Wind; Moonblast; Protect; Thunder Wave,Protosynthesis,Booster Energy,Fairy,False,VGC,2026-09-28T20:46:18,,355,3,4,2,0,6,2,2,0,1,0,0,0,False,False,False
https://replay.pokemonshowdown.com/gen9vgc2025regibo3-2356992561-r5aoho14kyr3bmn45y1c44tmeugfp9qpw,ok,p1,bloodycheese,Ogerpon-Cornerstone,Follow Me; Ivy Cudgel; Power Whip; Spiky Shield,Sturdy,Cornerstone Mask,Rock,False,VGC,2026-09-28T20:46:18,Ogerpon,355,3,4,2,0,6,2,2,0,1,0,0,0,False,False,False
https://replay.pokemonshowdown.com/gen9vgc2025regibo3-2356992561-r5aoho14kyr3bmn45y1c44tmeugfp9qpw,ok,p1,bloodycheese,Chi-Yu,Heat Wave; Overheat; Protect; Snarl,Beads of Ruin,Covert Cloak,Dragon,False,VGC,2026-09-28T20:46:18,,355,3,4,2,0,6,2,2,0,1,0,0,0,False,False,False
https://replay.pokemonshowdown.com/gen9vgc2025regibo3-2356992561-r5aoho14kyr3bmn45y1c44tmeugfp9qpw,ok,p1,bloodycheese,Urshifu-*,,,,,False,VGC,2026-09-28T20:46:18,,355,3,4,2,0,6,2,2,0,1,0,0,0,False,False,False
https://replay.pokemonshowdown.com/gen9vgc2025regibo3-2356992561-r5aoho14kyr3bmn45y1c44tmeugfp9qpw,ok,p1,bloodycheese,Urshifu-Rapid-Strike,Aqua Jet; Close Combat; Detect; Surging Strikes,Unseen Fist,Focus Sash,Stellar,False,VGC,2026-09-28T20:46:18,Urshifu,355,3,4,2,0,6,2,2,0,1,0,0,0,False,False,False
https://replay.pokemonshowdown.com/gen9vgc2025regibo3-2356992561-r5aoho14kyr3bmn45y1c44tmeugfp9qpw,ok,p2,hydreigon_chelas,Calyrex-Ice,Glacial Lance; High Horsepower; Protect; Trick Room,As One Glastrier,Clear Amulet,Grass,True,VGC,2026-09-28T20:46:18,,355,4,3,0,2,6,2,0,1,0,0,0,0,False,False,False
https://replay.pokemonshowdown.com/gen9vgc2025regibo3-2356992561-r5aoho14kyr3bmn45y1c44tmeugfp9qpw,ok,p2,hydreigon_chelas,Kyogre,Hydro Pump; Protect; Thunder; Water Spout,Drizzle,Mystic Water,Grass,True,VGC,2026-09-28T20:46:18,,355,4,3,0,2,6,2,0,1,0,0,0,0,True,False,True
https://replay.pokemonshowdown.com/gen9vgc2025regibo3-2356992561-r5aoho14kyr3bmn45y1c44tmeugfp9qpw,ok,p2,hydreigon_chelas,Farigiraf,Foul Play; Helping Hand; Psychic; Trick Room,Armor Tail,Safety Goggles,Fairy,True,VGC,2026-09-28T20:46:18,,355,4,3,0,2,6,2,0,1,0,0,0,0,False,False,False
https://replay.pokemonshowdown.com/gen9vgc2025regibo3-2356992561-r5aoho14kyr3bmn45y1c44tmeugfp9qpw,ok,p2,hydreigon_chelas,Ogerpon-Cornerstone,Follow Me; Ivy Cudgel; Power Whip; Spiky Shield,Sturdy,Cornerstone Mask,Rock,True,VGC,2026-09-28T20:46:18,Ogerpon,355,4,3,0,2,6,2,0,1,0,0,0,0,False,False,False
https://replay.pokemonshowdown.com/gen9vgc2025regibo3-2356992561-r5aoho14kyr3bmn45y1c44tmeugfp9qpw,ok,p2,hydreigon_chelas,Tornadus,Bleakwind Storm; Protect; Scary Face; Tailwind,Prankster,Focus Sash,Ghost,True,VGC,2026-09-28T20:46:18,,355,4,3,0,2,6,2,0,1,0,0,0,0,False,False,False
https://replay.pokemonshowdown.com/gen9vgc2025regibo3-2356992561-r5aoho14kyr3bmn45y1c44tmeugfp9qpw,ok,p2,hydreigon_chelas,Incineroar,Fake Out; Knock Off; Parting Shot; Will-O-Wisp,Intimidate,Rocky Helmet,Grass,True,VGC,2026-09-28T20:46:18,,355,4,3,0,2,6,2,0,1,0,0,0,0,False,False,False
https://replay.pokemonshowdown.com/gen9vgc2025regibo3-2364192265-w6h5sgiut9bbs69mdgfe05tf3gck9ctpw,ok,p1,Porygon Anty-Z,Whimsicott,Encore; Moonblast; Protect; Tailwind,Prankster,Covert Cloak,Dark,False,VGC,2026-09-28T20:46:19,,390,1,4,0,3,7,0,1,0,1,0,0,1,False,False,False
https://replay.pokemonshowdown.com/gen9vgc2025regibo3-2364192265-w6h5sgiut9bbs69mdgfe05tf3gck9ctpw,ok,p1,Porygon Anty-Z,Miraidon,Dazzling Gleam; Draco Meteor; Electro Drift; Volt Switch,Hadron Engine,Choice Specs,Fairy,False,VGC,2026-09-28T20:46:19,,390,1,4,0,3,7,0,1,0,1,0,0,1,False,False,False
https://replay.pokemonshowdown.com/gen9vgc2025regibo3-2364192265-w6h5sgiut9bbs69mdgfe05tf3gck9ctpw,ok,p1,Porygon Anty-Z,Lunala,Meteor Beam; Moonblast; Moongeist Beam; Wide Guard,Shadow Shield,Power Herb,Dark,False,VGC,2026-09-28T20:46:19,,390,1,4,0,3,7,0,1,0,1,0,0,1,False,False,False
https://replay.pokemonshowdown.com/gen9vgc2025regibo3-2364192265-w6h5sgiut9bbs69mdgfe05tf3gck9ctpw,ok,p1,Porygon Anty-Z,Urshifu-*,,,,,False,VGC,2026-09-28T20:46:19,,390,1,4,0,3,7,0,1,0,1,0,0,1,False,False,False
https://replay.pokemonshowdown.com/gen9vgc2025regibo3-2364192265-w6h5sgiut9bbs69mdgfe05tf3gck9ctpw,ok,p1,Porygon Anty-Z,Incineroar,Fake Out; Knock Off; Parting Shot; Will-O-Wisp,Intimidate,Rocky Helmet,Water,False,VGC,2026-09-28T20:46:19,,390,1,4,0,3,7,0,1,0,1,0,0,1,True,False,False
https://replay.pokemonshowdown.com/gen9vgc2025regibo3-2364192265-w6h5sgiut9bbs69mdgfe05tf3gck9ctpw,ok,p1,Porygon Anty-Z,Chi-Yu,Dark Pulse; Heat Wave; Overheat; Snarl,Beads of Ruin,Safety Goggles,Ghost,False,VGC,2026-09-28T20:46:19,,390,1,4,0,3,7,0,1,0,1,0,0,1,False,False,False
https://replay.pokemonshowdown.com/gen9vgc2025regibo3-2364192265-w6h5sgiut9bbs69mdgfe05tf3gck9ctpw,ok,p1,Porygon Anty-Z,Urshifu-Rapid-Strike,Aqua Jet; Close Combat; Surging Strikes; U-turn,Unseen Fist,Choice Scarf,Water,False,VGC,2026-09-28T20:46:19,Urshifu,390,1,4,0,3,7,0,1,0,1,0,0,1,False,False,False
https://replay.pokemonshowdown.com/gen9vgc2025regibo3-2364192265-w6h5sgiut9bbs69mdgfe05tf3gck9ctpw,ok,p2,bloodycheese,Miraidon,Dazzling Gleam; Draco Meteor; Electro Drift; Volt Switch,Hadron Engine,Choice Specs,Fairy,True,VGC,2026-09-28T20:46:19,,390,4,1,3,0,7,4,1,0,0,0,0,0,True,False,False
https://replay.pokemonshowdown.com/gen9vgc2025regibo3-2364192265-w6h5sgiut9bbs69mdgfe05tf3gck9ctpw,ok,p2,bloodycheese,Calyrex-Shadow,Astral Barrage; Nasty Plot; Protect; Psyshock,As One; As One Spectrier; Unnerve,Sitrus Berry,Normal,True,VGC,2026-09-28T20:46:19,Calyrex,390,4,1,3,0,7,4,1,0,0,0,0,0,False,False,False
https://replay.pokemonshowdown.com/gen9vgc2025regibo3-2364192265-w6h5sgiut9bbs69mdgfe05tf3gck9ctpw,ok,p2,bloodycheese,Whimsicott,Encore; Light Screen; Moonblast; Tailwind,Prankster,Covert Cloak,Dark,True,VGC,2026-09-28T20:46:19,,390,4,1,3,0,7,4,1,0,0,0,0,0,False,False,False
https://replay.pokemonshowdown.com/gen9vgc2025regibo3-2364192265-w6h5sgiut9bbs69mdgfe05tf3gck9ctpw,ok,p2,bloodycheese,Incineroar,Fake Out; Flare Blitz; Knock Off; U-turn,Intimidate,Assault Vest,Dragon,True,VGC,2026-09-28T20:46:19,,390,4,1,3,0,7,4,1,0,0,0,0,0,False,False,False
https://replay.pokemonshowdown.com/gen9vgc2025regibo3-2364192265-w6h5sgiut9bbs69mdgfe05tf3gck9ctpw,ok,p2,bloodycheese,Farigiraf,Foul Play; Helping Hand; Psychic; Trick Room,Armor Tail,Electric Seed,Water,True,VGC,2026-09-28T20:46:19,,390,4,1,3,0,7,4,1,0,0,0,0,0,False,False,False
https://replay.pokemonshowdown.com/gen9vgc2025regibo3-2364192265-w6h5sgiut9bbs69mdgfe05tf3gck9ctpw,ok,p2,bloodycheese,Urshifu-*,,,,,True,VGC,2026-09-28T20:46:19,,390,4,1,3,0,7,4,1,0,0,0,0,0,False,False,False
https://replay.pokemonshowdown.com/gen9vgc2025regibo3-2364192265-w6h5sgiut9bbs69mdgfe05tf3gck9ctpw,ok,p2,bloodycheese,Urshifu-Rapid-Strike,Aqua Jet; Close Combat; Protect; Surging Strikes,Unseen Fist,Focus Sash,Stellar,True,VGC,2026-09-28T20:46:19,Urshifu,390,4,1,3,0,7,4,1,0,0,0,0,0,False,False,False
https://replay.pokemonshowdown.com/gen9vgc2025regibo3-2371135645-cwxvn40d0rnkm3ul0lkeqowcp5xmf03pw,ok,p1,Bloodycheese,Miraidon,Dazzling Gleam; Draco Meteor; Electro Drift; Volt Switch,Hadron Engine,Choice Specs,Fairy,False,VGC,2026-09-28T20:46:20,,369,2,4,0,0,8,2,0,0,1,5,0,0,True,False,False
https://replay.pokemonshowdown.com/gen9vgc2025regibo3-2371135645-cwxvn40d0rnkm3ul0lkeqowcp5xmf03pw,ok,p1,Bloodycheese,Lunala,Moongeist Beam; Psyshock; Trick Room; Wide Guard,Shadow Shield,Electric Seed,Water,False,VGC,2026-09-28T20:46:20,,369,2,4,0,0,8,2,0,0,1,5,0,0,False,False,True
https://replay.pokemonshowdown.com/gen9vgc2025regibo3-2371135645-cwxvn40d0rnkm3ul0lkeqowcp5xmf03pw,ok,p1,Bloodycheese,Whimsicott,Encore; Light Screen; Moonblast; Tailwind,Prankster,Covert Cloak,Dark,False,VGC,2026-09-28T20:46:20,,369,2,4,0,0,8,2,0,0,1,5,0,0,False,False,False
https://replay.pokemonshowdown.com/gen9vgc2025regibo3-2371135645-cwxvn40d0rnkm3ul0lkeqowcp5xmf03pw,ok,p1,Bloodycheese,Chi-Yu,Dark Pulse; Heat Wave; Overheat; Snarl,Beads of Ruin,Choice Scarf,Ghost,False,VGC,2026-09-28T20:46:20,,369,2,4,0,0,8,2,0,0,1,5,0,0,False,False,False
https://replay.pokemonshowdown.com/gen9vgc2025regibo3-2371135645-cwxvn40d0rnkm3ul0lkeqowcp5xmf03pw,ok,p1,Bloodycheese,Urshifu-*,,,,,False,VGC,2026-09-28T20:46:20,,369,2,4,0,0,8,2,0,0,1,5,0,0,False,False,False
https://replay.pokemonshowdown.com/gen9vgc2025regibo3-2371135645-cwxvn40d0rnkm3ul0lkeqowcp5xmf03pw,ok,p1,Bloodycheese,Iron Hands,Drain Punch; Fake Out; Heavy Slam; Low Kick,Quark Drive,Assault Vest,Water,False,VGC,2026-09-28T20:46:20,,369,2,4,0,0,8,2,0,0,1,5,0,0,False,False,False
https://replay.pokemonshowdown.com/gen9vgc2025regibo3-2371135645-cwxvn40d0rnkm3ul0lkeqowcp5xmf03pw,ok,p1,Bloodycheese,Urshifu-Rapid-Strike,Aqua Jet; Close Combat; Detect; Surging Strikes,Unseen Fist,Focus Sash,Stellar,False,VGC,2026-09-28T20:46:20,,369,2,4,0,0,8,2,0,0,1,5,0,0,False,False,False
https://replay.pokemonshowdown.com/gen9vgc2025regibo3-2371135645-cwxvn40d0rnkm3ul0lkeqowcp5xmf03pw,ok,p2,haosigismondi,Zamazenta-*,,,,,True,VGC,2026-09-28T20:46:20,,369,4,2,0,0,8,1,1,0,2,5,0,0,False,False,False
https://replay.pokemonshowdown.com/gen9vgc2025regibo3-2371135645-cwxvn40d0rnkm3ul0lkeqowcp5xmf03pw,ok,p2,haosigismondi,Calyrex-Shadow,Astral Barrage; Encore; Protect; Psychic,As One; As One Spectrier; Grim Neigh; Unnerve,Focus Sash,Ghost,True,VGC,2026-09-28T20:46:20,Calyrex,369,4,2,0,0,8,1,1,0,2,5,0,0,False,False,True
https://replay.pokemonshowdown.com/gen9vgc2025regibo3-2371135645-cwxvn40d0rnkm3ul0lkeqowcp5xmf03pw,ok,p2,haosigismondi,Tornadus,Bleakwind Storm; Protect; Rain Dance; Tailwind,Prankster,Rocky Helmet,Dark,True,VGC,2026-09-28T20:46:20,,369,4,2,0,0,8,1,1,0,2,5,0,0,False,False,False
https://replay.pokemonshowdown.com/gen9vgc2025regibo3-2371135645-cwxvn40d0rnkm3ul0lkeqowcp5xmf03pw,ok,p2,haosigismondi,Urshifu-*,,,,,True,VGC,2026-09-28T20:46:20,,369,4,2,0,0,8,1,1,0,2,5,0,0,False,False,False
https://replay.pokemonshowdown.com/gen9vgc2025regibo3-2371135645-cwxvn40d0rnkm3ul0lkeqowcp5xmf03pw,ok,p2,haosigismondi,Rillaboom,Fake Out; Grassy Glide; U-turn; Wood Hammer,Grassy Surge,Assault Vest,Fire,True,VGC,2026-09-28T20:46:20,,369,4,2,0,0,8,1,1,0,2,5,0,0,False,False,False
https://replay.pokemonshowdown.com/gen9vgc2025regibo3-2371135645-cwxvn40d0rnkm3ul0lkeqowcp5xmf03pw,ok,p2,haosigismondi,Chien-Pao,Ice Shard; Icicle Crash; Protect; Sucker Punch,Sword of Ruin,Life Orb,Stellar,True,VGC,2026-09-28T20:46:20,,369,4,2,0,0,8,1,1,0,2,5,0,0,False,False,False
https://replay.pokemonshowdown.com/gen9vgc2025regibo3-2371135645-cwxvn40d0rnkm3ul0lkeqowcp5xmf03pw,ok,p2,haosigismondi,Zamazenta-Crowned,Body Press; Heavy Slam; Protect; Wide Guard,Dauntless Shield,Rusted Shield,Ghost,True,VGC,2026-09-28T20:46:20,Zamazenta,369,4,2,0,0,8,1,1,0,2,5,0,0,True,False,False
https://replay.pokemonshowdown.com/gen9vgc2025regibo3-2371135645-cwxvn40d0rnkm3ul0lkeqowcp5xmf03pw,ok,p2,haosigismondi,Urshifu-Rapid-Strike,Aqua Jet; Close Combat; Detect; Surging Strikes,Unseen Fist,Mystic Water,Water,True,VGC,2026-09-28T20:46:20,,369,4,2,0,0,8,1,1,0,2,5,0,0,False,False,False
https://replay.pokemonshowdown.com/gen9vgc2025regibo3-2374037823-mosv593ofg95o00lwpk0ft4mdewuf79pw,ok,p1,bloodycheese,Miraidon,Dazzling Gleam; Draco Meteor; Electro Drift; Volt Switch,Hadron Engine,Choice Specs,Fairy,True,VGC,2026-09-28T20:46:20,,348,3,1,0,0,10,0,1,0,1,8,0,0,True,False,False
https://replay.pokemonshowdown.com/gen9vgc2025regibo3-2374037823-mosv593ofg95o00lwpk0ft4mdewuf79pw,ok,p1,bloodycheese,Lunala,Moongeist Beam; Psyshock; Trick Room; Wide Guard,Shadow Shield,Electric Seed,Water,True,VGC,2026-09-28T20:46:20,,348,3,1,0,0,10,0,1,0,1,8,0,0,False,False,True
https://replay.pokemonshowdown.com/gen9vgc2025regibo3-2374037823-mosv593ofg95o00lwpk0ft4mdewuf79pw,ok,p1,bloodycheese,Whimsicott,Encore; Light Screen; Moonblast; Tailwind,Prankster,Covert Cloak,Dark,True,VGC,2026-09-28T20:46:20,,348,3,1,0,0,10,0,1,0,1,8,0,0,False,False,False
https://replay.pokemonshowdown.com/gen9vgc2025regibo3-2374037823-mosv593ofg95o00lwpk0ft4mdewuf79pw,ok,p1,bloodycheese,Chi-Yu,Dark Pulse; Heat Wave; Overheat; Snarl,Beads of Ruin,Choice Scarf,Ghost,True,VGC,2026-09-28T20:46:20,,348,3,1,0,0,10,0,1,0,1,8,0,0,False,False,False
https://replay.pokemonshowdown.com/gen9vgc2025regibo3-2374037823-mosv593ofg95o00lwpk0ft4mdewuf79pw,ok,p1,bloodycheese,Urshifu-*,,,,,True,VGC,2026-09-28T20:46:20,,348,3,1,0,0,10,0,1,0,1,8,0,0,False,False,False
https://replay.pokemonshowdown.com/gen9vgc2025regibo3-2374037823-mosv593ofg95o00lwpk0ft4mdewuf79pw,ok,p1,bloodycheese,Iron Hands,Drain Punch; Fake Out; Heavy Slam; Low Kick,Quark Drive,Assault Vest,Water,True,VGC,2026-09-28T20:46:20,,348,3,1,0,0,10,0,1,0,1,8,0,0,False,False,False
https://replay.pokemonshowdown.com/gen9vgc2025regibo3-2374037823-mosv593ofg95o00lwpk0ft4mdewuf79pw,ok,p1,bloodycheese,Urshifu-Rapid-Strike,Aqua Jet; Close Combat; Detect; Surging Strikes,Unseen Fist,Focus Sash,Stellar,True,VGC,2026-09-28T20:46:20,,348,3,1,0,0,10,0,1,0,1,8,0,0,False,False,False
https://replay.pokemonshowdown.com/gen9vgc2025regibo3-2374037823-mosv593ofg95o00lwpk0ft4mdewuf79pw,ok,p2,NOTWAFER,Zamazenta-*,,,,,False,VGC,2026-09-28T20:46:20,,348,1,3,0,0,10,0,1,0,1,5,0,0,False,False,False
https://replay.pokemonshowdown.com/gen9vgc2025regibo3-2374037823-mosv593ofg95o00lwpk0ft4mdewuf79pw,ok,p2,NOTWAFER,Calyrex-Shadow,Astral Barrage; Encore; Protect; Psychic,As One; As One Spectrier; Unnerve,Focus Sash,Ghost,False,VGC,2026-09-28T20:46:20,Calyrex,348,1,3,0,0,10,0,1,0,1,5,0,0,False,False,True
https://replay.pokemonshowdown.com/gen9vgc2025regibo3-2374037823-mosv593ofg95o00lwpk0ft4mdewuf79pw,ok,p2,NOTWAFER,Tornadus,Bleakwind Storm; Protect; Rain Dance; Tailwind,Prankster,Rocky Helmet,Dark,False,VGC,2026-09-28T20:46:20,,348,1,3,0,0,10,0,1,0,1,5,0,0,False,False,False
https://replay.pokemonshowdown.com/gen9vgc2025regibo3-2374037823-mosv593ofg95o00lwpk0ft4mdewuf79pw,ok,p2,NOTWAFER,Urshifu-*,,,,,False,VGC,2026-09-28T20:46:20,,348,1,3,0,0,10,0,1,0,1,5,0,0,False,False,False
https://replay.pokemonshowdown.com/gen9vgc2025regibo3-2374037823-mosv593ofg95o00lwpk0ft4mdewuf79pw,ok,p2,NOTWAFER,Rillaboom,Fake Out; Grassy Glide; U-turn; Wood Hammer,Grassy Surge,Assault Vest,Fire,False,VGC,2026-09-28T20:46:20,,348,1,3,0,0,10,0,1,0,1,5,0,0,False,False,False
https://replay.pokemonshowdown.com/gen9vgc2025regibo3-2374037823-mosv593ofg95o00lwpk0ft4mdewuf79pw,ok,p2,NOTWAFER,Chien-Pao,Crunch; Icicle Crash; Protect; Sucker Punch,Sword of Ruin,Life Orb,Stellar,False,VGC,2026-09-28T20:46:20,,348,1,3,0,0,10,0,1,0,1,5,0,0,False,False,False
https://replay.pokemonshowdown.com/gen9vgc2025regibo3-2374037823-mosv593ofg95o00lwpk0ft4mdewuf79pw,ok,p2,NOTWAFER,Zamazenta-Crowned,Body Press; Heavy Slam; Protect; Wide Guard,Dauntless Shield,Rusted Shield,Ghost,False,VGC,2026-09-28T20:46:20,Zamazenta,348,1,3,0,0,10,0,1,0,1,5,0,0,True,False,False
https://replay.pokemonshowdown.com/gen9vgc2025regibo3-2374037823-mosv593ofg95o00lwpk0ft4mdewuf79pw,ok,p2,NOTWAFER,Urshifu-Rapid-Strike,Aqua Jet; Close Combat; Detect; Surging Strikes,Unseen Fist,Mystic Water,Water,False,VGC,2026-09-28T20:46:20,Urshifu,348,1,3,0,0,10,0,1,0,1,5,0,0,False,False,False
https://replay.pokemonshowdown.com/gen9freeforallrandombattle-2334094878-vvmpy7c9wcyercf7hh1tabn39j3puvlpw,ok,p1,buenocomoeloro,Haxorus,Iron Head; Protect; Scale Shot,Unnerve,,Dragon,False,Free For all Randoms,2026-09-28T20:46:21,,1209,0,6,1,1,29,4,0,0,6,4,0,0,True,False,True
https://replay.pokemonshowdown.com/gen9freeforallrandombattle-2334094878-vvmpy7c9wcyercf7hh1tabn39j3puvlpw,ok,p1,buenocomoeloro,Hariyama,Bullet Punch; Facade,,,,False,Free For all Randoms,2026-09-28T20:46:21,,1209,0,6,1,1,29,4,0,0,6,4,0,0,False,False,False
https://replay.pokemonshowdown.com/gen9freeforallrandombattle-2334094878-vvmpy7c9wcyercf7hh1tabn39j3puvlpw,ok,p1,buenocomoeloro,Ceruledge,Bitter Blade,,,,False,Free For all Randoms,2026-09-28T20:46:21,,1209,0,6,1,1,29,4,0,0,6,4,0,0,False,False,False
https://replay.pokemonshowdown.com/gen9freeforallrandombattle-2334094878-vvmpy7c9wcyercf7hh1tabn39j3puvlpw,ok,p1,buenocomoeloro,Yanmega,Air Slash; Bug Buzz; Protect,Speed Boost,,,False,Free For all Randoms,2026-09-28T20:46:21,,1209,0,6,1,1,29,4,0,0,6,4,0,0,False,False,False
https://replay.pokemonshowdown.com/gen9freeforallrandombattle-2334094878-vvmpy7c9wcyercf7hh1tabn39j3puvlpw,ok,p1,buenocomoeloro,Comfey,Draining Kiss,,Sitrus Berry,,False,Free For all Randoms,2026-09-28T20:46:21,,1209,0,6,1,1,29,4,0,0,6,4,0,0,False,False,False
https://replay.pokemonshowdown.com/gen9freeforallrandombattle-2334094878-vvmpy7c9wcyercf7hh1tabn39j3puvlpw,ok,p1,buenocomoeloro,Maushold,Population Bomb,,,,False,Free For all Randoms,2026-09-28T20:46:21,,1209,0,6,1,1,29,4,0,0,6,4,0,0,False,False,False
https://replay.pokemonshowdown.com/gen9freeforallrandombattle-2334094878-vvmpy7c9wcyercf7hh1tabn39j3puvlpw,ok,p2,SuperiorPangoro,Whiscash,Muddy Water; Protect,,,,True,Free For all Randoms,2026-09-28T20:46:21,,1209,0,0,1,1,29,9,3,0,1,11,0,0,True,False,False
https://replay.pokemonshowdown.com/gen9freeforallrandombattle-2334094878-vvmpy7c9wcyercf7hh1tabn39j3puvlpw,ok,p2,SuperiorPangoro,Overqwil,Gunk Shot; Liquidation; Protect,Intimidate,Life Orb,,True,Free For all Randoms,2026-09-28T20:46:21,,1209,0,0,1,1,29,9,3,0,1,11,0,0,False,False,False
https://replay.pokemonshowdown.com/gen9freeforallrandombattle-2334094878-vvmpy7c9wcyercf7hh1tabn39j3puvlpw,ok,p2,SuperiorPangoro,Gliscor,Earthquake; Facade; Protect; Swords Dance,,Toxic Orb,Normal,True,Free For all Randoms,2026-09-28T20:46:21,,1209,0,0,1,1,29,9,3,0,1,11,0,0,False,False,True
https://replay.pokemonshowdown.com/gen9freeforallrandombattle-2334094878-vvmpy7c9wcyercf7hh1tabn39j3puvlpw,ok,p2,SuperiorPangoro,Lucario,Flash Cannon,,,,True,Free For all Randoms,2026-09-28T20:46:21,,1209,0,0,1,1,29,9,3,0,1,11,0,0,False,False,False
https://replay.pokemonshowdown.com/gen9freeforallrandombattle-2334094878-vvmpy7c9wcyercf7hh1tabn39j3puvlpw,ok,p3,Fabricio19jr,Swalot,Gunk Shot; Knock Off; Poison Gas,,Iapapa Berry,,False,Free For all Randoms,2026-09-28T20:46:21,,1209,0,6,0,1,29,0,2,0,0,3,0,0,True,False,False
https://replay.pokemonshowdown.com/gen9freeforallrandombattle-2334094878-vvmpy7c9wcyercf7hh1tabn39j3puvlpw,ok,p3,Fabricio19jr,Swanna,Hydro Pump,,,,False,Free For all Randoms,2026-09-28T20:46:21,,1209,0,6,0,1,29,0,2,0,0,3,0,0,False,False,False
https://replay.pokemonshowdown.com/gen9freeforallrandombattle-2334094878-vvmpy7c9wcyercf7hh1tabn39j3puvlpw,ok,p3,Fabricio19jr,Wugtrio,Liquidation,,,,False,Free For all Randoms,2026-09-28T20:46:21,,1209,0,6,0,1,29,0,2,0,0,3,0,0,False,False,False
https://replay.pokemonshowdown.com/gen9freeforallrandombattle-2334094878-vvmpy7c9wcyercf7hh1tabn39j3puvlpw,ok,p3,Fabricio19jr,Tinkaton,Fake Out; Stealth Rock,Mold Breaker,Sitrus Berry,,False,Free For all Randoms,2026-09-28T20:46:21,,1209,0,6,0,1,29,0,2,0,0,3,0,0,False,False,False
https://replay.pokemonshowdown.com/gen9freeforallrandombattle-2334094878-vvmpy7c9wcyercf7hh1tabn39j3puvlpw,ok,p3,Fabricio19jr,Terapagos,Tera Starstorm,,,,False,Free For all Randoms,2026-09-28T20:46:21,,1209,0,6,0,1,29,0,2,0,0,3,0,0,False,False,False
https://replay.pokemonshowdown.com/gen9freeforallrandombattle-2334094878-vvmpy7c9wcyercf7hh1tabn39j3puvlpw,ok,p3,Fabricio19jr,Dialga,Fire Blast; Heavy Slam; Protect,Pressure,,Fire,False,Free For all Randoms,2026-09-28T20:46:21,,1209,0,6,0,1,29,0,2,0,0,3,0,0,False,False,True
https://replay.pokemonshowdown.com/gen9freeforallrandombattle-2334094878-vvmpy7c9wcyercf7hh1tabn39j3puvlpw,ok,p4,roy kasoy,Sinistcha-Masterpiece,Matcha Gotcha; Trick Room,,Sitrus Berry,,False,Free For all Randoms,2026-09-28T20:46:21,Sinistcha,1209,0,6,1,0,29,1,11,0,0,14,0,0,True,False,False
https://replay.pokemonshowdown.com/gen9freeforallrandombattle-2334094878-vvmpy7c9wcyercf7hh1tabn39j3puvlpw,ok,p4,roy kasoy,Hitmontop,Close Combat; Fake Out; Sucker Punch,Intimidate,Sitrus Berry,,False,Free For all Randoms,2026-09-28T20:46:21,,1209,0,6,1,0,29,1,11,0,0,14,0,0,False,False,False
https://replay.pokemonshowdown.com/gen9freeforallrandombattle-2334094878-vvmpy7c9wcyercf7hh1tabn39j3puvlpw,ok,p4,roy kasoy,Typhlosion,Eruption; Fire Blast,,,Fire,False,Free For all Randoms,2026-09-28T20:46:21,,1209,0,6,1,0,29,1,11,0,0,14,0,0,False,False,True
https://replay.pokemonshowdown.com/gen9freeforallrandombattle-2334094878-vvmpy7c9wcyercf7hh1tabn39j3puvlpw,ok,p4,roy kasoy,Brambleghast,Protect; Shadow Sneak,,,,False,Free For all Randoms,2026-09-28T20:46:21,,1209,0,6,1,0,29,1,11,0,0,14,0,0,False,False,False
https://replay.pokemonshowdown.com/gen9freeforallrandombattle-2334094878-vvmpy7c9wcyercf7hh1tabn39j3puvlpw,ok,p4,roy kasoy,Salazzle,Fake Out; Sludge Bomb,,,,False,Free For all Randoms,2026-09-28T20:46:21,,1209,0,6,1,0,29,1,11,0,0,14,0,0,False,False,False
https://replay.pokemonshowdown.com/gen9freeforallrandombattle-2334094878-vvmpy7c9wcyercf7hh1tabn39j3puvlpw,ok,p4,roy kasoy,Delibird,Fake Out,,,,False,Free For all Randoms,2026-09-28T20:46:21,,1209,0,6,1,0,29,1,11,0,0,14,0,0,False,False,False
https://replay.pokemonshowdown.com/gen9freeforallrandombattle-2342193350-82apeu36m0vonkn22298euqrkw0hp8jpw,ok,p1,bloodycheese,Chi-Yu,Dark Pulse,Beads of Ruin,,,False,Free For all Randoms,2026-09-28T20:46:22,,1252,0,6,1,0,47,7,3,0,0,2,0,0,True,False,False
https://replay.pokemonshowdown.com/gen9freeforallrandombattle-2342193350-82apeu36m0vonkn22298euqrkw0hp8jpw,ok,p1,bloodycheese,Araquanid,Hydro Pump; Liquidation,,,,False,Free For all Randoms,2026-09-28T20:46:22,,1252,0,6,1,0,47,7,3,0,0,2,0,0,False,False,False
https://replay.pokemonshowdown.com/gen9freeforallrandombattle-2342193350-82apeu36m0vonkn22298euqrkw0hp8jpw,ok,p1,bloodycheese,Raikou,Protect; Scald; Shadow Ball; Thunderbolt,,,Water,False,Free For all Randoms,2026-09-28T20:46:22,,1252,0,6,1,0,47,7,3,0,0,2,0,0,False,False,True
https://replay.pokemonshowdown.com/gen9freeforallrandombattle-2342193350-82apeu36m0vonkn22298euqrkw0hp8jpw,ok,p1,bloodycheese,Brute Bonnet,Seed Bomb; Spore; Sucker Punch,,Sitrus Berry,,False,Free For all Randoms,2026-09-28T20:46:22,,1252,0,6,1,0,47,7,3,0,0,2,0,0,False,False,False
https://replay.pokemonshowdown.com/gen9freeforallrandombattle-2342193350-82apeu36m0vonkn22298euqrkw0hp8jpw,ok,p1,bloodycheese,Charizard,Hurricane; Scorching Sands,,,,False,Free For all Randoms,2026-09-28T20:46:22,,1252,0,6,1,0,47,7,3,0,0,2,0,0,False,False,False
https://replay.pokemonshowdown.com/gen9freeforallrandombattle-2342193350-82apeu36m0vonkn22298euqrkw0hp8jpw,ok,p1,bloodycheese,Flygon,Earth Power; Tailwind,,Sitrus Berry,,False,Free For all Randoms,2026-09-28T20:46:22,,1252,0,6,1,0,47,7,3,0,0,2,0,0,False,False,False
https://replay.pokemonshowdown.com/gen9freeforallrandombattle-2342193350-82apeu36m0vonkn22298euqrkw0hp8jpw,ok,p2,Astonished_25,Sandaconda,Glare,,Sitrus Berry,,True,Free For all Randoms,2026-09-28T20:46:22,,1252,0,5,0,2,47,5,2,0,12,12,0,0,True,False,False
https://replay.pokemonshowdown.com/gen9freeforallrandombattle-2342193350-82apeu36m0vonkn22298euqrkw0hp8jpw,ok,p2,Astonished_25,Kingambit,Iron Head; Sucker Punch; Swords Dance,,Sitrus Berry,,True,Free For all Randoms,2026-09-28T20:46:22,,1252,0,5,0,2,47,5,2,0,12,12,0,0,False,False,False
https://replay.pokemonshowdown.com/gen9freeforallrandombattle-2342193350-82apeu36m0vonkn22298euqrkw0hp8jpw,ok,p2,Astonished_25,Phione,Ice Beam; Scald; Take Heart,,,,True,Free For all Randoms,2026-09-28T20:46:22,,1252,0,5,0,2,47,5,2,0,12,12,0,0,False,False,False
https://replay.pokemonshowdown.com/gen9freeforallrandombattle-2342193350-82apeu36m0vonkn22298euqrkw0hp8jpw,ok,p2,Astonished_25,Dondozo,Avalanche; Body Press; Heavy Slam,,,,True,Free For all Randoms,2026-09-28T20:46:22,,1252,0,5,0,2,47,5,2,0,12,12,0,0,False,False,False
https://replay.pokemonshowdown.com/gen9freeforallrandombattle-2342193350-82apeu36m0vonkn22298euqrkw0hp8jpw,ok,p2,Astonished_25,Mewtwo,Nasty Plot,Unnerve,Sitrus Berry,,True,Free For all Randoms,2026-09-28T20:46:22,,1252,0,5,0,2,47,5,2,0,12,12,0,0,False,False,False
https://replay.pokemonshowdown.com/gen9freeforallrandombattle-2342193350-82apeu36m0vonkn22298euqrkw0hp8jpw,ok,p2,Astonished_25,Garchomp,Earthquake; Scale Shot; Swords Dance,,,Dragon,True,Free For all Randoms,2026-09-28T20:46:22,,1252,0,5,0,2,47,5,2,0,12,12,0,0,False,False,True
https://replay.pokemonshowdown.com/gen9freeforallrandombattle-2342193350-82apeu36m0vonkn22298euqrkw0hp8jpw,ok,p3,JuanJau,Cryogonal,Icy Wind,,,,False,Free For all Randoms,2026-09-28T20:46:22,,1252,0,6,1,1,47,6,2,0,2,1,0,0,True,False,False
https://replay.pokemonshowdown.com/gen9freeforallrandombattle-2342193350-82apeu36m0vonkn22298euqrkw0hp8jpw,ok,p3,JuanJau,Rotom-Frost,Blizzard; Nasty Plot; Will-O-Wisp,,Blunder Policy,,False,Free For all Randoms,2026-09-28T20:46:22,Rotom,1252,0,6,1,1,47,6,2,0,2,1,0,0,False,False,False
https://replay.pokemonshowdown.com/gen9freeforallrandombattle-2342193350-82apeu36m0vonkn22298euqrkw0hp8jpw,ok,p3,JuanJau,Dugtrio,Protect; Rock Slide; Stomping Tantrum; Sucker Punch,,,,False,Free For all Randoms,2026-09-28T20:46:22,,1252,0,6,1,1,47,6,2,0,2,1,0,0,False,False,False
https://replay.pokemonshowdown.com/gen9freeforallrandombattle-2342193350-82apeu36m0vonkn22298euqrkw0hp8jpw,ok,p3,JuanJau,Appletun,,,Sitrus Berry,,False,Free For all Randoms,2026-09-28T20:46:22,,1252,0,6,1,1,47,6,2,0,2,1,0,0,False,False,False
https://replay.pokemonshowdown.com/gen9freeforallrandombattle-2342193350-82apeu36m0vonkn22298euqrkw0hp8jpw,ok,p3,JuanJau,Gholdengo,Dazzling Gleam,,,Fairy,False,Free For all Randoms,2026-09-28T20:46:22,,1252,0,6,1,1,47,6,2,0,2,1,0,0,False,False,True
https://replay.pokemonshowdown.com/gen9freeforallrandombattle-2342193350-82apeu36m0vonkn22298euqrkw0hp8jpw,ok,p3,JuanJau,Salazzle,Fake Out; Poison Gas,,,,False,Free For all Randoms,2026-09-28T20:46:22,,1252,0,6,1,1,47,6,2,0,2,1,0,0,False,False,False
https://replay.pokemonshowdown.com/gen9freeforallrandombattle-2342193350-82apeu36m0vonkn22298euqrkw0hp8jpw,ok,p4,Davarv,Espeon,Dazzling Gleam; Protect,,,,False,Free For all Randoms,2026-09-28T20:46:22,,1252,0,6,1,0,47,2,2,0,0,4,0,0,True,False,False
https://replay.pokemonshowdown.com/gen9freeforallrandombattle-2342193350-82apeu36m0vonkn22298euqrkw0hp8jpw,ok,p4,Davarv,Manaphy,Energy Ball; Hydro Pump; Protect,,Sitrus Berry,,False,Free For all Randoms,2026-09-28T20:46:22,,1252,0,6,1,0,47,2,2,0,0,4,0,0,False,False,False
https://replay.pokemonshowdown.com/gen9freeforallrandombattle-2342193350-82apeu36m0vonkn22298euqrkw0hp8jpw,ok,p4,Davarv,Umbreon,,,Sitrus Berry,,False,Free For all Randoms,2026-09-28T20:46:22,,1252,0,6,1,0,47,2,2,0,0,4,0,0,False,False,False
https://replay.pokemonshowdown.com/gen9freeforallrandombattle-2342193350-82apeu36m0vonkn22298euqrkw0hp8jpw,ok,p4,Davarv,Vespiquen,Hurricane,Unnerve,Sitrus Berry,,False,Free For all Randoms,2026-09-28T20:46:22,,1252,0,6,1,0,47,2,2,0,0,4,0,0,False,False,False
https://replay.pokemonshowdown.com/gen9freeforallrandombattle-2342193350-82apeu36m0vonkn22298euqrkw0hp8jpw,ok,p4,Davarv,Swalot,Gunk Shot; Thunder Wave,,Figy Berry,,False,Free For all Randoms,2026-09-28T20:46:22,,1252,0,6,1,0,47,2,2,0,0,4,0,0,False,False,False
https://replay.pokemonshowdown.com/gen9freeforallrandombattle-2342193350-82apeu36m0vonkn22298euqrkw0hp8jpw,ok,p4,Davarv,Bruxish,Wave Crash,,,Dark,False,Free For all Randoms,2026-09-28T20:46:22,,1252,0,6,1,0,47,2,2,0,0,4,0,0,False,False,True
https://replay.pokemonshowdown.com/gen9freeforallrandombattle-2342188559,ok,p1,Fur4nk0,Klefki,Dazzling Gleam; Foul Play; Thunder Wave,,Sitrus Berry,,False,Free For all Randoms,2026-09-28T20:46:23,,1501,0,6,1,1,40,5,0,0,0,6,0,0,True,False,False
https://replay.pokemonshowdown.com/gen9freeforallrandombattle-2342188559,ok,p1,Fur4nk0,Trevenant,Protect; Trick Room; Wood Hammer,,Sitrus Berry,,False,Free For all Randoms,2026-09-28T20:46:23,,1501,0,6,1,1,40,5,0,0,0,6,0,0,False,False,False
https://replay.pokemonshowdown.com/gen9freeforallrandombattle-2342188559,ok,p1,Fur4nk0,Iron Jugulis,Dark Pulse; Earth Power; Hurricane,,Booster Energy,,False,Free For all Randoms,2026-09-28T20:46:23,,1501,0,6,1,1,40,5,0,0,0,6,0,0,False,False,False
https://replay.pokemonshowdown.com/gen9freeforallrandombattle-2342188559,ok,p1,Fur4nk0,Krookodile,Gunk Shot,Intimidate,Choice Scarf,,False,Free For all Randoms,2026-09-28T20:46:23,,1501,0,6,1,1,40,5,0,0,0,6,0,0,False,False,False
https://replay.pokemonshowdown.com/gen9freeforallrandombattle-2342188559,ok,p1,Fur4nk0,Beartic,Aqua Jet; Icicle Crash,,,Water,False,Free For all Randoms,2026-09-28T20:46:23,,1501,0,6,1,1,40,5,0,0,0,6,0,0,False,False,True
https://replay.pokemonshowdown.com/gen9freeforallrandombattle-2342188559,ok,p1,Fur4nk0,Wugtrio,Stomping Tantrum; Throat Chop,,,,False,Free For all Randoms,2026-09-28T20:46:23,,1501,0,6,1,1,40,5,0,0,0,6,0,0,False,False,False
https://replay.pokemonshowdown.com/gen9freeforallrandombattle-2342188559,ok,p2,DarmanEthan,Regigigas,Knock Off; Protect; Thunder Wave,,,,True,Free For all Randoms,2026-09-28T20:46:23,,1501,0,1,0,0,40,3,2,0,1,26,0,0,True,False,False
https://replay.pokemonshowdown.com/gen9freeforallrandombattle-2342188559,ok,p2,DarmanEthan,Leafeon,Double-Edge; Protect; Swords Dance,,,,True,Free For all Randoms,2026-09-28T20:46:23,,1501,0,1,0,0,40,3,2,0,1,26,0,0,False,False,False
https://replay.pokemonshowdown.com/gen9freeforallrandombattle-2342188559,ok,p2,DarmanEthan,Pincurchin,Electroweb; Recover; Toxic Spikes,,Sitrus Berry,,True,Free For all Randoms,2026-09-28T20:46:23,,1501,0,1,0,0,40,3,2,0,1,26,0,0,False,False,False
https://replay.pokemonshowdown.com/gen9freeforallrandombattle-2342188559,ok,p2,DarmanEthan,Lapras,Freeze-Dry; Muddy Water,,Sitrus Berry,,True,Free For all Randoms,2026-09-28T20:46:23,,1501,0,1,0,0,40,3,2,0,1,26,0,0,False,False,False
https://replay.pokemonshowdown.com/gen9freeforallrandombattle-2342188559,ok,p2,DarmanEthan,Iron Thorns,Wild Charge,,,Rock,True,Free For all Randoms,2026-09-28T20:46:23,,1501,0,1,0,0,40,3,2,0,1,26,0,0,False,False,True
https://replay.pokemonshowdown.com/gen9freeforallrandombattle-2342188559,ok,p3,Okari958,Dragalge,Draco Meteor; Hydro Pump; Protect; Sludge Bomb,,,,False,Free For all Randoms,2026-09-28T20:46:23,,1501,0,6,2,0,40,4,4,2,1,4,0,0,True,False,False
https://replay.pokemonshowdown.com/gen9freeforallrandombattle-2342188559,ok,p3,Okari958,Pelipper,Hurricane; Muddy Water,,Sitrus Berry,,False,Free For all Randoms,2026-09-28T20:46:23,,1501,0,6,2,0,40,4,4,2,1,4,0,0,False,False,False
https://replay.pokemonshowdown.com/gen9freeforallrandombattle-2342188559,ok,p3,Okari958,Morpeko,Aura Wheel; Knock Off; Protect,,,,False,Free For all Randoms,2026-09-28T20:46:23,,1501,0,6,2,0,40,4,4,2,1,4,0,0,False,False,False
https://replay.pokemonshowdown.com/gen9freeforallrandombattle-2342188559,ok,p3,Okari958,Volcarona,Heat Wave; Struggle Bug,,,Steel,False,Free For all Randoms,2026-09-28T20:46:23,,1501,0,6,2,0,40,4,4,2,1,4,0,0,False,False,True
https://replay.pokemonshowdown.com/gen9freeforallrandombattle-2342188559,ok,p3,Okari958,Lilligant-Hisui,Close Combat,,,,False,Free For all Randoms,2026-09-28T20:46:23,Lilligant,1501,0,6,2,0,40,4,4,2,1,4,0,0,False,False,False
https://replay.pokemonshowdown.com/gen9freeforallrandombattle-2342188559,ok,p3,Okari958,Articuno-Galar,Freezing Glare; Tailwind,,Life Orb,,False,Free For all Randoms,2026-09-28T20:46:23,Articuno,1501,0,6,2,0,40,4,4,2,1,4,0,0,False,False,False
https://replay.pokemonshowdown.com/gen9freeforallrandombattle-2342188559,ok,p4,SuperiorPangoro,Breloom,Protect,,,,False,Free For all Randoms,2026-09-28T20:46:23,,1501,0,6,0,2,40,4,2,0,3,4,0,0,True,False,False
https://replay.pokemonshowdown.com/gen9freeforallrandombattle-2342188559,ok,p4,SuperiorPangoro,Morpeko,Aura Wheel; Parting Shot; Protect,,,,False,Free For all Randoms,2026-09-28T20:46:23,,1501,0,6,0,2,40,4,2,0,3,4,0,0,False,False,False
https://replay.pokemonshowdown.com/gen9freeforallrandombattle-2342188559,ok,p4,SuperiorPangoro,Klawf,High Horsepower,,,,False,Free For all Randoms,2026-09-28T20:46:23,,1501,0,6,0,2,40,4,2,0,3,4,0,0,False,False,False
https://replay.pokemonshowdown.com/gen9freeforallrandombattle-2342188559,ok,p4,SuperiorPangoro,Tornadus-Therian,Grass Knot; Heat Wave,,,Fire,False,Free For all Randoms,2026-09-28T20:46:23,Tornadus,1501,0,6,0,2,40,4,2,0,3,4,0,0,False,False,True
https://replay.pokemonshowdown.com/gen9freeforallrandombattle-2342188559,ok,p4,SuperiorPangoro,Rillaboom,Grassy Glide; U-turn; Wood Hammer,,,,False,Free For all Randoms,2026-09-28T20:46:23,,1501,0,6,0,2,40,4,2,0,3,4,0,0,False,False,False
https://replay.pokemonshowdown.com/gen9freeforallrandombattle-2342188559,ok,p4,SuperiorPangoro,Iron Bundle,Freeze-Dry; Hydro Pump,,Booster Energy,,False,Free For all Randoms,2026-09-28T20:46:23,,1501,0,6,0,2,40,4,2,0,3,4,0,0,False,False,False
https://replay.pokemonshowdown.com/gen9freeforallrandombattle-2345914844-10at9tk0qtfeq42fk2q84972il0ojdcpw,ok,p1,ZapeohDev,Drifblim,Shadow Ball; Strength Sap; Will-O-Wisp,,Sitrus Berry,,False,Free For all Randoms,2026-09-28T20:46:24,,4576,0,6,1,0,48,3,0,0,4,4,0,0,True,False,False
https://replay.pokemonshowdown.com/gen9freeforallrandombattle-2345914844-10at9tk0qtfeq42fk2q84972il0ojdcpw,ok,p1,ZapeohDev,Raichu,Fake Out; Thunderbolt,Lightning Rod,Assault Vest,,False,Free For all Randoms,2026-09-28T20:46:24,,4576,0,6,1,0,48,3,0,0,4,4,0,0,False,False,False
https://replay.pokemonshowdown.com/gen9freeforallrandombattle-2345914844-10at9tk0qtfeq42fk2q84972il0ojdcpw,ok,p1,ZapeohDev,Illumise,Bug Buzz; Encore,,Sitrus Berry,,False,Free For all Randoms,2026-09-28T20:46:24,,4576,0,6,1,0,48,3,0,0,4,4,0,0,False,False,False
https://replay.pokemonshowdown.com/gen9freeforallrandombattle-2345914844-10at9tk0qtfeq42fk2q84972il0ojdcpw,ok,p1,ZapeohDev,Frosmoth,Protect; Quiver Dance; Tera Blast,,,Ground,False,Free For all Randoms,2026-09-28T20:46:24,,4576,0,6,1,0,48,3,0,0,4,4,0,0,False,False,True
https://replay.pokemonshowdown.com/gen9freeforallrandombattle-2345914844-10at9tk0qtfeq42fk2q84972il0ojdcpw,ok,p1,ZapeohDev,Raikou,Protect; Scald; Shadow Ball,,,,False,Free For all Randoms,2026-09-28T20:46:24,,4576,0,6,1,0,48,3,0,0,4,4,0,0,False,False,False
https://replay.pokemonshowdown.com/gen9freeforallrandombattle-2345914844-10at9tk0qtfeq42fk2q84972il0ojdcpw,ok,p1,ZapeohDev,Tauros,Double-Edge,Intimidate,,,False,Free For all Randoms,2026-09-28T20:46:24,,4576,0,6,1,0,48,3,0,0,4,4,0,0,False,False,False
https://replay.pokemonshowdown.com/gen9freeforallrandombattle-2345914844-10at9tk0qtfeq42fk2q84972il0ojdcpw,ok,p2,fur4nk0,Dusknoir,Poltergeist; Will-O-Wisp,,,,True,Free For all Randoms,2026-09-28T20:46:24,,4576,0,3,9,0,48,3,4,0,3,6,0,0,True,False,False
https://replay.pokemonshowdown.com/gen9freeforallrandombattle-2345914844-10at9tk0qtfeq42fk2q84972il0ojdcpw,ok,p2,fur4nk0,Urshifu-Rapid-Strike,Close Combat; Surging Strikes,,,,True,Free For all Randoms,2026-09-28T20:46:24,Urshifu,4576,0,3,9,0,48,3,4,0,3,6,0,0,False,False,False
https://replay.pokemonshowdown.com/gen9freeforallrandombattle-2345914844-10at9tk0qtfeq42fk2q84972il0ojdcpw,ok,p2,fur4nk0,Gastrodon,Earth Power; Muddy Water; Recover,,Sitrus Berry,Fire,True,Free For all Randoms,2026-09-28T20:46:24,,4576,0,3,9,0,48,3,4,0,3,6,0,0,False,False,True
https://replay.pokemonshowdown.com/gen9freeforallrandombattle-2345914844-10at9tk0qtfeq42fk2q84972il0ojdcpw,ok,p2,fur4nk0,Raging Bolt,Protect; Thunderbolt; Thunderclap,,,,True,Free For all Randoms,2026-09-28T20:46:24,,4576,0,3,9,0,48,3,4,0,3,6,0,0,False,False,False
https://replay.pokemonshowdown.com/gen9freeforallrandombattle-2345914844-10at9tk0qtfeq42fk2q84972il0ojdcpw,ok,p2,fur4nk0,Frosmoth,Ice Beam; Protect; Quiver Dance,,,,True,Free For all Randoms,2026-09-28T20:46:24,,4576,0,3,9,0,48,3,4,0,3,6,0,0,False,False,False
https://replay.pokemonshowdown.com/gen9freeforallrandombattle-2345914844-10at9tk0qtfeq42fk2q84972il0ojdcpw,ok,p2,fur4nk0,Smeargle,Population Bomb; Spiky Shield,,,,True,Free For all Randoms,2026-09-28T20:46:24,,4576,0,3,9,0,48,3,4,0,3,6,0,0,False,False,False
https://replay.pokemonshowdown.com/gen9freeforallrandombattle-2345914844-10at9tk0qtfeq42fk2q84972il0ojdcpw,ok,p3,bloodycheese,Miraidon,Electro Drift,,Life Orb,,False,Free For all Randoms,2026-09-28T20:46:24,,4576,0,6,0,1,48,4,2,0,0,1,0,0,True,False,False
https://replay.pokemonshowdown.com/gen9freeforallrandombattle-2345914844-10at9tk0qtfeq42fk2q84972il0ojdcpw,ok,p3,bloodycheese,Cetitan,High Horsepower,,,Ground,False,Free For all Randoms,2026-09-28T20:46:24,,4576,0,6,0,1,48,4,2,0,0,1,0,0,False,False,True
https://replay.pokemonshowdown.com/gen9freeforallrandombattle-2345914844-10at9tk0qtfeq42fk2q84972il0ojdcpw,ok,p3,bloodycheese,Ariados,Megahorn; Rage Powder; Sticky Web,,Sitrus Berry,,False,Free For all Randoms,2026-09-28T20:46:24,,4576,0,6,0,1,48,4,2,0,0,1,0,0,False,False,False
https://replay.pokemonshowdown.com/gen9freeforallrandombattle-2345914844-10at9tk0qtfeq42fk2q84972il0ojdcpw,ok,p3,bloodycheese,Tatsugiri-Stretchy,Draco Meteor,,,,False,Free For all Randoms,2026-09-28T20:46:24,Tatsugiri,4576,0,6,0,1,48,4,2,0,0,1,0,0,False,False,False
https://replay.pokemonshowdown.com/gen9freeforallrandombattle-2345914844-10at9tk0qtfeq42fk2q84972il0ojdcpw,ok,p3,bloodycheese,Iron Hands,Fake Out; Ice Punch,,,,False,Free For all Randoms,2026-09-28T20:46:24,,4576,0,6,0,1,48,4,2,0,0,1,0,0,False,False,False
https://replay.pokemonshowdown.com/gen9freeforallrandombattle-2345914844-10at9tk0qtfeq42fk2q84972il0ojdcpw,ok,p3,bloodycheese,Grumpig,Dazzling Gleam; Earth Power,,,,False,Free For all Randoms,2026-09-28T20:46:24,,4576,0,6,0,1,48,4,2,0,0,1,0,0,False,False,False
https://replay.pokemonshowdown.com/gen9freeforallrandombattle-2345914844-10at9tk0qtfeq42fk2q84972il0ojdcpw,ok,p4,Angello7796,Kommo-o,Protect; Throat Chop,,Leftovers,,False,Free For all Randoms,2026-09-28T20:46:24,,4576,0,6,0,9,48,5,1,2,1,6,0,0,True,False,False
https://replay.pokemonshowdown.com/gen9freeforallrandombattle-2345914844-10at9tk0qtfeq42fk2q84972il0ojdcpw,ok,p4,Angello7796,Orthworm,Heavy Slam; Shed Tail,,Sitrus Berry,,False,Free For all Randoms,2026-09-28T20:46:24,,4576,0,6,0,9,48,5,1,2,1,6,0,0,False,False,False
https://replay.pokemonshowdown.com/gen9freeforallrandombattle-2345914844-10at9tk0qtfeq42fk2q84972il0ojdcpw,ok,p4,Angello7796,Honchkrow,Brave Bird,Moxie,,,False,Free For all Randoms,2026-09-28T20:46:24,,4576,0,6,0,9,48,5,1,2,1,6,0,0,False,False,False
https://replay.pokemonshowdown.com/gen9freeforallrandombattle-2345914844-10at9tk0qtfeq42fk2q84972il0ojdcpw,ok,p4,Angello7796,Kricketune,Bug Bite; Knock Off; Taunt,,Sitrus Berry,,False,Free For all Randoms,2026-09-28T20:46:24,,4576,0,6,0,9,48,5,1,2,1,6,0,0,False,False,False
https://replay.pokemonshowdown.com/gen9freeforallrandombattle-2345914844-10at9tk0qtfeq42fk2q84972il0ojdcpw,ok,p4,Angello7796,Enamorus-Therian,Earth Power; Moonblast; Mystical Fire,,,Fairy,False,Free For all Randoms,2026-09-28T20:46:24,Enamorus,4576,0,6,0,9,48,5,1,2,1,6,0,0,False,False,True
https://replay.pokemonshowdown.com/gen9freeforallrandombattle-2345914844-10at9tk0qtfeq42fk2q84972il0ojdcpw,ok,p4,Angello7796,Kyogre,Thunder,,,,False,Free For all Randoms,2026-09-28T20:46:24,,4576,0,6,0,9,48,5,1,2,1,6,0,0,False,False,False
https://replay.pokemonshowdown.com/gen9ou-2356964931-ejqnvehdpitnegfaxiouhd5av4lcnckpw,ok,p1,bloodycheese,Gliscor,Earthquake; Protect; Spikes; Toxic,,Choice Scarf,,True,OU,2026-09-28T20:46:24,,472,6,3,0,1,30,3,3,0,1,7,0,0,False,False,False
https://replay.pokemonshowdown.com/gen9ou-2356964931-ejqnvehdpitnegfaxiouhd5av4lcnckpw,ok,p1,bloodycheese,Alomomola,Flip Turn,,,,True,OU,2026-09-28T20:46:24,,472,6,3,0,1,30,3,3,0,1,7,0,0,False,False,False
https://replay.pokemonshowdown.com/gen9ou-2356964931-ejqnvehdpitnegfaxiouhd5av4lcnckpw,ok,p1,bloodycheese,Pecharunt,Foul Play; Recover,,,Dark,True,OU,2026-09-28T20:46:24,,472,6,3,0,1,30,3,3,0,1,7,0,0,False,False,True
https://replay.pokemonshowdown.com/gen9ou-2356964931-ejqnvehdpitnegfaxiouhd5av4lcnckpw,ok,p1,bloodycheese,Great Tusk,Headlong Rush; Rapid Spin,,,,True,OU,2026-09-28T20:46:24,,472,6,3,0,1,30,3,3,0,1,7,0,0,False,False,False
https://replay.pokemonshowdown.com/gen9ou-2356964931-ejqnvehdpitnegfaxiouhd5av4lcnckpw,ok,p1,bloodycheese,Weavile,Ice Shard; Triple Axel,Pressure,,,True,OU,2026-09-28T20:46:24,,472,6,3,0,1,30,3,3,0,1,7,0,0,False,False,False
https://replay.pokemonshowdown.com/gen9ou-2356964931-ejqnvehdpitnegfaxiouhd5av4lcnckpw,ok,p1,bloodycheese,Iron Crown,Volt Switch,,,,True,OU,2026-09-28T20:46:24,,472,6,3,0,1,30,3,3,0,1,7,0,0,True,False,False
https://replay.pokemonshowdown.com/gen9ou-2356964931-ejqnvehdpitnegfaxiouhd5av4lcnckpw,ok,p2,Gatita golosa 123,Gholdengo,Flash Cannon; Hex; Thunder Wave,,,Fairy,False,OU,2026-09-28T20:46:24,Gogogoldengo,472,3,6,1,0,30,2,3,0,2,4,0,0,False,False,True
https://replay.pokemonshowdown.com/gen9ou-2356964931-ejqnvehdpitnegfaxiouhd5av4lcnckpw,ok,p2,Gatita golosa 123,Kingambit,Sucker Punch; Swords Dance,,,,False,OU,2026-09-28T20:46:24,Kingay,472,3,6,1,0,30,2,3,0,2,4,0,0,False,False,False
https://replay.pokemonshowdown.com/gen9ou-2356964931-ejqnvehdpitnegfaxiouhd5av4lcnckpw,ok,p2,Gatita golosa 123,Ribombee,Skill Swap; Sticky Web; Stun Spore; Trick,,Toxic Orb,,False,OU,2026-09-28T20:46:24,L0l¡ Mágica,472,3,6,1,0,30,2,3,0,2,4,0,0,False,False,False
https://replay.pokemonshowdown.com/gen9ou-2356964931-ejqnvehdpitnegfaxiouhd5av4lcnckpw,ok,p2,Gatita golosa 123,Cinderace,High Jump Kick; Pyro Ball; Sucker Punch; Will-O-Wisp,,,,False,OU,2026-09-28T20:46:24,CUMderace,472,3,6,1,0,30,2,3,0,2,4,0,0,True,False,False
https://replay.pokemonshowdown.com/gen9ou-2356964931-ejqnvehdpitnegfaxiouhd5av4lcnckpw,ok,p2,Gatita golosa 123,Darkrai,Dark Pulse,,,,False,OU,2026-09-28T20:46:24,Darkwaifutrap,472,3,6,1,0,30,2,3,0,2,4,0,0,False,False,False
https://replay.pokemonshowdown.com/gen9ou-2356964931-ejqnvehdpitnegfaxiouhd5av4lcnckpw,ok,p2,Gatita golosa 123,Brambleghast,Poltergeist; Power Whip; Rapid Spin,,,,False,OU,2026-09-28T20:46:24,Bramble blast,472,3,6,1,0,30,2,3,0,2,4,0,0,False,False,False
https://replay.pokemonshowdown.com/gen9ou-2362005599-wmix7lgeqyts602ak0wklhjdpi83j5rpw,ok,p1,bloodycheese,Gliscor,Earthquake; Protect; Spikes; Toxic,,,Fairy,True,OU,2026-09-28T20:46:25,,2193,6,5,0,0,36,11,4,0,1,10,0,0,True,False,True
https://replay.pokemonshowdown.com/gen9ou-2362005599-wmix7lgeqyts602ak0wklhjdpi83j5rpw,ok,p1,bloodycheese,Alomomola,Flip Turn,,,,True,OU,2026-09-28T20:46:25,,2193,6,5,0,0,36,11,4,0,1,10,0,0,False,False,False
https://replay.pokemonshowdown.com/gen9ou-2362005599-wmix7lgeqyts602ak0wklhjdpi83j5rpw,ok,p1,bloodycheese,Pecharunt,Foul Play; Malignant Chain; Parting Shot,,Heavy-Duty Boots,,True,OU,2026-09-28T20:46:25,,2193,6,5,0,0,36,11,4,0,1,10,0,0,False,False,False
https://replay.pokemonshowdown.com/gen9ou-2362005599-wmix7lgeqyts602ak0wklhjdpi83j5rpw,ok,p1,bloodycheese,Great Tusk,Headlong Rush,,,,True,OU,2026-09-28T20:46:25,,2193,6,5,0,0,36,11,4,0,1,10,0,0,False,False,False
https://replay.pokemonshowdown.com/gen9ou-2362005599-wmix7lgeqyts602ak0wklhjdpi83j5rpw,ok,p1,bloodycheese,Weavile,Ice Shard; Knock Off; Swords Dance; Triple Axel,Pressure,,,True,OU,2026-09-28T20:46:25,,2193,6,5,0,0,36,11,4,0,1,10,0,0,False,False,False
https://replay.pokemonshowdown.com/gen9ou-2362005599-wmix7lgeqyts602ak0wklhjdpi83j5rpw,ok,p1,bloodycheese,Iron Crown,Psyshock; Volt Switch,,Choice Specs,,True,OU,2026-09-28T20:46:25,,2193,6,5,0,0,36,11,4,0,1,10,0,0,False,False,False
https://replay.pokemonshowdown.com/gen9ou-2362005599-wmix7lgeqyts602ak0wklhjdpi83j5rpw,ok,p2,MafiaPolar6242,Iron Valiant,Knock Off,,,,False,OU,2026-09-28T20:46:25,,2193,5,6,0,0,36,6,2,0,3,3,0,0,False,False,False
https://replay.pokemonshowdown.com/gen9ou-2362005599-wmix7lgeqyts602ak0wklhjdpi83j5rpw,ok,p2,MafiaPolar6242,Gholdengo,Shadow Ball,,,Flying,False,OU,2026-09-28T20:46:25,,2193,5,6,0,0,36,6,2,0,3,3,0,0,False,False,True
https://replay.pokemonshowdown.com/gen9ou-2362005599-wmix7lgeqyts602ak0wklhjdpi83j5rpw,ok,p2,MafiaPolar6242,Great Tusk,Ice Spinner; Stealth Rock,,,,False,OU,2026-09-28T20:46:25,,2193,5,6,0,0,36,6,2,0,3,3,0,0,False,False,False
https://replay.pokemonshowdown.com/gen9ou-2362005599-wmix7lgeqyts602ak0wklhjdpi83j5rpw,ok,p2,MafiaPolar6242,Kingambit,Iron Head; Kowtow Cleave; Sucker Punch; Swords Dance,,,,False,OU,2026-09-28T20:46:25,,2193,5,6,0,0,36,6,2,0,3,3,0,0,False,False,False
https://replay.pokemonshowdown.com/gen9ou-2362005599-wmix7lgeqyts602ak0wklhjdpi83j5rpw,ok,p2,MafiaPolar6242,Skeledirge,Shadow Ball; Slack Off; Torch Song; Will-O-Wisp,,Heavy-Duty Boots,,False,OU,2026-09-28T20:46:25,,2193,5,6,0,0,36,6,2,0,3,3,0,0,True,False,False
https://replay.pokemonshowdown.com/gen9ou-2362005599-wmix7lgeqyts602ak0wklhjdpi83j5rpw,ok,p2,MafiaPolar6242,Hawlucha,Acrobatics; Encore; Mean Look,,,,False,OU,2026-09-28T20:46:25,,2193,5,6,0,0,36,6,2,0,3,3,0,0,False,False,False
https://replay.pokemonshowdown.com/gen9ou-2362662829-nu1r6b6t7n4340990o0i2f1qoj6c2fipw,ok,p1,bloodycheese,Ribombee,Moonblast; Skill Swap,,,,False,OU,2026-09-28T20:46:26,,466,3,6,0,2,25,6,6,0,2,2,0,0,True,False,False
https://replay.pokemonshowdown.com/gen9ou-2362662829-nu1r6b6t7n4340990o0i2f1qoj6c2fipw,ok,p1,bloodycheese,Great Tusk,Headlong Rush,,Booster Energy,,False,OU,2026-09-28T20:46:26,,466,3,6,0,2,25,6,6,0,2,2,0,0,False,False,False
https://replay.pokemonshowdown.com/gen9ou-2362662829-nu1r6b6t7n4340990o0i2f1qoj6c2fipw,ok,p1,bloodycheese,Gholdengo,Make It Rain; Nasty Plot; Shadow Ball,,Air Balloon,Fairy,False,OU,2026-09-28T20:46:26,,466,3,6,0,2,25,6,6,0,2,2,0,0,False,False,True
https://replay.pokemonshowdown.com/gen9ou-2362662829-nu1r6b6t7n4340990o0i2f1qoj6c2fipw,ok,p1,bloodycheese,Manaphy,Substitute; Surf; Tail Glow,,,,False,OU,2026-09-28T20:46:26,,466,3,6,0,2,25,6,6,0,2,2,0,0,False,False,False
https://replay.pokemonshowdown.com/gen9ou-2362662829-nu1r6b6t7n4340990o0i2f1qoj6c2fipw,ok,p1,bloodycheese,Kingambit,Kowtow Cleave; Sucker Punch,,Air Balloon,,False,OU,2026-09-28T20:46:26,,466,3,6,0,2,25,6,6,0,2,2,0,0,False,False,False
https://replay.pokemonshowdown.com/gen9ou-2362662829-nu1r6b6t7n4340990o0i2f1qoj6c2fipw,ok,p1,bloodycheese,Iron Valiant,,,Booster Energy,,False,OU,2026-09-28T20:46:26,,466,3,6,0,2,25,6,6,0,2,2,0,0,False,False,False
https://replay.pokemonshowdown.com/gen9ou-2362662829-nu1r6b6t7n4340990o0i2f1qoj6c2fipw,ok,p2,DracoAxel,Kingambit,,,,,True,OU,2026-09-28T20:46:26,,466,6,3,2,0,25,2,1,2,5,7,0,0,False,False,False
https://replay.pokemonshowdown.com/gen9ou-2362662829-nu1r6b6t7n4340990o0i2f1qoj6c2fipw,ok,p2,DracoAxel,Quaquaval,Encore,,,,True,OU,2026-09-28T20:46:26,,466,6,3,2,0,25,2,1,2,5,7,0,0,True,False,False
https://replay.pokemonshowdown.com/gen9ou-2362662829-nu1r6b6t7n4340990o0i2f1qoj6c2fipw,ok,p2,DracoAxel,Ninetales-Alola,Aurora Veil; Encore; Freeze-Dry; Moonblast,,,,True,OU,2026-09-28T20:46:26,Ninetales,466,6,3,2,0,25,2,1,2,5,7,0,0,False,False,False
https://replay.pokemonshowdown.com/gen9ou-2362662829-nu1r6b6t7n4340990o0i2f1qoj6c2fipw,ok,p2,DracoAxel,Garchomp,Swords Dance,,,,True,OU,2026-09-28T20:46:26,,466,6,3,2,0,25,2,1,2,5,7,0,0,False,False,False
https://replay.pokemonshowdown.com/gen9ou-2362662829-nu1r6b6t7n4340990o0i2f1qoj6c2fipw,ok,p2,DracoAxel,Skeledirge,Slack Off; Torch Song,,,,True,OU,2026-09-28T20:46:26,,466,6,3,2,0,25,2,1,2,5,7,0,0,False,False,False
https://replay.pokemonshowdown.com/gen9ou-2362662829-nu1r6b6t7n4340990o0i2f1qoj6c2fipw,ok,p2,DracoAxel,Hatterene,Calm Mind; Draining Kiss; Psyshock; Trick Room,,,,True,OU,2026-09-28T20:46:26,,466,6,3,2,0,25,2,1,2,5,7,0,0,False,False,False
https://replay.pokemonshowdown.com/gen9ou-2371881565-0e4lgfp6k9yhe3ci07tw4ufudt0pecbpw,ok,p1,bloodycheese,Gliscor,Earthquake; Protect; Spikes; Toxic,,,,False,OU,2026-09-28T20:46:26,,683,3,6,1,0,45,2,5,0,1,14,0,0,False,False,False
https://replay.pokemonshowdown.com/gen9ou-2371881565-0e4lgfp6k9yhe3ci07tw4ufudt0pecbpw,ok,p1,bloodycheese,Alomomola,Mirror Coat; Play Rough,,,,False,OU,2026-09-28T20:46:26,,683,3,6,1,0,45,2,5,0,1,14,0,0,False,False,False
https://replay.pokemonshowdown.com/gen9ou-2371881565-0e4lgfp6k9yhe3ci07tw4ufudt0pecbpw,ok,p1,bloodycheese,Pecharunt,Foul Play; Malignant Chain; Parting Shot,,,,False,OU,2026-09-28T20:46:26,,683,3,6,1,0,45,2,5,0,1,14,0,0,False,False,False
https://replay.pokemonshowdown.com/gen9ou-2371881565-0e4lgfp6k9yhe3ci07tw4ufudt0pecbpw,ok,p1,bloodycheese,Great Tusk,Headlong Rush; Rapid Spin; Stealth Rock,,,,False,OU,2026-09-28T20:46:26,,683,3,6,1,0,45,2,5,0,1,14,0,0,False,False,False
https://replay.pokemonshowdown.com/gen9ou-2371881565-0e4lgfp6k9yhe3ci07tw4ufudt0pecbpw,ok,p1,bloodycheese,Weavile,Triple Axel,Pressure,,,False,OU,2026-09-28T20:46:26,,683,3,6,1,0,45,2,5,0,1,14,0,0,False,False,False
https://replay.pokemonshowdown.com/gen9ou-2371881565-0e4lgfp6k9yhe3ci07tw4ufudt0pecbpw,ok,p1,bloodycheese,Iron Crown,Tachyon Cutter; Volt Switch,,,Steel,False,OU,2026-09-28T20:46:26,,683,3,6,1,0,45,2,5,0,1,14,0,0,True,False,True
https://replay.pokemonshowdown.com/gen9ou-2371881565-0e4lgfp6k9yhe3ci07tw4ufudt0pecbpw,ok,p2,JonnSalchichon,Rotom-Wash,Discharge; Hydro Pump; Nasty Plot; Pain Split,,,,True,OU,2026-09-28T20:46:26,Rotom,683,6,3,0,1,45,3,4,0,3,22,0,0,True,False,False
https://replay.pokemonshowdown.com/gen9ou-2371881565-0e4lgfp6k9yhe3ci07tw4ufudt0pecbpw,ok,p2,JonnSalchichon,Gholdengo,Shadow Ball,,,,True,OU,2026-09-28T20:46:26,,683,6,3,0,1,45,3,4,0,3,22,0,0,False,False,False
https://replay.pokemonshowdown.com/gen9ou-2371881565-0e4lgfp6k9yhe3ci07tw4ufudt0pecbpw,ok,p2,JonnSalchichon,Moltres,Flamethrower,,,,True,OU,2026-09-28T20:46:26,,683,6,3,0,1,45,3,4,0,3,22,0,0,False,False,False
https://replay.pokemonshowdown.com/gen9ou-2371881565-0e4lgfp6k9yhe3ci07tw4ufudt0pecbpw,ok,p2,JonnSalchichon,Ting-Lu,Earthquake; Ruination,Vessel of Ruin,,,True,OU,2026-09-28T20:46:26,,683,6,3,0,1,45,3,4,0,3,22,0,0,False,False,False
https://replay.pokemonshowdown.com/gen9ou-2371881565-0e4lgfp6k9yhe3ci07tw4ufudt0pecbpw,ok,p2,JonnSalchichon,Clefable,Moonblast; Moonlight; Stealth Rock; Thunder Wave,,,,True,OU,2026-09-28T20:46:26,,683,6,3,0,1,45,3,4,0,3,22,0,0,False,False,False
https://replay.pokemonshowdown.com/gen9ou-2371881565-0e4lgfp6k9yhe3ci07tw4ufudt0pecbpw,ok,p2,JonnSalchichon,Darkrai,Dark Pulse; Nasty Plot; Sludge Bomb,,,Poison,True,OU,2026-09-28T20:46:26,,683,6,3,0,1,45,3,4,0,3,22,0,0,False,False,True
https://replay.pokemonshowdown.com/gen9ou-2376694700-73nl7vlrv5r9uwlm1beq0yl13y59a9gpw,ok,p1,Ricomam,Tinkaton,,,,,True,OU,2026-09-28T20:46:27,,590,5,2,0,0,46,3,5,0,15,28,0,0,False,False,False
https://replay.pokemonshowdown.com/gen9ou-2376694700-73nl7vlrv5r9uwlm1beq0yl13y59a9gpw,ok,p1,Ricomam,Great Tusk,Rapid Spin,,,,True,OU,2026-09-28T20:46:27,,590,5,2,0,0,46,3,5,0,15,28,0,0,False,False,False
https://replay.pokemonshowdown.com/gen9ou-2376694700-73nl7vlrv5r9uwlm1beq0yl13y59a9gpw,ok,p1,Ricomam,Garganacl,Avalanche; Curse; Recover; Salt Cure,,Leftovers,Water,True,OU,2026-09-28T20:46:27,,590,5,2,0,0,46,3,5,0,15,28,0,0,False,False,True
https://replay.pokemonshowdown.com/gen9ou-2376694700-73nl7vlrv5r9uwlm1beq0yl13y59a9gpw,ok,p1,Ricomam,Keldeo-Resolute,Surf,,,,True,OU,2026-09-28T20:46:27,Keldeo,590,5,2,0,0,46,3,5,0,15,28,0,0,True,False,False
https://replay.pokemonshowdown.com/gen9ou-2376694700-73nl7vlrv5r9uwlm1beq0yl13y59a9gpw,ok,p1,Ricomam,Zapdos,Hurricane; Roost; Volt Switch,,,,True,OU,2026-09-28T20:46:27,,590,5,2,0,0,46,3,5,0,15,28,0,0,False,False,False
https://replay.pokemonshowdown.com/gen9ou-2376694700-73nl7vlrv5r9uwlm1beq0yl13y59a9gpw,ok,p1,Ricomam,Dragapult,U-turn,,,,True,OU,2026-09-28T20:46:27,,590,5,2,0,0,46,3,5,0,15,28,0,0,False,False,False
https://replay.pokemonshowdown.com/gen9ou-2376694700-73nl7vlrv5r9uwlm1beq0yl13y59a9gpw,ok,p2,bloodycheese,Gliscor,Protect; Spikes; Toxic,,,,False,OU,2026-09-28T20:46:27,,590,2,5,0,0,46,7,12,0,0,10,0,0,False,False,False
https://replay.pokemonshowdown.com/gen9ou-2376694700-73nl7vlrv5r9uwlm1beq0yl13y59a9gpw,ok,p2,bloodycheese,Alomomola,Flip Turn; Icy Wind; Mirror Coat,,,,False,OU,2026-09-28T20:46:27,,590,2,5,0,0,46,7,12,0,0,10,0,0,False,False,False
https://replay.pokemonshowdown.com/gen9ou-2376694700-73nl7vlrv5r9uwlm1beq0yl13y59a9gpw,ok,p2,bloodycheese,Pecharunt,Foul Play; Malignant Chain; Parting Shot; Recover,,,,False,OU,2026-09-28T20:46:27,,590,2,5,0,0,46,7,12,0,0,10,0,0,True,False,False
https://replay.pokemonshowdown.com/gen9ou-2376694700-73nl7vlrv5r9uwlm1beq0yl13y59a9gpw,ok,p2,bloodycheese,Great Tusk,Headlong Rush; Stealth Rock,,,,False,OU,2026-09-28T20:46:27,,590,2,5,0,0,46,7,12,0,0,10,0,0,False,False,False
https://replay.pokemonshowdown.com/gen9ou-2376694700-73nl7vlrv5r9uwlm1beq0yl13y59a9gpw,ok,p2,bloodycheese,Weavile,Knock Off,Pressure,,,False,OU,2026-09-28T20:46:27,,590,2,5,0,0,46,7,12,0,0,10,0,0,False,False,False
https://replay.pokemonshowdown.com/gen9ou-2376694700-73nl7vlrv5r9uwlm1beq0yl13y59a9gpw,ok,p2,bloodycheese,Iron Crown,Tachyon Cutter; Volt Switch,,,Steel,False,OU,2026-09-28T20:46:27,,590,2,5,0,0,46,7,12,0,0,10,0,0,False,False,True
https://replay.pokemonshowdown.com/gen9randomdoublesbattle-2378782077-9bw9wtqir92h15ov679xwgqnhvbjpqppw,ok,p1,moirix,Scrafty,Close Combat; Fake Out; Knock Off,Intimidate,Sitrus Berry,,True,RANDOM DOUBLES,2026-09-28T20:46:28,,816,6,2,0,0,16,4,5,0,1,11,0,1,True,False,False
https://replay.pokemonshowdown.com/gen9randomdoublesbattle-2378782077-9bw9wtqir92h15ov679xwgqnhvbjpqppw,ok,p1,moirix,Spidops,Knock Off; Sticky Web; String Shot,,Sitrus Berry,,True,RANDOM DOUBLES,2026-09-28T20:46:28,,816,6,2,0,0,16,4,5,0,1,11,0,1,False,False,False
https://replay.pokemonshowdown.com/gen9randomdoublesbattle-2378782077-9bw9wtqir92h15ov679xwgqnhvbjpqppw,ok,p1,moirix,Swalot,Gunk Shot,,Aguav Berry,,True,RANDOM DOUBLES,2026-09-28T20:46:28,,816,6,2,0,0,16,4,5,0,1,11,0,1,False,False,False
https://replay.pokemonshowdown.com/gen9randomdoublesbattle-2378782077-9bw9wtqir92h15ov679xwgqnhvbjpqppw,ok,p1,moirix,Toxapex,Baneful Bunker; Infestation; Recover; Toxic,,Leftovers,,True,RANDOM DOUBLES,2026-09-28T20:46:28,,816,6,2,0,0,16,4,5,0,1,11,0,1,False,False,False
https://replay.pokemonshowdown.com/gen9randomdoublesbattle-2378782077-9bw9wtqir92h15ov679xwgqnhvbjpqppw,ok,p1,moirix,Necrozma,Earth Power; Meteor Beam; Photon Geyser; Protect,,Power Herb,Steel,True,RANDOM DOUBLES,2026-09-28T20:46:28,,816,6,2,0,0,16,4,5,0,1,11,0,1,False,False,True
https://replay.pokemonshowdown.com/gen9randomdoublesbattle-2378782077-9bw9wtqir92h15ov679xwgqnhvbjpqppw,ok,p2,bloodycheese,Rhydon,Stealth Rock,,Eviolite,,False,RANDOM DOUBLES,2026-09-28T20:46:28,,816,2,6,0,0,16,0,2,0,3,5,0,0,True,False,False
https://replay.pokemonshowdown.com/gen9randomdoublesbattle-2378782077-9bw9wtqir92h15ov679xwgqnhvbjpqppw,ok,p2,bloodycheese,Arceus-Poison,Extreme Speed; Gunk Shot; Swords Dance,,,Normal,False,RANDOM DOUBLES,2026-09-28T20:46:28,Arceus,816,2,6,0,0,16,0,2,0,3,5,0,0,False,False,True
https://replay.pokemonshowdown.com/gen9randomdoublesbattle-2378782077-9bw9wtqir92h15ov679xwgqnhvbjpqppw,ok,p2,bloodycheese,Granbull,Play Rough,Intimidate,,,False,RANDOM DOUBLES,2026-09-28T20:46:28,,816,2,6,0,0,16,0,2,0,3,5,0,0,False,False,False
https://replay.pokemonshowdown.com/gen9randomdoublesbattle-2378782077-9bw9wtqir92h15ov679xwgqnhvbjpqppw,ok,p2,bloodycheese,Regigigas,Body Slam; Knock Off,,,,False,RANDOM DOUBLES,2026-09-28T20:46:28,,816,2,6,0,0,16,0,2,0,3,5,0,0,False,False,False
https://replay.pokemonshowdown.com/gen9randomdoublesbattle-2378782077-9bw9wtqir92h15ov679xwgqnhvbjpqppw,ok,p2,bloodycheese,Mimikyu,Protect; Shadow Sneak; Swords Dance,,Life Orb,,False,RANDOM DOUBLES,2026-09-28T20:46:28,,816,2,6,0,0,16,0,2,0,3,5,0,0,False,False,False
https://replay.pokemonshowdown.com/gen9randomdoublesbattle-2378782077-9bw9wtqir92h15ov679xwgqnhvbjpqppw,ok,p2,bloodycheese,Magmar,Follow Me; Knock Off,,,,False,RANDOM DOUBLES,2026-09-28T20:46:28,,816,2,6,0,0,16,0,2,0,3,5,0,0,False,False,False
https://replay.pokemonshowdown.com/gen9randomdoublesbattle-2379960661-h28e486xlmx34ei95tproin8m0gb0mmpw,ok,p1,bloodycheese,Glalie,Freeze-Dry; Icy Wind,,Sitrus Berry,,True,RANDOM DOUBLES,2026-09-28T20:46:28,,307,6,2,0,1,12,6,3,0,3,1,0,0,True,False,False
https://replay.pokemonshowdown.com/gen9randomdoublesbattle-2379960661-h28e486xlmx34ei95tproin8m0gb0mmpw,ok,p1,bloodycheese,Leafeon,Double-Edge; Leaf Blade; Swords Dance,,,Normal,True,RANDOM DOUBLES,2026-09-28T20:46:28,,307,6,2,0,1,12,6,3,0,3,1,0,0,False,False,True
https://replay.pokemonshowdown.com/gen9randomdoublesbattle-2379960661-h28e486xlmx34ei95tproin8m0gb0mmpw,ok,p1,bloodycheese,Houndoom,Dark Pulse; Heat Wave; Protect,,,,True,RANDOM DOUBLES,2026-09-28T20:46:28,,307,6,2,0,1,12,6,3,0,3,1,0,0,False,False,False
https://replay.pokemonshowdown.com/gen9randomdoublesbattle-2379960661-h28e486xlmx34ei95tproin8m0gb0mmpw,ok,p1,bloodycheese,Okidogi,Bulk Up; Drain Punch; Knock Off,,,,True,RANDOM DOUBLES,2026-09-28T20:46:28,,307,6,2,0,1,12,6,3,0,3,1,0,0,False,False,False
https://replay.pokemonshowdown.com/gen9randomdoublesbattle-2379960661-h28e486xlmx34ei95tproin8m0gb0mmpw,ok,p2,DMRS 666,Darkrai,Focus Blast,,,,False,RANDOM DOUBLES,2026-09-28T20:46:28,,307,2,6,1,0,12,3,0,0,0,8,0,0,True,False,False
https://replay.pokemonshowdown.com/gen9randomdoublesbattle-2379960661-h28e486xlmx34ei95tproin8m0gb0mmpw,ok,p2,DMRS 666,Toxapex,Baneful Bunker; Infestation; Recover; Toxic,,Leftovers,,False,RANDOM DOUBLES,2026-09-28T20:46:28,,307,2,6,1,0,12,3,0,0,0,8,0,0,False,False,False
https://replay.pokemonshowdown.com/gen9randomdoublesbattle-2379960661-h28e486xlmx34ei95tproin8m0gb0mmpw,ok,p2,DMRS 666,Rotom,,,,,False,RANDOM DOUBLES,2026-09-28T20:46:28,,307,2,6,1,0,12,3,0,0,0,8,0,0,False,False,False
https://replay.pokemonshowdown.com/gen9randomdoublesbattle-2379960661-h28e486xlmx34ei95tproin8m0gb0mmpw,ok,p2,DMRS 666,Mesprit,U-turn,,,,False,RANDOM DOUBLES,2026-09-28T20:46:28,,307,2,6,1,0,12,3,0,0,0,8,0,0,False,False,False
https://replay.pokemonshowdown.com/gen9randomdoublesbattle-2379960661-h28e486xlmx34ei95tproin8m0gb0mmpw,ok,p2,DMRS 666,Yanmega,,,,,False,RANDOM DOUBLES,2026-09-28T20:46:28,,307,2,6,1,0,12,3,0,0,0,8,0,0,False,False,False
https://replay.pokemonshowdown.com/gen9randomdoublesbattle-2379960661-h28e486xlmx34ei95tproin8m0gb0mmpw,ok,p2,DMRS 666,Bombirdier,Protect; Rock Slide,,,,False,RANDOM DOUBLES,2026-09-28T20:46:28,,307,2,6,1,0,12,3,0,0,0,8,0,0,False,False,False
https://replay.pokemonshowdown.com/gen9randomdoublesbattle-2386143443-5rl7d6ndak1jdlk4wv8eoitcahkea4apw,ok,p1,Bloodycheese,Honchkrow,Brave Bird,Moxie,,,False,RANDOM DOUBLES,2026-09-28T20:46:29,,379,5,6,0,0,13,5,0,0,2,1,0,0,True,False,False
https://replay.pokemonshowdown.com/gen9randomdoublesbattle-2386143443-5rl7d6ndak1jdlk4wv8eoitcahkea4apw,ok,p1,Bloodycheese,Eelektross,Close Combat; Giga Drain; Knock Off,,,,False,RANDOM DOUBLES,2026-09-28T20:46:29,,379,5,6,0,0,13,5,0,0,2,1,0,0,False,False,False
https://replay.pokemonshowdown.com/gen9randomdoublesbattle-2386143443-5rl7d6ndak1jdlk4wv8eoitcahkea4apw,ok,p1,Bloodycheese,Forretress,Iron Head,,,,False,RANDOM DOUBLES,2026-09-28T20:46:29,,379,5,6,0,0,13,5,0,0,2,1,0,0,False,False,False
https://replay.pokemonshowdown.com/gen9randomdoublesbattle-2386143443-5rl7d6ndak1jdlk4wv8eoitcahkea4apw,ok,p1,Bloodycheese,Victreebel,Protect,,,,False,RANDOM DOUBLES,2026-09-28T20:46:29,,379,5,6,0,0,13,5,0,0,2,1,0,0,False,False,False
https://replay.pokemonshowdown.com/gen9randomdoublesbattle-2386143443-5rl7d6ndak1jdlk4wv8eoitcahkea4apw,ok,p1,Bloodycheese,Glimmora,Mortal Spin,,,,False,RANDOM DOUBLES,2026-09-28T20:46:29,,379,5,6,0,0,13,5,0,0,2,1,0,0,False,False,False
https://replay.pokemonshowdown.com/gen9randomdoublesbattle-2386143443-5rl7d6ndak1jdlk4wv8eoitcahkea4apw,ok,p1,Bloodycheese,Walking Wake,Flamethrower; Protect,,,Fire,False,RANDOM DOUBLES,2026-09-28T20:46:29,,379,5,6,0,0,13,5,0,0,2,1,0,0,False,False,True
https://replay.pokemonshowdown.com/gen9randomdoublesbattle-2386143443-5rl7d6ndak1jdlk4wv8eoitcahkea4apw,ok,p2,SasoriVzla7,Appletun,Apple Acid; Dragon Pulse; Leech Seed; Protect,,Sitrus Berry,,True,RANDOM DOUBLES,2026-09-28T20:46:29,,379,6,5,0,0,13,3,2,0,0,3,0,0,True,False,False
https://replay.pokemonshowdown.com/gen9randomdoublesbattle-2386143443-5rl7d6ndak1jdlk4wv8eoitcahkea4apw,ok,p2,SasoriVzla7,Magearna,Dazzling Gleam; Flash Cannon; Protect; Trick Room,,,,True,RANDOM DOUBLES,2026-09-28T20:46:29,,379,6,5,0,0,13,3,2,0,0,3,0,0,False,False,False
https://replay.pokemonshowdown.com/gen9randomdoublesbattle-2386143443-5rl7d6ndak1jdlk4wv8eoitcahkea4apw,ok,p2,SasoriVzla7,Copperajah,Heat Crash; Heavy Slam,,,,True,RANDOM DOUBLES,2026-09-28T20:46:29,,379,6,5,0,0,13,3,2,0,0,3,0,0,False,False,False
https://replay.pokemonshowdown.com/gen9randomdoublesbattle-2386143443-5rl7d6ndak1jdlk4wv8eoitcahkea4apw,ok,p2,SasoriVzla7,Electivire,Ice Punch; Wild Charge,,,,True,RANDOM DOUBLES,2026-09-28T20:46:29,,379,6,5,0,0,13,3,2,0,0,3,0,0,False,False,False
https://replay.pokemonshowdown.com/gen9randomdoublesbattle-2386143443-5rl7d6ndak1jdlk4wv8eoitcahkea4apw,ok,p2,SasoriVzla7,Greedent,Double-Edge,,Sitrus Berry,,True,RANDOM DOUBLES,2026-09-28T20:46:29,,379,6,5,0,0,13,3,2,0,0,3,0,0,False,False,False
https://replay.pokemonshowdown.com/gen9randomdoublesbattle-2386143443-5rl7d6ndak1jdlk4wv8eoitcahkea4apw,ok,p2,SasoriVzla7,Lurantis,,,,Fighting,True,RANDOM DOUBLES,2026-09-28T20:46:29,,379,6,5,0,0,13,3,2,0,0,3,0,0,False,False,True
https://replay.pokemonshowdown.com/gen9vgc2025regg-2336923245-7l12gu2mlqyki106ydbbt8f4apq7gotpw,ok,p1,bloodycheese,Miraidon,Dazzling Gleam; Draco Meteor; Electro Drift; Volt Switch,Hadron Engine,Choice Specs,Fairy,True,VGC,2026-09-28T20:46:30,,261,4,1,0,2,7,4,0,0,1,0,0,0,True,False,True
https://replay.pokemonshowdown.com/gen9vgc2025regg-2336923245-7l12gu2mlqyki106ydbbt8f4apq7gotpw,ok,p1,bloodycheese,Ursaluna,Earthquake; Facade; Headlong Rush; Protect,Guts,Flame Orb,Poison,True,VGC,2026-09-28T20:46:30,,261,4,1,0,2,7,4,0,0,1,0,0,0,False,False,False
https://replay.pokemonshowdown.com/gen9vgc2025regg-2336923245-7l12gu2mlqyki106ydbbt8f4apq7gotpw,ok,p1,bloodycheese,Whimsicott,Encore; Light Screen; Moonblast; Tailwind,Prankster,Covert Cloak,Dark,True,VGC,2026-09-28T20:46:30,,261,4,1,0,2,7,4,0,0,1,0,0,0,False,False,False
https://replay.pokemonshowdown.com/gen9vgc2025regg-2336923245-7l12gu2mlqyki106ydbbt8f4apq7gotpw,ok,p1,bloodycheese,Incineroar,Fake Out; Flare Blitz; Knock Off; U-turn,Intimidate,Assault Vest,Dragon,True,VGC,2026-09-28T20:46:30,,261,4,1,0,2,7,4,0,0,1,0,0,0,False,False,False
https://replay.pokemonshowdown.com/gen9vgc2025regg-2336923245-7l12gu2mlqyki106ydbbt8f4apq7gotpw,ok,p1,bloodycheese,Farigiraf,Foul Play; Helping Hand; Psychic; Trick Room,Armor Tail,Electric Seed,Water,True,VGC,2026-09-28T20:46:30,,261,4,1,0,2,7,4,0,0,1,0,0,0,False,False,False
https://replay.pokemonshowdown.com/gen9vgc2025regg-2336923245-7l12gu2mlqyki106ydbbt8f4apq7gotpw,ok,p1,bloodycheese,Urshifu-*,,,,,True,VGC,2026-09-28T20:46:30,,261,4,1,0,2,7,4,0,0,1,0,0,0,False,False,False
https://replay.pokemonshowdown.com/gen9vgc2025regg-2336923245-7l12gu2mlqyki106ydbbt8f4apq7gotpw,ok,p1,bloodycheese,Urshifu-Rapid-Strike,Aqua Jet; Close Combat; Protect; Surging Strikes,Unseen Fist,Focus Sash,Stellar,True,VGC,2026-09-28T20:46:30,,261,4,1,0,2,7,4,0,0,1,0,0,0,False,False,False
https://replay.pokemonshowdown.com/gen9vgc2025regg-2336923245-7l12gu2mlqyki106ydbbt8f4apq7gotpw,ok,p2,WlDino,Miraidon,Dazzling Gleam; Draco Meteor; Electro Drift; Volt Switch,Hadron Engine,Choice Specs,Fairy,False,VGC,2026-09-28T20:46:30,,261,1,4,2,0,7,1,2,0,1,0,0,0,False,False,False
https://replay.pokemonshowdown.com/gen9vgc2025regg-2336923245-7l12gu2mlqyki106ydbbt8f4apq7gotpw,ok,p2,WlDino,Whimsicott,Encore; Light Screen; Moonblast; Tailwind,Prankster,Covert Cloak,Dark,False,VGC,2026-09-28T20:46:30,,261,1,4,2,0,7,1,2,0,1,0,0,0,True,False,False
https://replay.pokemonshowdown.com/gen9vgc2025regg-2336923245-7l12gu2mlqyki106ydbbt8f4apq7gotpw,ok,p2,WlDino,Urshifu-*,,,,,False,VGC,2026-09-28T20:46:30,,261,1,4,2,0,7,1,2,0,1,0,0,0,False,False,False
https://replay.pokemonshowdown.com/gen9vgc2025regg-2336923245-7l12gu2mlqyki106ydbbt8f4apq7gotpw,ok,p2,WlDino,Ogerpon-Hearthflame,Follow Me; Ivy Cudgel; Spiky Shield; Wood Hammer,Mold Breaker,Hearthflame Mask,Fire,False,VGC,2026-09-28T20:46:30,,261,1,4,2,0,7,1,2,0,1,0,0,0,False,False,False
https://replay.pokemonshowdown.com/gen9vgc2025regg-2336923245-7l12gu2mlqyki106ydbbt8f4apq7gotpw,ok,p2,WlDino,Farigiraf,Foul Play; Helping Hand; Psychic Noise; Trick Room,Armor Tail,Electric Seed,Water,False,VGC,2026-09-28T20:46:30,,261,1,4,2,0,7,1,2,0,1,0,0,0,False,False,False
https://replay.pokemonshowdown.com/gen9vgc2025regg-2336923245-7l12gu2mlqyki106ydbbt8f4apq7gotpw,ok,p2,WlDino,Iron Hands,Drain Punch; Fake Out; Low Kick; Wild Charge,Quark Drive,Assault Vest,Bug,False,VGC,2026-09-28T20:46:30,,261,1,4,2,0,7,1,2,0,1,0,0,0,False,False,False
https://replay.pokemonshowdown.com/gen9vgc2025regg-2336923245-7l12gu2mlqyki106ydbbt8f4apq7gotpw,ok,p2,WlDino,Urshifu-Rapid-Strike,Aqua Jet; Close Combat; Protect; Surging Strikes,Unseen Fist,Focus Sash,Stellar,False,VGC,2026-09-28T20:46:30,Urshifu,261,1,4,2,0,7,1,2,0,1,0,0,0,False,False,True
https://replay.pokemonshowdown.com/gen9nationaldex-2340903612-owejfnpc7s69fvqr756haocr2isgg7spw,ok,p1,JonnSalchichon,Breloom,Mach Punch,,,,False,NAT DEX,2026-09-28T20:46:30,,313,5,6,2,1,22,2,0,0,0,1,0,0,False,False,False
https://replay.pokemonshowdown.com/gen9nationaldex-2340903612-owejfnpc7s69fvqr756haocr2isgg7spw,ok,p1,JonnSalchichon,Sableye,Foul Play; Light Screen; Reflect,,Light Clay,,False,NAT DEX,2026-09-28T20:46:30,,313,5,6,2,1,22,2,0,0,0,1,0,0,True,False,False
https://replay.pokemonshowdown.com/gen9nationaldex-2340903612-owejfnpc7s69fvqr756haocr2isgg7spw,ok,p1,JonnSalchichon,Mawile,Play Rough; Sucker Punch,Intimidate,,,False,NAT DEX,2026-09-28T20:46:30,,313,5,6,2,1,22,2,0,0,0,1,0,0,False,True,False
https://replay.pokemonshowdown.com/gen9nationaldex-2340903612-owejfnpc7s69fvqr756haocr2isgg7spw,ok,p1,JonnSalchichon,Salamence,Dual Wingbeat,,,,False,NAT DEX,2026-09-28T20:46:30,,313,5,6,2,1,22,2,0,0,0,1,0,0,False,False,False
https://replay.pokemonshowdown.com/gen9nationaldex-2340903612-owejfnpc7s69fvqr756haocr2isgg7spw,ok,p1,JonnSalchichon,Latios,Luster Purge,,,,False,NAT DEX,2026-09-28T20:46:30,,313,5,6,2,1,22,2,0,0,0,1,0,0,False,False,False
https://replay.pokemonshowdown.com/gen9nationaldex-2340903612-owejfnpc7s69fvqr756haocr2isgg7spw,ok,p1,JonnSalchichon,Ludicolo,Giga Drain; Ice Beam,,,,False,NAT DEX,2026-09-28T20:46:30,,313,5,6,2,1,22,2,0,0,0,1,0,0,False,False,False
https://replay.pokemonshowdown.com/gen9nationaldex-2340903612-owejfnpc7s69fvqr756haocr2isgg7spw,ok,p2,bloodycheese,Pelipper,Hurricane; Weather Ball,,,,True,NAT DEX,2026-09-28T20:46:30,,313,6,5,1,2,22,2,4,1,1,0,0,0,False,False,False
https://replay.pokemonshowdown.com/gen9nationaldex-2340903612-owejfnpc7s69fvqr756haocr2isgg7spw,ok,p2,bloodycheese,Swampert,Waterfall,,,,True,NAT DEX,2026-09-28T20:46:30,,313,6,5,1,2,22,2,4,1,1,0,0,0,False,True,False
https://replay.pokemonshowdown.com/gen9nationaldex-2340903612-owejfnpc7s69fvqr756haocr2isgg7spw,ok,p2,bloodycheese,Latios,Draco Meteor; Luster Purge,,,,True,NAT DEX,2026-09-28T20:46:30,,313,6,5,1,2,22,2,4,1,1,0,0,0,False,False,False
https://replay.pokemonshowdown.com/gen9nationaldex-2340903612-owejfnpc7s69fvqr756haocr2isgg7spw,ok,p2,bloodycheese,Breloom,Mach Punch; Spore; Swords Dance,,Focus Sash,,True,NAT DEX,2026-09-28T20:46:30,,313,6,5,1,2,22,2,4,1,1,0,0,0,False,False,False
https://replay.pokemonshowdown.com/gen9nationaldex-2340903612-owejfnpc7s69fvqr756haocr2isgg7spw,ok,p2,bloodycheese,Ludicolo,Ice Beam,,,,True,NAT DEX,2026-09-28T20:46:30,,313,6,5,1,2,22,2,4,1,1,0,0,0,False,False,False
https://replay.pokemonshowdown.com/gen9nationaldex-2340903612-owejfnpc7s69fvqr756haocr2isgg7spw,ok,p2,bloodycheese,Metagross,Ice Punch; Knock Off,,,,True,NAT DEX,2026-09-28T20:46:30,,313,6,5,1,2,22,2,4,1,1,0,0,0,True,False,False
https://replay.pokemonshowdown.com/gen9nationaldex-2341327780-iskxha5hx72tis6kpiecig37ot722jlpw,ok,p1,bloodycheese,Pelipper,,,,,False,NAT DEX,2026-09-28T20:46:31,,500,3,6,1,1,24,3,3,1,2,0,0,0,True,False,False
https://replay.pokemonshowdown.com/gen9nationaldex-2341327780-iskxha5hx72tis6kpiecig37ot722jlpw,ok,p1,bloodycheese,Swampert,Flip Turn,,,,False,NAT DEX,2026-09-28T20:46:31,,500,3,6,1,1,24,3,3,1,2,0,0,0,False,True,False
https://replay.pokemonshowdown.com/gen9nationaldex-2341327780-iskxha5hx72tis6kpiecig37ot722jlpw,ok,p1,bloodycheese,Latios,Calm Mind; Luster Purge,,,,False,NAT DEX,2026-09-28T20:46:31,,500,3,6,1,1,24,3,3,1,2,0,0,0,False,False,False
https://replay.pokemonshowdown.com/gen9nationaldex-2341327780-iskxha5hx72tis6kpiecig37ot722jlpw,ok,p1,bloodycheese,Breloom,,,,,False,NAT DEX,2026-09-28T20:46:31,,500,3,6,1,1,24,3,3,1,2,0,0,0,False,False,False
https://replay.pokemonshowdown.com/gen9nationaldex-2341327780-iskxha5hx72tis6kpiecig37ot722jlpw,ok,p1,bloodycheese,Ludicolo,Rain Dance; Scald,,Life Orb,,False,NAT DEX,2026-09-28T20:46:31,,500,3,6,1,1,24,3,3,1,2,0,0,0,False,False,False
https://replay.pokemonshowdown.com/gen9nationaldex-2341327780-iskxha5hx72tis6kpiecig37ot722jlpw,ok,p1,bloodycheese,Metagross,Bullet Punch; Earthquake; Knock Off,,,,False,NAT DEX,2026-09-28T20:46:31,,500,3,6,1,1,24,3,3,1,2,0,0,0,False,False,False
https://replay.pokemonshowdown.com/gen9nationaldex-2341327780-iskxha5hx72tis6kpiecig37ot722jlpw,ok,p2,Ricomam,Breloom,Rock Tomb; Spore,,Focus Sash,,True,NAT DEX,2026-09-28T20:46:31,,500,6,3,1,1,24,7,1,3,0,3,0,0,True,False,False
https://replay.pokemonshowdown.com/gen9nationaldex-2341327780-iskxha5hx72tis6kpiecig37ot722jlpw,ok,p2,Ricomam,Torkoal,Lava Plume; Stealth Rock; Will-O-Wisp,,Heavy-Duty Boots,,True,NAT DEX,2026-09-28T20:46:31,,500,6,3,1,1,24,7,1,3,0,3,0,0,False,False,False
https://replay.pokemonshowdown.com/gen9nationaldex-2341327780-iskxha5hx72tis6kpiecig37ot722jlpw,ok,p2,Ricomam,Milotic,Dragon Tail; Ice Beam,,,,True,NAT DEX,2026-09-28T20:46:31,,500,6,3,1,1,24,7,1,3,0,3,0,0,False,False,False
https://replay.pokemonshowdown.com/gen9nationaldex-2341327780-iskxha5hx72tis6kpiecig37ot722jlpw,ok,p2,Ricomam,Masquerain,Bug Buzz,Intimidate,,,True,NAT DEX,2026-09-28T20:46:31,,500,6,3,1,1,24,7,1,3,0,3,0,0,False,False,False
https://replay.pokemonshowdown.com/gen9nationaldex-2341327780-iskxha5hx72tis6kpiecig37ot722jlpw,ok,p2,Ricomam,Banette,Destiny Bond; Poltergeist,,,,True,NAT DEX,2026-09-28T20:46:31,,500,6,3,1,1,24,7,1,3,0,3,0,0,False,True,False
https://replay.pokemonshowdown.com/gen9nationaldex-2341327780-iskxha5hx72tis6kpiecig37ot722jlpw,ok,p2,Ricomam,Latios,Devastating Drake; Luster Purge,,,,True,NAT DEX,2026-09-28T20:46:31,,500,6,3,1,1,24,7,1,3,0,3,0,0,False,False,False
https://replay.pokemonshowdown.com/gen9vgc2025regg-2342246699-qt2sv4c4s0fn82txer13w31k2tgkjt6pw,ok,p1,bloodycheese,Miraidon,Dazzling Gleam; Draco Meteor; Electro Drift; Volt Switch,Hadron Engine,Choice Specs,Fairy,True,VGC,2026-09-28T20:46:32,,280,4,2,6,0,6,2,2,0,1,0,0,0,True,False,False
https://replay.pokemonshowdown.com/gen9vgc2025regg-2342246699-qt2sv4c4s0fn82txer13w31k2tgkjt6pw,ok,p1,bloodycheese,Ursaluna,Earthquake; Facade; Headlong Rush; Protect,Guts,Flame Orb,Poison,True,VGC,2026-09-28T20:46:32,,280,4,2,6,0,6,2,2,0,1,0,0,0,False,False,False
https://replay.pokemonshowdown.com/gen9vgc2025regg-2342246699-qt2sv4c4s0fn82txer13w31k2tgkjt6pw,ok,p1,bloodycheese,Whimsicott,Encore; Light Screen; Moonblast; Tailwind,Prankster,Covert Cloak,Dark,True,VGC,2026-09-28T20:46:32,,280,4,2,6,0,6,2,2,0,1,0,0,0,False,False,False
https://replay.pokemonshowdown.com/gen9vgc2025regg-2342246699-qt2sv4c4s0fn82txer13w31k2tgkjt6pw,ok,p1,bloodycheese,Incineroar,Fake Out; Flare Blitz; Knock Off; U-turn,Intimidate,Assault Vest,Dragon,True,VGC,2026-09-28T20:46:32,,280,4,2,6,0,6,2,2,0,1,0,0,0,False,False,False
https://replay.pokemonshowdown.com/gen9vgc2025regg-2342246699-qt2sv4c4s0fn82txer13w31k2tgkjt6pw,ok,p1,bloodycheese,Farigiraf,Foul Play; Helping Hand; Psychic; Trick Room,Armor Tail,Electric Seed,Water,True,VGC,2026-09-28T20:46:32,,280,4,2,6,0,6,2,2,0,1,0,0,0,False,False,False
https://replay.pokemonshowdown.com/gen9vgc2025regg-2342246699-qt2sv4c4s0fn82txer13w31k2tgkjt6pw,ok,p1,bloodycheese,Urshifu-*,,,,,True,VGC,2026-09-28T20:46:32,,280,4,2,6,0,6,2,2,0,1,0,0,0,False,False,False
https://replay.pokemonshowdown.com/gen9vgc2025regg-2342246699-qt2sv4c4s0fn82txer13w31k2tgkjt6pw,ok,p1,bloodycheese,Urshifu-Rapid-Strike,Aqua Jet; Close Combat; Protect; Surging Strikes,Unseen Fist,Focus Sash,Stellar,True,VGC,2026-09-28T20:46:32,Urshifu,280,4,2,6,0,6,2,2,0,1,0,0,0,False,False,True
https://replay.pokemonshowdown.com/gen9vgc2025regg-2342246699-qt2sv4c4s0fn82txer13w31k2tgkjt6pw,ok,p2,Astonished_25,Hatterene,Dazzling Gleam; Expanding Force; Psychic; Trick Room,Magic Bounce,Life Orb,Psychic,False,VGC,2026-09-28T20:46:32,Maya Fey,280,2,4,0,6,6,2,2,0,3,0,0,0,False,False,False
https://replay.pokemonshowdown.com/gen9vgc2025regg-2342246699-qt2sv4c4s0fn82txer13w31k2tgkjt6pw,ok,p2,Astonished_25,Indeedee-F,Alluring Voice; Follow Me; Helping Hand; Trick Room,Psychic Surge,Safety Goggles,Water,False,VGC,2026-09-28T20:46:32,Pearl Fey,280,2,4,0,6,6,2,2,0,3,0,0,0,False,False,False
https://replay.pokemonshowdown.com/gen9vgc2025regg-2342246699-qt2sv4c4s0fn82txer13w31k2tgkjt6pw,ok,p2,Astonished_25,Gallade,Night Slash; Psycho Cut; Sacred Sword; Trick Room,Sharpness,Razor Claw,Grass,False,VGC,2026-09-28T20:46:32,,280,2,4,0,6,6,2,2,0,3,0,0,0,False,False,False
https://replay.pokemonshowdown.com/gen9vgc2025regg-2342246699-qt2sv4c4s0fn82txer13w31k2tgkjt6pw,ok,p2,Astonished_25,Calyrex-Ice,Glacial Lance; High Horsepower; Imprison; Trick Room,As One; As One Glastrier; Chilling Neigh; Unnerve,Clear Amulet,Fire,False,VGC,2026-09-28T20:46:32,Bodoque,280,2,4,0,6,6,2,2,0,3,0,0,0,False,False,False
https://replay.pokemonshowdown.com/gen9vgc2025regg-2342246699-qt2sv4c4s0fn82txer13w31k2tgkjt6pw,ok,p2,Astonished_25,Farigiraf,Hyper Voice; Psychic Noise; Shadow Ball; Trick Room,Armor Tail,Throat Spray,Water,False,VGC,2026-09-28T20:46:32,,280,2,4,0,6,6,2,2,0,3,0,0,0,False,False,False
https://replay.pokemonshowdown.com/gen9vgc2025regg-2342246699-qt2sv4c4s0fn82txer13w31k2tgkjt6pw,ok,p2,Astonished_25,Smeargle,Decorate; Fake Out; Follow Me; Spore,Own Tempo,Focus Sash,Grass,False,VGC,2026-09-28T20:46:32,Pinta Colas,280,2,4,0,6,6,2,2,0,3,0,0,0,True,False,True
https://replay.pokemonshowdown.com/gen9vgc2025regg-2344465927-bgtekq1rfuovuww0dd4b1fquwogtrbkpw,ok,p1,bloodycheese,Miraidon,Dazzling Gleam; Draco Meteor; Electro Drift; Volt Switch,Hadron Engine,Choice Specs,Fairy,True,VGC,2026-09-28T20:46:32,,328,4,2,0,0,6,2,2,0,0,0,0,0,True,False,True
https://replay.pokemonshowdown.com/gen9vgc2025regg-2344465927-bgtekq1rfuovuww0dd4b1fquwogtrbkpw,ok,p1,bloodycheese,Ursaluna,Earthquake; Facade; Headlong Rush; Protect,Guts,Flame Orb,Poison,True,VGC,2026-09-28T20:46:32,,328,4,2,0,0,6,2,2,0,0,0,0,0,False,False,False
https://replay.pokemonshowdown.com/gen9vgc2025regg-2344465927-bgtekq1rfuovuww0dd4b1fquwogtrbkpw,ok,p1,bloodycheese,Whimsicott,Encore; Light Screen; Moonblast; Tailwind,Prankster,Covert Cloak,Dark,True,VGC,2026-09-28T20:46:32,,328,4,2,0,0,6,2,2,0,0,0,0,0,False,False,False
https://replay.pokemonshowdown.com/gen9vgc2025regg-2344465927-bgtekq1rfuovuww0dd4b1fquwogtrbkpw,ok,p1,bloodycheese,Incineroar,Fake Out; Flare Blitz; Knock Off; U-turn,Intimidate,Assault Vest,Dragon,True,VGC,2026-09-28T20:46:32,,328,4,2,0,0,6,2,2,0,0,0,0,0,False,False,False
https://replay.pokemonshowdown.com/gen9vgc2025regg-2344465927-bgtekq1rfuovuww0dd4b1fquwogtrbkpw,ok,p1,bloodycheese,Farigiraf,Foul Play; Helping Hand; Psychic; Trick Room,Armor Tail,Electric Seed,Water,True,VGC,2026-09-28T20:46:32,,328,4,2,0,0,6,2,2,0,0,0,0,0,False,False,False
https://replay.pokemonshowdown.com/gen9vgc2025regg-2344465927-bgtekq1rfuovuww0dd4b1fquwogtrbkpw,ok,p1,bloodycheese,Urshifu-*,,,,,True,VGC,2026-09-28T20:46:32,,328,4,2,0,0,6,2,2,0,0,0,0,0,False,False,False
https://replay.pokemonshowdown.com/gen9vgc2025regg-2344465927-bgtekq1rfuovuww0dd4b1fquwogtrbkpw,ok,p1,bloodycheese,Urshifu-Rapid-Strike,Aqua Jet; Close Combat; Protect; Surging Strikes,Unseen Fist,Focus Sash,Stellar,True,VGC,2026-09-28T20:46:32,Urshifu,328,4,2,0,0,6,2,2,0,0,0,0,0,False,False,False
https://replay.pokemonshowdown.com/gen9vgc2025regg-2344465927-bgtekq1rfuovuww0dd4b1fquwogtrbkpw,ok,p2,ItzerX,Miraidon,Dazzling Gleam; Draco Meteor; Electro Drift; Volt Switch,Hadron Engine,Choice Specs,Fairy,False,VGC,2026-09-28T20:46:32,,328,2,4,0,0,6,2,1,0,0,1,0,0,True,False,True
https://replay.pokemonshowdown.com/gen9vgc2025regg-2344465927-bgtekq1rfuovuww0dd4b1fquwogtrbkpw,ok,p2,ItzerX,Whimsicott,Encore; Light Screen; Moonblast; Tailwind,Prankster,Covert Cloak,Dark,False,VGC,2026-09-28T20:46:32,,328,2,4,0,0,6,2,1,0,0,1,0,0,False,False,False
https://replay.pokemonshowdown.com/gen9vgc2025regg-2344465927-bgtekq1rfuovuww0dd4b1fquwogtrbkpw,ok,p2,ItzerX,Urshifu-*,,,,,False,VGC,2026-09-28T20:46:32,,328,2,4,0,0,6,2,1,0,0,1,0,0,False,False,False
https://replay.pokemonshowdown.com/gen9vgc2025regg-2344465927-bgtekq1rfuovuww0dd4b1fquwogtrbkpw,ok,p2,ItzerX,Ogerpon-Hearthflame,Follow Me; Ivy Cudgel; Spiky Shield; Wood Hammer,Mold Breaker,Hearthflame Mask,Fire,False,VGC,2026-09-28T20:46:32,Ogerpon,328,2,4,0,0,6,2,1,0,0,1,0,0,False,False,False
https://replay.pokemonshowdown.com/gen9vgc2025regg-2344465927-bgtekq1rfuovuww0dd4b1fquwogtrbkpw,ok,p2,ItzerX,Farigiraf,Foul Play; Helping Hand; Psychic; Trick Room,Armor Tail,Electric Seed,Water,False,VGC,2026-09-28T20:46:32,,328,2,4,0,0,6,2,1,0,0,1,0,0,False,False,False
https://replay.pokemonshowdown.com/gen9vgc2025regg-2344465927-bgtekq1rfuovuww0dd4b1fquwogtrbkpw,ok,p2,ItzerX,Iron Hands,Drain Punch; Fake Out; Heavy Slam; Low Kick,Quark Drive,Assault Vest,Water,False,VGC,2026-09-28T20:46:32,,328,2,4,0,0,6,2,1,0,0,1,0,0,False,False,False
https://replay.pokemonshowdown.com/gen9vgc2025regg-2344465927-bgtekq1rfuovuww0dd4b1fquwogtrbkpw,ok,p2,ItzerX,Urshifu,Close Combat; Detect; Sucker Punch; Wicked Blow,Unseen Fist,Focus Sash,Dark,False,VGC,2026-09-28T20:46:32,,328,2,4,0,0,6,2,1,0,0,1,0,0,False,False,False
https://replay.pokemonshowdown.com/gen9vgc2025regg-2345110979-n9qoyel3x9d1d8mswrxmaq0y55v8xj6pw,ok,p1,bloodycheese,Miraidon,Dazzling Gleam; Draco Meteor; Electro Drift; Volt Switch,Hadron Engine,Choice Specs,Fairy,True,VGC,2026-09-28T20:46:33,,443,4,3,5,1,8,9,0,0,0,0,0,0,True,False,True
https://replay.pokemonshowdown.com/gen9vgc2025regg-2345110979-n9qoyel3x9d1d8mswrxmaq0y55v8xj6pw,ok,p1,bloodycheese,Flutter Mane,Icy Wind; Moonblast; Protect; Thunder Wave,Protosynthesis,Booster Energy,Fairy,True,VGC,2026-09-28T20:46:33,,443,4,3,5,1,8,9,0,0,0,0,0,0,False,False,False
https://replay.pokemonshowdown.com/gen9vgc2025regg-2345110979-n9qoyel3x9d1d8mswrxmaq0y55v8xj6pw,ok,p1,bloodycheese,Whimsicott,Encore; Light Screen; Moonblast; Tailwind,Prankster,Covert Cloak,Dark,True,VGC,2026-09-28T20:46:33,,443,4,3,5,1,8,9,0,0,0,0,0,0,False,False,False
https://replay.pokemonshowdown.com/gen9vgc2025regg-2345110979-n9qoyel3x9d1d8mswrxmaq0y55v8xj6pw,ok,p1,bloodycheese,Incineroar,Fake Out; Flare Blitz; Knock Off; U-turn,Intimidate,Assault Vest,Dragon,True,VGC,2026-09-28T20:46:33,,443,4,3,5,1,8,9,0,0,0,0,0,0,False,False,False
https://replay.pokemonshowdown.com/gen9vgc2025regg-2345110979-n9qoyel3x9d1d8mswrxmaq0y55v8xj6pw,ok,p1,bloodycheese,Farigiraf,Foul Play; Helping Hand; Psychic; Trick Room,Armor Tail,Electric Seed,Water,True,VGC,2026-09-28T20:46:33,,443,4,3,5,1,8,9,0,0,0,0,0,0,False,False,False
https://replay.pokemonshowdown.com/gen9vgc2025regg-2345110979-n9qoyel3x9d1d8mswrxmaq0y55v8xj6pw,ok,p1,bloodycheese,Urshifu-*,,,,,True,VGC,2026-09-28T20:46:33,,443,4,3,5,1,8,9,0,0,0,0,0,0,False,False,False
https://replay.pokemonshowdown.com/gen9vgc2025regg-2345110979-n9qoyel3x9d1d8mswrxmaq0y55v8xj6pw,ok,p1,bloodycheese,Urshifu-Rapid-Strike,Aqua Jet; Close Combat; Protect; Surging Strikes,Unseen Fist,Focus Sash,Stellar,True,VGC,2026-09-28T20:46:33,Urshifu,443,4,3,5,1,8,9,0,0,0,0,0,0,False,False,False
https://replay.pokemonshowdown.com/gen9vgc2025regg-2345110979-n9qoyel3x9d1d8mswrxmaq0y55v8xj6pw,ok,p2,Ricomam,Miraidon,Dazzling Gleam; Draco Meteor; Electro Drift; Volt Switch,Hadron Engine,Choice Specs,Fairy,False,VGC,2026-09-28T20:46:33,,443,3,4,1,5,8,2,0,0,1,0,0,0,True,False,False
https://replay.pokemonshowdown.com/gen9vgc2025regg-2345110979-n9qoyel3x9d1d8mswrxmaq0y55v8xj6pw,ok,p2,Ricomam,Tornadus,Bleakwind Storm; Rain Dance; Tailwind; Taunt,Prankster,Covert Cloak,Dark,False,VGC,2026-09-28T20:46:33,,443,3,4,1,5,8,2,0,0,1,0,0,0,False,False,False
https://replay.pokemonshowdown.com/gen9vgc2025regg-2345110979-n9qoyel3x9d1d8mswrxmaq0y55v8xj6pw,ok,p2,Ricomam,Urshifu-*,,,,,False,VGC,2026-09-28T20:46:33,,443,3,4,1,5,8,2,0,0,1,0,0,0,False,False,False
https://replay.pokemonshowdown.com/gen9vgc2025regg-2345110979-n9qoyel3x9d1d8mswrxmaq0y55v8xj6pw,ok,p2,Ricomam,Farigiraf,Helping Hand; Imprison; Psychic; Trick Room,Armor Tail,Electric Seed,Ground,False,VGC,2026-09-28T20:46:33,,443,3,4,1,5,8,2,0,0,1,0,0,0,False,False,True
https://replay.pokemonshowdown.com/gen9vgc2025regg-2345110979-n9qoyel3x9d1d8mswrxmaq0y55v8xj6pw,ok,p2,Ricomam,Incineroar,Fake Out; Knock Off; Parting Shot; Will-O-Wisp,Intimidate,Safety Goggles,Ghost,False,VGC,2026-09-28T20:46:33,,443,3,4,1,5,8,2,0,0,1,0,0,0,False,False,False
https://replay.pokemonshowdown.com/gen9vgc2025regg-2345110979-n9qoyel3x9d1d8mswrxmaq0y55v8xj6pw,ok,p2,Ricomam,Iron Hands,Drain Punch; Fake Out; Low Kick; Wild Charge,Quark Drive,Assault Vest,Bug,False,VGC,2026-09-28T20:46:33,,443,3,4,1,5,8,2,0,0,1,0,0,0,False,False,False
https://replay.pokemonshowdown.com/gen9vgc2025regg-2345110979-n9qoyel3x9d1d8mswrxmaq0y55v8xj6pw,ok,p2,Ricomam,Urshifu-Rapid-Strike,Aqua Jet; Close Combat; Detect; Surging Strikes,Unseen Fist,Mystic Water,Water,False,VGC,2026-09-28T20:46:33,,443,3,4,1,5,8,2,0,0,1,0,0,0,False,False,False
https://replay.pokemonshowdown.com/gen9vgc2025regg-2345197244-iah1l7hfmfgyuxkabyuke0bvp9dlewvpw,ok,p1,bloodycheese,Miraidon,Dazzling Gleam; Draco Meteor; Electro Drift; Volt Switch,Hadron Engine,Choice Specs,Fairy,False,VGC,2026-09-28T20:46:34,,461,2,4,0,1,10,2,2,0,0,12,0,0,True,False,False
https://replay.pokemonshowdown.com/gen9vgc2025regg-2345197244-iah1l7hfmfgyuxkabyuke0bvp9dlewvpw,ok,p1,bloodycheese,Ursaluna,Earthquake; Facade; Headlong Rush; Protect,Guts,Flame Orb,Poison,False,VGC,2026-09-28T20:46:34,,461,2,4,0,1,10,2,2,0,0,12,0,0,False,False,True
https://replay.pokemonshowdown.com/gen9vgc2025regg-2345197244-iah1l7hfmfgyuxkabyuke0bvp9dlewvpw,ok,p1,bloodycheese,Whimsicott,Encore; Light Screen; Moonblast; Tailwind,Prankster,Covert Cloak,Dark,False,VGC,2026-09-28T20:46:34,,461,2,4,0,1,10,2,2,0,0,12,0,0,False,False,False
https://replay.pokemonshowdown.com/gen9vgc2025regg-2345197244-iah1l7hfmfgyuxkabyuke0bvp9dlewvpw,ok,p1,bloodycheese,Incineroar,Fake Out; Flare Blitz; Knock Off; U-turn,Intimidate,Assault Vest,Dragon,False,VGC,2026-09-28T20:46:34,,461,2,4,0,1,10,2,2,0,0,12,0,0,False,False,False
https://replay.pokemonshowdown.com/gen9vgc2025regg-2345197244-iah1l7hfmfgyuxkabyuke0bvp9dlewvpw,ok,p1,bloodycheese,Farigiraf,Foul Play; Helping Hand; Psychic; Trick Room,Armor Tail,Electric Seed,Water,False,VGC,2026-09-28T20:46:34,,461,2,4,0,1,10,2,2,0,0,12,0,0,False,False,False
https://replay.pokemonshowdown.com/gen9vgc2025regg-2345197244-iah1l7hfmfgyuxkabyuke0bvp9dlewvpw,ok,p1,bloodycheese,Urshifu-*,,,,,False,VGC,2026-09-28T20:46:34,,461,2,4,0,1,10,2,2,0,0,12,0,0,False,False,False
https://replay.pokemonshowdown.com/gen9vgc2025regg-2345197244-iah1l7hfmfgyuxkabyuke0bvp9dlewvpw,ok,p1,bloodycheese,Urshifu-Rapid-Strike,Aqua Jet; Close Combat; Protect; Surging Strikes,Unseen Fist,Focus Sash,Stellar,False,VGC,2026-09-28T20:46:34,,461,2,4,0,1,10,2,2,0,0,12,0,0,False,False,False
https://replay.pokemonshowdown.com/gen9vgc2025regg-2345197244-iah1l7hfmfgyuxkabyuke0bvp9dlewvpw,ok,p2,DECLAN RICE VGC,Lunala,Calm Mind; Moonblast; Moongeist Beam; Protect,Shadow Shield,Leftovers,Fairy,True,VGC,2026-09-28T20:46:34,Kristal,461,4,2,1,0,10,1,0,0,4,10,0,0,True,False,True
https://replay.pokemonshowdown.com/gen9vgc2025regg-2345197244-iah1l7hfmfgyuxkabyuke0bvp9dlewvpw,ok,p2,DECLAN RICE VGC,Incineroar,Fake Out; Flare Blitz; Parting Shot; Taunt,Intimidate,Rocky Helmet,Water,True,VGC,2026-09-28T20:46:34,,461,4,2,1,0,10,1,0,0,4,10,0,0,False,False,False
https://replay.pokemonshowdown.com/gen9vgc2025regg-2345197244-iah1l7hfmfgyuxkabyuke0bvp9dlewvpw,ok,p2,DECLAN RICE VGC,Rillaboom,Fake Out; Grassy Glide; U-turn; Wood Hammer,Grassy Surge,Assault Vest,Fire,True,VGC,2026-09-28T20:46:34,Dafer,461,4,2,1,0,10,1,0,0,4,10,0,0,False,False,False
https://replay.pokemonshowdown.com/gen9vgc2025regg-2345197244-iah1l7hfmfgyuxkabyuke0bvp9dlewvpw,ok,p2,DECLAN RICE VGC,Ogerpon-Cornerstone,Follow Me; Ivy Cudgel; Spiky Shield; Wood Hammer,Sturdy,Cornerstone Mask,Rock,True,VGC,2026-09-28T20:46:34,Ogerpon,461,4,2,1,0,10,1,0,0,4,10,0,0,False,False,False
https://replay.pokemonshowdown.com/gen9vgc2025regg-2345197244-iah1l7hfmfgyuxkabyuke0bvp9dlewvpw,ok,p2,DECLAN RICE VGC,Scream Tail,Dazzling Gleam; Disable; Encore; Protect,Protosynthesis,Booster Energy,Grass,True,VGC,2026-09-28T20:46:34,,461,4,2,1,0,10,1,0,0,4,10,0,0,False,False,False
https://replay.pokemonshowdown.com/gen9vgc2025regg-2345197244-iah1l7hfmfgyuxkabyuke0bvp9dlewvpw,ok,p2,DECLAN RICE VGC,Tornadus,Bleakwind Storm; Protect; Rain Dance; Tailwind,Prankster,Ability Shield,Dark,True,VGC,2026-09-28T20:46:34,,461,4,2,1,0,10,1,0,0,4,10,0,0,False,False,False
https://replay.pokemonshowdown.com/gen9nationaldex-2333163329-wkto2gn3jh8kp2bba812k7yajtf65bupw,ok,p1,bloodycheese,Lopunny,Fake Out; U-turn,,,,False,NAT DEX,2026-09-28T20:46:34,,512,4,6,3,2,30,8,3,0,2,7,0,0,True,True,False
https://replay.pokemonshowdown.com/gen9nationaldex-2333163329-wkto2gn3jh8kp2bba812k7yajtf65bupw,ok,p1,bloodycheese,Garchomp,Crunch,,,,False,NAT DEX,2026-09-28T20:46:34,,512,4,6,3,2,30,8,3,0,2,7,0,0,False,False,False
https://replay.pokemonshowdown.com/gen9nationaldex-2333163329-wkto2gn3jh8kp2bba812k7yajtf65bupw,ok,p1,bloodycheese,Mamoswine,Trailblaze,,,,False,NAT DEX,2026-09-28T20:46:34,,512,4,6,3,2,30,8,3,0,2,7,0,0,False,False,False
https://replay.pokemonshowdown.com/gen9nationaldex-2333163329-wkto2gn3jh8kp2bba812k7yajtf65bupw,ok,p1,bloodycheese,Bronzong,Body Press; Iron Defense; Toxic,,,,False,NAT DEX,2026-09-28T20:46:34,,512,4,6,3,2,30,8,3,0,2,7,0,0,False,False,False
https://replay.pokemonshowdown.com/gen9nationaldex-2333163329-wkto2gn3jh8kp2bba812k7yajtf65bupw,ok,p1,bloodycheese,Rotom-Wash,Defog,,,,False,NAT DEX,2026-09-28T20:46:34,Rotom,512,4,6,3,2,30,8,3,0,2,7,0,0,False,False,False
https://replay.pokemonshowdown.com/gen9nationaldex-2333163329-wkto2gn3jh8kp2bba812k7yajtf65bupw,ok,p1,bloodycheese,Togekiss,Air Slash,,Aguav Berry,,False,NAT DEX,2026-09-28T20:46:34,,512,4,6,3,2,30,8,3,0,2,7,0,0,False,False,False
https://replay.pokemonshowdown.com/gen9nationaldex-2333163329-wkto2gn3jh8kp2bba812k7yajtf65bupw,ok,p2,Tutedroga,Garchomp,,,,,True,NAT DEX,2026-09-28T20:46:34,,512,6,4,2,3,30,2,2,0,1,9,0,0,False,False,False
https://replay.pokemonshowdown.com/gen9nationaldex-2333163329-wkto2gn3jh8kp2bba812k7yajtf65bupw,ok,p2,Tutedroga,Gallade,Psycho Cut; Sacred Sword,,,,True,NAT DEX,2026-09-28T20:46:34,,512,6,4,2,3,30,2,2,0,1,9,0,0,False,False,False
https://replay.pokemonshowdown.com/gen9nationaldex-2333163329-wkto2gn3jh8kp2bba812k7yajtf65bupw,ok,p2,Tutedroga,Togekiss,Thunder Wave,,,,True,NAT DEX,2026-09-28T20:46:34,,512,6,4,2,3,30,2,2,0,1,9,0,0,False,False,False
https://replay.pokemonshowdown.com/gen9nationaldex-2333163329-wkto2gn3jh8kp2bba812k7yajtf65bupw,ok,p2,Tutedroga,Manaphy,Energy Ball; Scald; Tail Glow,,,,True,NAT DEX,2026-09-28T20:46:34,,512,6,4,2,3,30,2,2,0,1,9,0,0,True,False,False
https://replay.pokemonshowdown.com/gen9nationaldex-2333163329-wkto2gn3jh8kp2bba812k7yajtf65bupw,ok,p2,Tutedroga,Bronzong,Hidden Power; Psychic; Stealth Rock,,,,True,NAT DEX,2026-09-28T20:46:34,,512,6,4,2,3,30,2,2,0,1,9,0,0,False,False,False
https://replay.pokemonshowdown.com/gen9nationaldex-2333163329-wkto2gn3jh8kp2bba812k7yajtf65bupw,ok,p2,Tutedroga,Weavile,Ice Shard,Pressure,,,True,NAT DEX,2026-09-28T20:46:34,,512,6,4,2,3,30,2,2,0,1,9,0,0,False,False,False
https://replay.pokemonshowdown.com/gen9nationaldex-2345210806-wkwgr5fboa8xyqtpacn8brj6r51mh12pw,ok,p1,bloodycheese,Lopunny,Fake Out; U-turn,,,,False,NAT DEX,2026-09-28T20:46:35,,720,2,6,3,0,53,1,16,0,1,11,0,0,True,True,False
https://replay.pokemonshowdown.com/gen9nationaldex-2345210806-wkwgr5fboa8xyqtpacn8brj6r51mh12pw,ok,p1,bloodycheese,Garchomp,Crunch,,,,False,NAT DEX,2026-09-28T20:46:35,,720,2,6,3,0,53,1,16,0,1,11,0,0,False,False,False
https://replay.pokemonshowdown.com/gen9nationaldex-2345210806-wkwgr5fboa8xyqtpacn8brj6r51mh12pw,ok,p1,bloodycheese,Mamoswine,,,,,False,NAT DEX,2026-09-28T20:46:35,,720,2,6,3,0,53,1,16,0,1,11,0,0,False,False,False
https://replay.pokemonshowdown.com/gen9nationaldex-2345210806-wkwgr5fboa8xyqtpacn8brj6r51mh12pw,ok,p1,bloodycheese,Bronzong,Hidden Power; Psychic Noise; Stealth Rock; Toxic,,,,False,NAT DEX,2026-09-28T20:46:35,,720,2,6,3,0,53,1,16,0,1,11,0,0,False,False,False
https://replay.pokemonshowdown.com/gen9nationaldex-2345210806-wkwgr5fboa8xyqtpacn8brj6r51mh12pw,ok,p1,bloodycheese,Manaphy,Energy Ball; Scald; Tail Glow,,,,False,NAT DEX,2026-09-28T20:46:35,,720,2,6,3,0,53,1,16,0,1,11,0,0,False,False,False
https://replay.pokemonshowdown.com/gen9nationaldex-2345210806-wkwgr5fboa8xyqtpacn8brj6r51mh12pw,ok,p1,bloodycheese,Togekiss,Air Slash; Defog; Thunder Wave,,Aguav Berry,,False,NAT DEX,2026-09-28T20:46:35,,720,2,6,3,0,53,1,16,0,1,11,0,0,False,False,False
https://replay.pokemonshowdown.com/gen9nationaldex-2345210806-wkwgr5fboa8xyqtpacn8brj6r51mh12pw,ok,p2,DarmanEthan,Lopunny,Fake Out; U-turn,,,,True,NAT DEX,2026-09-28T20:46:35,,720,6,2,0,3,53,4,2,0,0,37,0,0,False,True,False
https://replay.pokemonshowdown.com/gen9nationaldex-2345210806-wkwgr5fboa8xyqtpacn8brj6r51mh12pw,ok,p2,DarmanEthan,Gliscor,Protect; Substitute; Toxic,,,,True,NAT DEX,2026-09-28T20:46:35,,720,6,2,0,3,53,4,2,0,0,37,0,0,False,False,False
https://replay.pokemonshowdown.com/gen9nationaldex-2345210806-wkwgr5fboa8xyqtpacn8brj6r51mh12pw,ok,p2,DarmanEthan,Manaphy,Energy Ball,,,,True,NAT DEX,2026-09-28T20:46:35,,720,6,2,0,3,53,4,2,0,0,37,0,0,False,False,False
https://replay.pokemonshowdown.com/gen9nationaldex-2345210806-wkwgr5fboa8xyqtpacn8brj6r51mh12pw,ok,p2,DarmanEthan,Staraptor,Close Combat,,,,True,NAT DEX,2026-09-28T20:46:35,,720,6,2,0,3,53,4,2,0,0,37,0,0,False,False,False
https://replay.pokemonshowdown.com/gen9nationaldex-2345210806-wkwgr5fboa8xyqtpacn8brj6r51mh12pw,ok,p2,DarmanEthan,Rotom-Heat,Overheat; Volt Switch,,,,True,NAT DEX,2026-09-28T20:46:35,Rotom,720,6,2,0,3,53,4,2,0,0,37,0,0,False,False,False
https://replay.pokemonshowdown.com/gen9nationaldex-2345210806-wkwgr5fboa8xyqtpacn8brj6r51mh12pw,ok,p2,DarmanEthan,Bronzong,Body Press; Protect; Psychic Noise; Stealth Rock,,,,True,NAT DEX,2026-09-28T20:46:35,,720,6,2,0,3,53,4,2,0,0,37,0,0,True,False,False
https://replay.pokemonshowdown.com/gen9nationaldex-2354329675-qfxdp1gpdb3ts0vpkuhq3ssky6yjepnpw,ok,p1,bloodycheese,Lopunny,,,,,True,NAT DEX,2026-09-28T20:46:36,,608,6,2,2,1,30,11,3,0,1,15,0,0,False,False,False
https://replay.pokemonshowdown.com/gen9nationaldex-2354329675-qfxdp1gpdb3ts0vpkuhq3ssky6yjepnpw,ok,p1,bloodycheese,Garchomp,Crunch; Dragon Claw,,,,True,NAT DEX,2026-09-28T20:46:36,,608,6,2,2,1,30,11,3,0,1,15,0,0,False,False,False
https://replay.pokemonshowdown.com/gen9nationaldex-2354329675-qfxdp1gpdb3ts0vpkuhq3ssky6yjepnpw,ok,p1,bloodycheese,Mamoswine,Icicle Spear,,,,True,NAT DEX,2026-09-28T20:46:36,,608,6,2,2,1,30,11,3,0,1,15,0,0,False,False,False
https://replay.pokemonshowdown.com/gen9nationaldex-2354329675-qfxdp1gpdb3ts0vpkuhq3ssky6yjepnpw,ok,p1,bloodycheese,Bronzong,Psychic Noise,,,,True,NAT DEX,2026-09-28T20:46:36,,608,6,2,2,1,30,11,3,0,1,15,0,0,False,False,False
https://replay.pokemonshowdown.com/gen9nationaldex-2354329675-qfxdp1gpdb3ts0vpkuhq3ssky6yjepnpw,ok,p1,bloodycheese,Manaphy,Energy Ball; Ice Beam; Scald; Tail Glow,,,,True,NAT DEX,2026-09-28T20:46:36,,608,6,2,2,1,30,11,3,0,1,15,0,0,False,False,False
https://replay.pokemonshowdown.com/gen9nationaldex-2354329675-qfxdp1gpdb3ts0vpkuhq3ssky6yjepnpw,ok,p1,bloodycheese,Togekiss,Air Slash; Thunder Wave,,,,True,NAT DEX,2026-09-28T20:46:36,,608,6,2,2,1,30,11,3,0,1,15,0,0,True,False,False
https://replay.pokemonshowdown.com/gen9nationaldex-2354329675-qfxdp1gpdb3ts0vpkuhq3ssky6yjepnpw,ok,p2,joscake,Gliscor,Earthquake; Protect; Toxic,,,,False,NAT DEX,2026-09-28T20:46:36,,608,2,6,1,2,30,1,3,1,3,7,0,0,False,False,False
https://replay.pokemonshowdown.com/gen9nationaldex-2354329675-qfxdp1gpdb3ts0vpkuhq3ssky6yjepnpw,ok,p2,joscake,Abomasnow,,,,,False,NAT DEX,2026-09-28T20:46:36,,608,2,6,1,2,30,1,3,1,3,7,0,0,False,False,False
https://replay.pokemonshowdown.com/gen9nationaldex-2354329675-qfxdp1gpdb3ts0vpkuhq3ssky6yjepnpw,ok,p2,joscake,Bronzong,Body Press; Iron Defense; Iron Head; Rest,,,,False,NAT DEX,2026-09-28T20:46:36,,608,2,6,1,2,30,1,3,1,3,7,0,0,False,False,False
https://replay.pokemonshowdown.com/gen9nationaldex-2354329675-qfxdp1gpdb3ts0vpkuhq3ssky6yjepnpw,ok,p2,joscake,Lopunny,Fake Out; Triple Axel,,,,False,NAT DEX,2026-09-28T20:46:36,,608,2,6,1,2,30,1,3,1,3,7,0,0,True,True,False
https://replay.pokemonshowdown.com/gen9nationaldex-2354329675-qfxdp1gpdb3ts0vpkuhq3ssky6yjepnpw,ok,p2,joscake,Manaphy,Scald; Take Heart,,,,False,NAT DEX,2026-09-28T20:46:36,,608,2,6,1,2,30,1,3,1,3,7,0,0,False,False,False
https://replay.pokemonshowdown.com/gen9nationaldex-2354329675-qfxdp1gpdb3ts0vpkuhq3ssky6yjepnpw,ok,p2,joscake,Porygon-Z,Shadow Ball; Z-Conversion 2,,,,False,NAT DEX,2026-09-28T20:46:36,,608,2,6,1,2,30,1,3,1,3,7,0,0,False,False,False
https://replay.pokemonshowdown.com/gen9nationaldex-2382854821-7gjsxp9sqksdnporlkpyn0ao1usd71xpw,ok,p1,bloodycheese,Serperior,,,,,True,NAT DEX,2026-09-28T20:46:36,,418,6,2,1,0,22,3,4,0,2,10,0,0,False,False,False
https://replay.pokemonshowdown.com/gen9nationaldex-2382854821-7gjsxp9sqksdnporlkpyn0ao1usd71xpw,ok,p1,bloodycheese,Samurott-Hisui,Ceaseless Edge,,,,True,NAT DEX,2026-09-28T20:46:36,Samurott,418,6,2,1,0,22,3,4,0,2,10,0,0,False,False,False
https://replay.pokemonshowdown.com/gen9nationaldex-2382854821-7gjsxp9sqksdnporlkpyn0ao1usd71xpw,ok,p1,bloodycheese,Ferrothorn,Knock Off; Leech Seed; Protect,,,,True,NAT DEX,2026-09-28T20:46:36,,418,6,2,1,0,22,3,4,0,2,10,0,0,False,False,False
https://replay.pokemonshowdown.com/gen9nationaldex-2382854821-7gjsxp9sqksdnporlkpyn0ao1usd71xpw,ok,p1,bloodycheese,Alomomola,Flip Turn; Mirror Coat,,,,True,NAT DEX,2026-09-28T20:46:36,,418,6,2,1,0,22,3,4,0,2,10,0,0,False,False,False
https://replay.pokemonshowdown.com/gen9nationaldex-2382854821-7gjsxp9sqksdnporlkpyn0ao1usd71xpw,ok,p1,bloodycheese,Kyurem,Dragon Dance; Icicle Spear,Pressure,,,True,NAT DEX,2026-09-28T20:46:36,,418,6,2,1,0,22,3,4,0,2,10,0,0,True,False,False
https://replay.pokemonshowdown.com/gen9nationaldex-2382854821-7gjsxp9sqksdnporlkpyn0ao1usd71xpw,ok,p1,bloodycheese,Volcarona,,,,,True,NAT DEX,2026-09-28T20:46:36,,418,6,2,1,0,22,3,4,0,2,10,0,0,False,False,False
https://replay.pokemonshowdown.com/gen9nationaldex-2382854821-7gjsxp9sqksdnporlkpyn0ao1usd71xpw,ok,p2,el bamdara,Victini,V-create,,,,False,NAT DEX,2026-09-28T20:46:36,,418,2,6,0,1,22,3,3,0,2,1,0,0,False,False,False
https://replay.pokemonshowdown.com/gen9nationaldex-2382854821-7gjsxp9sqksdnporlkpyn0ao1usd71xpw,ok,p2,el bamdara,Ferrothorn,Thunder Wave,,,,False,NAT DEX,2026-09-28T20:46:36,,418,2,6,0,1,22,3,3,0,2,1,0,0,False,False,False
https://replay.pokemonshowdown.com/gen9nationaldex-2382854821-7gjsxp9sqksdnporlkpyn0ao1usd71xpw,ok,p2,el bamdara,Reuniclus,Calm Mind; Focus Blast; Psychic; Trick Room,,Life Orb,,False,NAT DEX,2026-09-28T20:46:36,,418,2,6,0,1,22,3,3,0,2,1,0,0,False,False,False
https://replay.pokemonshowdown.com/gen9nationaldex-2382854821-7gjsxp9sqksdnporlkpyn0ao1usd71xpw,ok,p2,el bamdara,Samurott-Hisui,Ceaseless Edge; Flip Turn; Sucker Punch,,,,False,NAT DEX,2026-09-28T20:46:36,Samurott,418,2,6,0,1,22,3,3,0,2,1,0,0,False,False,False
https://replay.pokemonshowdown.com/gen9nationaldex-2382854821-7gjsxp9sqksdnporlkpyn0ao1usd71xpw,ok,p2,el bamdara,Golurk,Dynamic Punch,,,,False,NAT DEX,2026-09-28T20:46:36,,418,2,6,0,1,22,3,3,0,2,1,0,0,True,False,False
https://replay.pokemonshowdown.com/gen9nationaldex-2382854821-7gjsxp9sqksdnporlkpyn0ao1usd71xpw,ok,p2,el bamdara,Gorebyss,,,,,False,NAT DEX,2026-09-28T20:46:36,,418,2,6,0,1,22,3,3,0,2,1,0,0,False,False,False
https://replay.pokemonshowdown.com/gen9nationaldex-2394566827-hr9hcq775xsrpudo11uvpcf5a4hn6inpw,ok,p1,cl_moonligth,Audino,Thunder Wave,,,,False,NAT DEX,2026-09-28T20:46:37,,646,1,6,0,3,48,3,3,0,1,16,0,0,False,True,False
https://replay.pokemonshowdown.com/gen9nationaldex-2394566827-hr9hcq775xsrpudo11uvpcf5a4hn6inpw,ok,p1,cl_moonligth,Tornadus-Therian,Bleakwind Storm,,,,False,NAT DEX,2026-09-28T20:46:37,Tornadus,646,1,6,0,3,48,3,3,0,1,16,0,0,False,False,False
https://replay.pokemonshowdown.com/gen9nationaldex-2394566827-hr9hcq775xsrpudo11uvpcf5a4hn6inpw,ok,p1,cl_moonligth,Ferrothorn,Knock Off; Leech Seed; Power Whip; Stealth Rock,,Leftovers,,False,NAT DEX,2026-09-28T20:46:37,,646,1,6,0,3,48,3,3,0,1,16,0,0,False,False,False
https://replay.pokemonshowdown.com/gen9nationaldex-2394566827-hr9hcq775xsrpudo11uvpcf5a4hn6inpw,ok,p1,cl_moonligth,Alomomola,Flip Turn; Protect; Scald; Wish,,Rocky Helmet,,False,NAT DEX,2026-09-28T20:46:37,,646,1,6,0,3,48,3,3,0,1,16,0,0,True,False,False
https://replay.pokemonshowdown.com/gen9nationaldex-2394566827-hr9hcq775xsrpudo11uvpcf5a4hn6inpw,ok,p1,cl_moonligth,Hydreigon,Draco Meteor; Nasty Plot; Substitute,,,,False,NAT DEX,2026-09-28T20:46:37,,646,1,6,0,3,48,3,3,0,1,16,0,0,False,False,False
https://replay.pokemonshowdown.com/gen9nationaldex-2394566827-hr9hcq775xsrpudo11uvpcf5a4hn6inpw,ok,p1,cl_moonligth,Mienshao,Close Combat,,,,False,NAT DEX,2026-09-28T20:46:37,,646,1,6,0,3,48,3,3,0,1,16,0,0,False,False,False
https://replay.pokemonshowdown.com/gen9nationaldex-2394566827-hr9hcq775xsrpudo11uvpcf5a4hn6inpw,ok,p2,bloodycheese,Serperior,Glare; Hidden Power; Leaf Storm,,Leftovers,,True,NAT DEX,2026-09-28T20:46:37,,646,6,1,3,0,48,5,17,0,15,20,0,0,True,False,False
https://replay.pokemonshowdown.com/gen9nationaldex-2394566827-hr9hcq775xsrpudo11uvpcf5a4hn6inpw,ok,p2,bloodycheese,Samurott-Hisui,Ceaseless Edge,,,,True,NAT DEX,2026-09-28T20:46:37,Samurott,646,6,1,3,0,48,5,17,0,15,20,0,0,False,False,False
https://replay.pokemonshowdown.com/gen9nationaldex-2394566827-hr9hcq775xsrpudo11uvpcf5a4hn6inpw,ok,p2,bloodycheese,Ferrothorn,Knock Off; Leech Seed; Protect,,Leftovers,,True,NAT DEX,2026-09-28T20:46:37,,646,6,1,3,0,48,5,17,0,15,20,0,0,False,False,False
https://replay.pokemonshowdown.com/gen9nationaldex-2394566827-hr9hcq775xsrpudo11uvpcf5a4hn6inpw,ok,p2,bloodycheese,Alomomola,Flip Turn,,,,True,NAT DEX,2026-09-28T20:46:37,,646,6,1,3,0,48,5,17,0,15,20,0,0,False,False,False
https://replay.pokemonshowdown.com/gen9nationaldex-2394566827-hr9hcq775xsrpudo11uvpcf5a4hn6inpw,ok,p2,bloodycheese,Kyurem,Dragon Dance; Icicle Spear; Scale Shot,Pressure,,,True,NAT DEX,2026-09-28T20:46:37,,646,6,1,3,0,48,5,17,0,15,20,0,0,False,False,False
https://replay.pokemonshowdown.com/gen9nationaldex-2394566827-hr9hcq775xsrpudo11uvpcf5a4hn6inpw,ok,p2,bloodycheese,Volcarona,Flamethrower; Giga Drain; Quiver Dance,,,,True,NAT DEX,2026-09-28T20:46:37,,646,6,1,3,0,48,5,17,0,15,20,0,0,False,False,False
https://replay.pokemonshowdown.com/gen9nationaldex-2401060236-u98uyflhl71i0ihta04njk55c66u80wpw,ok,p1,bloodycheese,Serperior,Glare,,,,True,NAT DEX,2026-09-28T20:46:38,,890,6,0,0,0,26,4,2,0,4,13,0,0,False,False,False
https://replay.pokemonshowdown.com/gen9nationaldex-2401060236-u98uyflhl71i0ihta04njk55c66u80wpw,ok,p1,bloodycheese,Samurott-Hisui,Aqua Cutter; Ceaseless Edge,,,,True,NAT DEX,2026-09-28T20:46:38,Samurott,890,6,0,0,0,26,4,2,0,4,13,0,0,True,False,False
https://replay.pokemonshowdown.com/gen9nationaldex-2401060236-u98uyflhl71i0ihta04njk55c66u80wpw,ok,p1,bloodycheese,Ferrothorn,Leech Seed; Thunder Wave,,,,True,NAT DEX,2026-09-28T20:46:38,,890,6,0,0,0,26,4,2,0,4,13,0,0,False,False,False
https://replay.pokemonshowdown.com/gen9nationaldex-2401060236-u98uyflhl71i0ihta04njk55c66u80wpw,ok,p1,bloodycheese,Alomomola,,,,,True,NAT DEX,2026-09-28T20:46:38,,890,6,0,0,0,26,4,2,0,4,13,0,0,False,False,False
https://replay.pokemonshowdown.com/gen9nationaldex-2401060236-u98uyflhl71i0ihta04njk55c66u80wpw,ok,p1,bloodycheese,Kyurem,Icicle Spear,Pressure,,,True,NAT DEX,2026-09-28T20:46:38,,890,6,0,0,0,26,4,2,0,4,13,0,0,False,False,False
https://replay.pokemonshowdown.com/gen9nationaldex-2401060236-u98uyflhl71i0ihta04njk55c66u80wpw,ok,p1,bloodycheese,Volcarona,Flamethrower; Giga Drain; Quiver Dance,,,,True,NAT DEX,2026-09-28T20:46:38,,890,6,0,0,0,26,4,2,0,4,13,0,0,False,False,False
https://replay.pokemonshowdown.com/gen9nationaldex-2401060236-u98uyflhl71i0ihta04njk55c66u80wpw,ok,p2,masafesio,Jellicent,Hex; Scald; Strength Sap,,Colbur Berry,,False,NAT DEX,2026-09-28T20:46:38,,890,0,6,0,0,26,1,3,1,2,3,0,0,True,False,False
https://replay.pokemonshowdown.com/gen9nationaldex-2401060236-u98uyflhl71i0ihta04njk55c66u80wpw,ok,p2,masafesio,Gigalith,,,,,False,NAT DEX,2026-09-28T20:46:38,,890,0,6,0,0,26,1,3,1,2,3,0,0,False,False,False
https://replay.pokemonshowdown.com/gen9nationaldex-2401060236-u98uyflhl71i0ihta04njk55c66u80wpw,ok,p2,masafesio,Audino,Fire Blast,,,,False,NAT DEX,2026-09-28T20:46:38,,890,0,6,0,0,26,1,3,1,2,3,0,0,False,True,False
https://replay.pokemonshowdown.com/gen9nationaldex-2401060236-u98uyflhl71i0ihta04njk55c66u80wpw,ok,p2,masafesio,Volcarona,,,,,False,NAT DEX,2026-09-28T20:46:38,,890,0,6,0,0,26,1,3,1,2,3,0,0,False,False,False
https://replay.pokemonshowdown.com/gen9nationaldex-2401060236-u98uyflhl71i0ihta04njk55c66u80wpw,ok,p2,masafesio,Haxorus,Dragon Dance,Mold Breaker,,,False,NAT DEX,2026-09-28T20:46:38,,890,0,6,0,0,26,1,3,1,2,3,0,0,False,False,False
https://replay.pokemonshowdown.com/gen9nationaldex-2401060236-u98uyflhl71i0ihta04njk55c66u80wpw,ok,p2,masafesio,Thundurus-Therian,Thunderbolt; Volt Switch,,,,False,NAT DEX,2026-09-28T20:46:38,Thundurus,890,0,6,0,0,26,1,3,1,2,3,0,0,False,False,False
https://replay.pokemonshowdown.com/gen9vgc2025regibo3-2394031371-0etxqg2v8g261ufpurhb2fljxy00fydpw,ok,p1,Bloodycheese,Miraidon,Dazzling Gleam; Draco Meteor; Electro Drift; Volt Switch,Hadron Engine,Choice Specs,Fairy,True,VGC,2026-09-28T20:46:39,,684,4,1,0,3,9,5,1,0,0,2,0,0,True,False,False
https://replay.pokemonshowdown.com/gen9vgc2025regibo3-2394031371-0etxqg2v8g261ufpurhb2fljxy00fydpw,ok,p1,Bloodycheese,Lunala,Moongeist Beam; Psyshock; Trick Room; Wide Guard,Shadow Shield,Electric Seed,Water,True,VGC,2026-09-28T20:46:39,,684,4,1,0,3,9,5,1,0,0,2,0,0,False,False,False
https://replay.pokemonshowdown.com/gen9vgc2025regibo3-2394031371-0etxqg2v8g261ufpurhb2fljxy00fydpw,ok,p1,Bloodycheese,Whimsicott,Encore; Light Screen; Moonblast; Tailwind,Prankster,Covert Cloak,Dark,True,VGC,2026-09-28T20:46:39,,684,4,1,0,3,9,5,1,0,0,2,0,0,False,False,False
https://replay.pokemonshowdown.com/gen9vgc2025regibo3-2394031371-0etxqg2v8g261ufpurhb2fljxy00fydpw,ok,p1,Bloodycheese,Chi-Yu,Dark Pulse; Heat Wave; Overheat; Snarl,Beads of Ruin,Choice Scarf,Ghost,True,VGC,2026-09-28T20:46:39,,684,4,1,0,3,9,5,1,0,0,2,0,0,False,False,False
https://replay.pokemonshowdown.com/gen9vgc2025regibo3-2394031371-0etxqg2v8g261ufpurhb2fljxy00fydpw,ok,p1,Bloodycheese,Urshifu-*,,,,,True,VGC,2026-09-28T20:46:39,,684,4,1,0,3,9,5,1,0,0,2,0,0,False,False,False
https://replay.pokemonshowdown.com/gen9vgc2025regibo3-2394031371-0etxqg2v8g261ufpurhb2fljxy00fydpw,ok,p1,Bloodycheese,Iron Hands,Drain Punch; Fake Out; Heavy Slam; Low Kick,Quark Drive,Assault Vest,Water,True,VGC,2026-09-28T20:46:39,,684,4,1,0,3,9,5,1,0,0,2,0,0,False,False,False
https://replay.pokemonshowdown.com/gen9vgc2025regibo3-2394031371-0etxqg2v8g261ufpurhb2fljxy00fydpw,ok,p1,Bloodycheese,Urshifu-Rapid-Strike,Aqua Jet; Close Combat; Detect; Surging Strikes,Unseen Fist,Focus Sash,Stellar,True,VGC,2026-09-28T20:46:39,Urshifu,684,4,1,0,3,9,5,1,0,0,2,0,0,False,False,False
https://replay.pokemonshowdown.com/gen9vgc2025regibo3-2394031371-0etxqg2v8g261ufpurhb2fljxy00fydpw,ok,p2,Angelowos,Zamazenta-*,,,,,False,VGC,2026-09-28T20:46:39,,684,1,4,3,0,9,1,1,2,1,0,0,0,False,False,False
https://replay.pokemonshowdown.com/gen9vgc2025regibo3-2394031371-0etxqg2v8g261ufpurhb2fljxy00fydpw,ok,p2,Angelowos,Kyogre,Ice Beam; Origin Pulse; Protect; Water Spout,Drizzle,Mystic Water,Grass,False,VGC,2026-09-28T20:46:39,,684,1,4,3,0,9,1,1,2,1,0,0,0,True,False,True
https://replay.pokemonshowdown.com/gen9vgc2025regibo3-2394031371-0etxqg2v8g261ufpurhb2fljxy00fydpw,ok,p2,Angelowos,Urshifu-*,,,,,False,VGC,2026-09-28T20:46:39,,684,1,4,3,0,9,1,1,2,1,0,0,0,False,False,False
https://replay.pokemonshowdown.com/gen9vgc2025regibo3-2394031371-0etxqg2v8g261ufpurhb2fljxy00fydpw,ok,p2,Angelowos,Rillaboom,Fake Out; Grassy Glide; U-turn; Wood Hammer,Grassy Surge,Assault Vest,Fire,False,VGC,2026-09-28T20:46:39,,684,1,4,3,0,9,1,1,2,1,0,0,0,False,False,False
https://replay.pokemonshowdown.com/gen9vgc2025regibo3-2394031371-0etxqg2v8g261ufpurhb2fljxy00fydpw,ok,p2,Angelowos,Chien-Pao,Icicle Crash; Protect; Sucker Punch; Throat Chop,Sword of Ruin,Focus Sash,Ghost,False,VGC,2026-09-28T20:46:39,,684,1,4,3,0,9,1,1,2,1,0,0,0,False,False,False
https://replay.pokemonshowdown.com/gen9vgc2025regibo3-2394031371-0etxqg2v8g261ufpurhb2fljxy00fydpw,ok,p2,Angelowos,Tornadus,Bleakwind Storm; Protect; Rain Dance; Tailwind,Prankster,Rocky Helmet,Dark,False,VGC,2026-09-28T20:46:39,,684,1,4,3,0,9,1,1,2,1,0,0,0,False,False,False
https://replay.pokemonshowdown.com/gen9vgc2025regibo3-2394031371-0etxqg2v8g261ufpurhb2fljxy00fydpw,ok,p2,Angelowos,Zamazenta-Crowned,Body Press; Imprison; Protect; Wide Guard,Dauntless Shield,Rusted Shield,Ghost,False,VGC,2026-09-28T20:46:39,Zamazenta,684,1,4,3,0,9,1,1,2,1,0,0,0,False,False,False
https://replay.pokemonshowdown.com/gen9vgc2025regibo3-2394031371-0etxqg2v8g261ufpurhb2fljxy00fydpw,ok,p2,Angelowos,Urshifu-Rapid-Strike,Aqua Jet; Detect; Surging Strikes; Taunt,Unseen Fist,Covert Cloak,Water,False,VGC,2026-09-28T20:46:39,Urshifu,684,1,4,3,0,9,1,1,2,1,0,0,0,False,False,False
https://replay.pokemonshowdown.com/gen9vgc2025regibo3-2398180527-qx07dty1mb6hwr4hh18wqv23uhki86ppw,ok,p1,labiamg,Calyrex-Ice,Glacial Lance; High Horsepower; Protect; Trick Room,As One; As One Glastrier; Unnerve,Clear Amulet,Water,True,VGC,2026-09-28T20:46:39,Calyrex,383,4,3,0,6,11,4,1,2,1,0,0,0,True,False,False
https://replay.pokemonshowdown.com/gen9vgc2025regibo3-2398180527-qx07dty1mb6hwr4hh18wqv23uhki86ppw,ok,p1,labiamg,Urshifu-*,,,,,True,VGC,2026-09-28T20:46:39,,383,4,3,0,6,11,4,1,2,1,0,0,0,False,False,False
https://replay.pokemonshowdown.com/gen9vgc2025regibo3-2398180527-qx07dty1mb6hwr4hh18wqv23uhki86ppw,ok,p1,labiamg,Raging Bolt,Draco Meteor; Protect; Thunderbolt; Thunderclap,Protosynthesis,Booster Energy,Fairy,True,VGC,2026-09-28T20:46:39,,383,4,3,0,6,11,4,1,2,1,0,0,0,False,False,False
https://replay.pokemonshowdown.com/gen9vgc2025regibo3-2398180527-qx07dty1mb6hwr4hh18wqv23uhki86ppw,ok,p1,labiamg,Pelipper,Hurricane; Protect; Weather Ball; Wide Guard,Drizzle,Focus Sash,Ghost,True,VGC,2026-09-28T20:46:39,,383,4,3,0,6,11,4,1,2,1,0,0,0,False,False,True
https://replay.pokemonshowdown.com/gen9vgc2025regibo3-2398180527-qx07dty1mb6hwr4hh18wqv23uhki86ppw,ok,p1,labiamg,Amoonguss,Pollen Puff; Protect; Rage Powder; Spore,Regenerator,Rocky Helmet,Dark,True,VGC,2026-09-28T20:46:39,,383,4,3,0,6,11,4,1,2,1,0,0,0,False,False,False
https://replay.pokemonshowdown.com/gen9vgc2025regibo3-2398180527-qx07dty1mb6hwr4hh18wqv23uhki86ppw,ok,p1,labiamg,Zacian-*,,,,,True,VGC,2026-09-28T20:46:39,,383,4,3,0,6,11,4,1,2,1,0,0,0,False,False,False
https://replay.pokemonshowdown.com/gen9vgc2025regibo3-2398180527-qx07dty1mb6hwr4hh18wqv23uhki86ppw,ok,p1,labiamg,Urshifu-Rapid-Strike,Close Combat; Coaching; Surging Strikes; U-turn,Unseen Fist,Choice Scarf,Grass,True,VGC,2026-09-28T20:46:39,,383,4,3,0,6,11,4,1,2,1,0,0,0,False,False,False
https://replay.pokemonshowdown.com/gen9vgc2025regibo3-2398180527-qx07dty1mb6hwr4hh18wqv23uhki86ppw,ok,p1,labiamg,Zacian-Crowned,Behemoth Blade; Play Rough; Protect; Sacred Sword,Intrepid Sword,Rusted Sword,Fairy,True,VGC,2026-09-28T20:46:39,Zacian,383,4,3,0,6,11,4,1,2,1,0,0,0,False,False,False
https://replay.pokemonshowdown.com/gen9vgc2025regibo3-2398180527-qx07dty1mb6hwr4hh18wqv23uhki86ppw,ok,p2,bloodycheese,Miraidon,Dazzling Gleam; Draco Meteor; Electro Drift; Volt Switch,Hadron Engine,Choice Specs,Fairy,False,VGC,2026-09-28T20:46:39,,383,3,4,6,0,11,2,9,0,0,4,0,0,False,False,True
https://replay.pokemonshowdown.com/gen9vgc2025regibo3-2398180527-qx07dty1mb6hwr4hh18wqv23uhki86ppw,ok,p2,bloodycheese,Lunala,Moongeist Beam; Psyshock; Trick Room; Wide Guard,Shadow Shield,Electric Seed,Water,False,VGC,2026-09-28T20:46:39,,383,3,4,6,0,11,2,9,0,0,4,0,0,False,False,False
https://replay.pokemonshowdown.com/gen9vgc2025regibo3-2398180527-qx07dty1mb6hwr4hh18wqv23uhki86ppw,ok,p2,bloodycheese,Whimsicott,Encore; Light Screen; Moonblast; Tailwind,Prankster,Covert Cloak,Dark,False,VGC,2026-09-28T20:46:39,,383,3,4,6,0,11,2,9,0,0,4,0,0,False,False,False
https://replay.pokemonshowdown.com/gen9vgc2025regibo3-2398180527-qx07dty1mb6hwr4hh18wqv23uhki86ppw,ok,p2,bloodycheese,Chi-Yu,Dark Pulse; Heat Wave; Overheat; Snarl,Beads of Ruin,Choice Scarf,Ghost,False,VGC,2026-09-28T20:46:39,,383,3,4,6,0,11,2,9,0,0,4,0,0,True,False,False
https://replay.pokemonshowdown.com/gen9vgc2025regibo3-2398180527-qx07dty1mb6hwr4hh18wqv23uhki86ppw,ok,p2,bloodycheese,Urshifu-*,,,,,False,VGC,2026-09-28T20:46:39,,383,3,4,6,0,11,2,9,0,0,4,0,0,False,False,False
https://replay.pokemonshowdown.com/gen9vgc2025regibo3-2398180527-qx07dty1mb6hwr4hh18wqv23uhki86ppw,ok,p2,bloodycheese,Iron Hands,Drain Punch; Fake Out; Heavy Slam; Low Kick,Quark Drive,Assault Vest,Water,False,VGC,2026-09-28T20:46:39,,383,3,4,6,0,11,2,9,0,0,4,0,0,False,False,False
https://replay.pokemonshowdown.com/gen9vgc2025regibo3-2398180527-qx07dty1mb6hwr4hh18wqv23uhki86ppw,ok,p2,bloodycheese,Urshifu-Rapid-Strike,Aqua Jet; Close Combat; Detect; Surging Strikes,Unseen Fist,Focus Sash,Stellar,False,VGC,2026-09-28T20:46:39,Urshifu,383,3,4,6,0,11,2,9,0,0,4,0,0,False,False,False
https://replay.pokemonshowdown.com/gen9vgc2025regibo3-2401183092-kkmd4rgal8fm11niwmishut9d7f43k1pw,ok,p1,bloodycheese,Zacian-*,,,,,False,VGC,2026-09-28T20:46:40,,396,2,4,3,0,8,1,0,0,1,4,0,0,False,False,False
https://replay.pokemonshowdown.com/gen9vgc2025regibo3-2401183092-kkmd4rgal8fm11niwmishut9d7f43k1pw,ok,p1,bloodycheese,Lunala,Meteor Beam; Moongeist Beam; Protect; Wide Guard,Shadow Shield,Power Herb,Fairy,False,VGC,2026-09-28T20:46:40,,396,2,4,3,0,8,1,0,0,1,4,0,0,False,False,False
https://replay.pokemonshowdown.com/gen9vgc2025regibo3-2401183092-kkmd4rgal8fm11niwmishut9d7f43k1pw,ok,p1,bloodycheese,Urshifu-*,,,,,False,VGC,2026-09-28T20:46:40,,396,2,4,3,0,8,1,0,0,1,4,0,0,False,False,False
https://replay.pokemonshowdown.com/gen9vgc2025regibo3-2401183092-kkmd4rgal8fm11niwmishut9d7f43k1pw,ok,p1,bloodycheese,Rillaboom,Drum Beating; Fake Out; Grassy Glide; U-turn,Grassy Surge,Assault Vest,Fire,False,VGC,2026-09-28T20:46:40,,396,2,4,3,0,8,1,0,0,1,4,0,0,False,False,False
https://replay.pokemonshowdown.com/gen9vgc2025regibo3-2401183092-kkmd4rgal8fm11niwmishut9d7f43k1pw,ok,p1,bloodycheese,Incineroar,Fake Out; Flare Blitz; Knock Off; Parting Shot,Intimidate,Rocky Helmet,Water,False,VGC,2026-09-28T20:46:40,,396,2,4,3,0,8,1,0,0,1,4,0,0,False,False,False
https://replay.pokemonshowdown.com/gen9vgc2025regibo3-2401183092-kkmd4rgal8fm11niwmishut9d7f43k1pw,ok,p1,bloodycheese,Tornadus,Bleakwind Storm; Protect; Rain Dance; Tailwind,Prankster,Covert Cloak,Dark,False,VGC,2026-09-28T20:46:40,,396,2,4,3,0,8,1,0,0,1,4,0,0,False,False,False
https://replay.pokemonshowdown.com/gen9vgc2025regibo3-2401183092-kkmd4rgal8fm11niwmishut9d7f43k1pw,ok,p1,bloodycheese,Zacian-Crowned,Play Rough; Protect; Sacred Sword; behemothblade,Intrepid Sword,Rusted Sword,Water,False,VGC,2026-09-28T20:46:40,Zacian,396,2,4,3,0,8,1,0,0,1,4,0,0,True,False,True
https://replay.pokemonshowdown.com/gen9vgc2025regibo3-2401183092-kkmd4rgal8fm11niwmishut9d7f43k1pw,ok,p1,bloodycheese,Urshifu-Rapid-Strike,Aqua Jet; Detect; Surging Strikes; Taunt,Unseen Fist,Focus Sash,Water,False,VGC,2026-09-28T20:46:40,Urshifu,396,2,4,3,0,8,1,0,0,1,4,0,0,False,False,False
https://replay.pokemonshowdown.com/gen9vgc2025regibo3-2401183092-kkmd4rgal8fm11niwmishut9d7f43k1pw,ok,p2,Saga_57,Lunala,Moonblast; Moongeist Beam; Trick Room; Wide Guard,Shadow Shield,Electric Seed,Fairy,True,VGC,2026-09-28T20:46:40,,396,4,2,0,3,8,3,0,0,1,4,0,0,False,False,False
https://replay.pokemonshowdown.com/gen9vgc2025regibo3-2401183092-kkmd4rgal8fm11niwmishut9d7f43k1pw,ok,p2,Saga_57,Miraidon,Dazzling Gleam; Draco Meteor; Electro Drift; Volt Switch,Hadron Engine,Choice Specs,Fairy,True,VGC,2026-09-28T20:46:40,,396,4,2,0,3,8,3,0,0,1,4,0,0,True,False,True
https://replay.pokemonshowdown.com/gen9vgc2025regibo3-2401183092-kkmd4rgal8fm11niwmishut9d7f43k1pw,ok,p2,Saga_57,Incineroar,Fake Out; Flare Blitz; Knock Off; U-turn,Intimidate,Assault Vest,Bug,True,VGC,2026-09-28T20:46:40,,396,4,2,0,3,8,3,0,0,1,4,0,0,False,False,False
https://replay.pokemonshowdown.com/gen9vgc2025regibo3-2401183092-kkmd4rgal8fm11niwmishut9d7f43k1pw,ok,p2,Saga_57,Urshifu-*,,,,,True,VGC,2026-09-28T20:46:40,,396,4,2,0,3,8,3,0,0,1,4,0,0,False,False,False
https://replay.pokemonshowdown.com/gen9vgc2025regibo3-2401183092-kkmd4rgal8fm11niwmishut9d7f43k1pw,ok,p2,Saga_57,Whimsicott,Encore; Light Screen; Moonblast; Tailwind,Prankster,Covert Cloak,Steel,True,VGC,2026-09-28T20:46:40,,396,4,2,0,3,8,3,0,0,1,4,0,0,False,False,False
https://replay.pokemonshowdown.com/gen9vgc2025regibo3-2401183092-kkmd4rgal8fm11niwmishut9d7f43k1pw,ok,p2,Saga_57,Ursaluna,Drain Punch; Facade; Headlong Rush; Protect,Guts,Flame Orb,Ghost,True,VGC,2026-09-28T20:46:40,,396,4,2,0,3,8,3,0,0,1,4,0,0,False,False,False
https://replay.pokemonshowdown.com/gen9vgc2025regibo3-2401183092-kkmd4rgal8fm11niwmishut9d7f43k1pw,ok,p2,Saga_57,Urshifu-Rapid-Strike,Aqua Jet; Close Combat; Surging Strikes; U-turn,Unseen Fist,Choice Band,Ghost,True,VGC,2026-09-28T20:46:40,Urshifu,396,4,2,0,3,8,3,0,0,1,4,0,0,False,False,False
https://replay.pokemonshowdown.com/gen9vgc2025regibo3-2406634121-yx9m4200tv2oen3d3nehow1fu68rbudpw,ok,p1,MisteryGold,Incineroar,Fake Out; Flare Blitz; Knock Off; Parting Shot,Intimidate,Sitrus Berry,Water,False,VGC,2026-09-28T20:46:41,,310,2,4,4,6,6,1,1,0,1,7,0,0,True,False,False
https://replay.pokemonshowdown.com/gen9vgc2025regibo3-2406634121-yx9m4200tv2oen3d3nehow1fu68rbudpw,ok,p1,MisteryGold,Flutter Mane,Dazzling Gleam; Moonblast; Power Gem; Shadow Ball,Protosynthesis,Choice Specs,Fairy,False,VGC,2026-09-28T20:46:41,,310,2,4,4,6,6,1,1,0,1,7,0,0,False,False,False
https://replay.pokemonshowdown.com/gen9vgc2025regibo3-2406634121-yx9m4200tv2oen3d3nehow1fu68rbudpw,ok,p1,MisteryGold,Urshifu-*,,,,,False,VGC,2026-09-28T20:46:41,,310,2,4,4,6,6,1,1,0,1,7,0,0,False,False,False
https://replay.pokemonshowdown.com/gen9vgc2025regibo3-2406634121-yx9m4200tv2oen3d3nehow1fu68rbudpw,ok,p1,MisteryGold,Rillaboom,Grassy Glide; Knock Off; U-turn; Wood Hammer,Grassy Surge,Assault Vest,Grass,False,VGC,2026-09-28T20:46:41,,310,2,4,4,6,6,1,1,0,1,7,0,0,False,False,False
https://replay.pokemonshowdown.com/gen9vgc2025regibo3-2406634121-yx9m4200tv2oen3d3nehow1fu68rbudpw,ok,p1,MisteryGold,Landorus-Therian,Rock Slide; Stomping Tantrum; Tera Blast; U-turn,Intimidate,Choice Scarf,Flying,False,VGC,2026-09-28T20:46:41,,310,2,4,4,6,6,1,1,0,1,7,0,0,False,False,False
https://replay.pokemonshowdown.com/gen9vgc2025regibo3-2406634121-yx9m4200tv2oen3d3nehow1fu68rbudpw,ok,p1,MisteryGold,Farigiraf,Hyper Voice; Protect; Psychic; Trick Room,Armor Tail,Throat Spray,Steel,False,VGC,2026-09-28T20:46:41,,310,2,4,4,6,6,1,1,0,1,7,0,0,False,False,False
https://replay.pokemonshowdown.com/gen9vgc2025regibo3-2406634121-yx9m4200tv2oen3d3nehow1fu68rbudpw,ok,p1,MisteryGold,Urshifu-Rapid-Strike,Aqua Jet; Close Combat; Surging Strikes; U-turn,Unseen Fist,Aguav Berry,Fire,False,VGC,2026-09-28T20:46:41,Urshifu,310,2,4,4,6,6,1,1,0,1,7,0,0,False,False,True
https://replay.pokemonshowdown.com/gen9vgc2025regibo3-2406634121-yx9m4200tv2oen3d3nehow1fu68rbudpw,ok,p2,bloodycheese,Zacian-*,,,,,True,VGC,2026-09-28T20:46:41,,310,4,2,6,4,6,7,1,0,1,5,0,0,False,False,False
https://replay.pokemonshowdown.com/gen9vgc2025regibo3-2406634121-yx9m4200tv2oen3d3nehow1fu68rbudpw,ok,p2,bloodycheese,Lunala,Meteor Beam; Moongeist Beam; Protect; Wide Guard,Shadow Shield,Power Herb,Fairy,True,VGC,2026-09-28T20:46:41,,310,4,2,6,4,6,7,1,0,1,5,0,0,False,False,False
https://replay.pokemonshowdown.com/gen9vgc2025regibo3-2406634121-yx9m4200tv2oen3d3nehow1fu68rbudpw,ok,p2,bloodycheese,Urshifu-*,,,,,True,VGC,2026-09-28T20:46:41,,310,4,2,6,4,6,7,1,0,1,5,0,0,False,False,False
https://replay.pokemonshowdown.com/gen9vgc2025regibo3-2406634121-yx9m4200tv2oen3d3nehow1fu68rbudpw,ok,p2,bloodycheese,Rillaboom,Drum Beating; Fake Out; Grassy Glide; U-turn,Grassy Surge,Assault Vest,Fire,True,VGC,2026-09-28T20:46:41,,310,4,2,6,4,6,7,1,0,1,5,0,0,False,False,False
https://replay.pokemonshowdown.com/gen9vgc2025regibo3-2406634121-yx9m4200tv2oen3d3nehow1fu68rbudpw,ok,p2,bloodycheese,Incineroar,Fake Out; Flare Blitz; Knock Off; Parting Shot,Intimidate,Rocky Helmet,Water,True,VGC,2026-09-28T20:46:41,,310,4,2,6,4,6,7,1,0,1,5,0,0,False,False,False
https://replay.pokemonshowdown.com/gen9vgc2025regibo3-2406634121-yx9m4200tv2oen3d3nehow1fu68rbudpw,ok,p2,bloodycheese,Tornadus,Bleakwind Storm; Protect; Rain Dance; Tailwind,Prankster,Covert Cloak,Dark,True,VGC,2026-09-28T20:46:41,,310,4,2,6,4,6,7,1,0,1,5,0,0,True,False,False
https://replay.pokemonshowdown.com/gen9vgc2025regibo3-2406634121-yx9m4200tv2oen3d3nehow1fu68rbudpw,ok,p2,bloodycheese,Zacian-Crowned,Play Rough; Protect; Sacred Sword; behemothblade,Intrepid Sword,Rusted Sword,Water,True,VGC,2026-09-28T20:46:41,Zacian,310,4,2,6,4,6,7,1,0,1,5,0,0,False,False,False
https://replay.pokemonshowdown.com/gen9vgc2025regibo3-2406634121-yx9m4200tv2oen3d3nehow1fu68rbudpw,ok,p2,bloodycheese,Urshifu-Rapid-Strike,Aqua Jet; Detect; Surging Strikes; Taunt,Unseen Fist,Focus Sash,Water,True,VGC,2026-09-28T20:46:41,Urshifu,310,4,2,6,4,6,7,1,0,1,5,0,0,False,False,True
https://replay.pokemonshowdown.com/gen9vgc2025regibo3-2410572527-5dkw8wdc1csies2kl9kar4xaguusbx0pw,ok,p1,bloodycheese,Miraidon,Dazzling Gleam; Draco Meteor; Electro Drift; Volt Switch,Hadron Engine,Choice Specs,Fairy,False,VGC,2026-09-28T20:46:41,,630,1,4,0,1,5,1,0,0,0,0,0,0,True,False,True
https://replay.pokemonshowdown.com/gen9vgc2025regibo3-2410572527-5dkw8wdc1csies2kl9kar4xaguusbx0pw,ok,p1,bloodycheese,Lunala,Moongeist Beam; Psyshock; Trick Room; Wide Guard,Shadow Shield,Electric Seed,Water,False,VGC,2026-09-28T20:46:41,,630,1,4,0,1,5,1,0,0,0,0,0,0,False,False,False
https://replay.pokemonshowdown.com/gen9vgc2025regibo3-2410572527-5dkw8wdc1csies2kl9kar4xaguusbx0pw,ok,p1,bloodycheese,Whimsicott,Encore; Light Screen; Moonblast; Tailwind,Prankster,Covert Cloak,Dark,False,VGC,2026-09-28T20:46:41,,630,1,4,0,1,5,1,0,0,0,0,0,0,False,False,False
https://replay.pokemonshowdown.com/gen9vgc2025regibo3-2410572527-5dkw8wdc1csies2kl9kar4xaguusbx0pw,ok,p1,bloodycheese,Chi-Yu,Dark Pulse; Heat Wave; Overheat; Snarl,Beads of Ruin,Choice Scarf,Ghost,False,VGC,2026-09-28T20:46:41,,630,1,4,0,1,5,1,0,0,0,0,0,0,False,False,False
https://replay.pokemonshowdown.com/gen9vgc2025regibo3-2410572527-5dkw8wdc1csies2kl9kar4xaguusbx0pw,ok,p1,bloodycheese,Urshifu-*,,,,,False,VGC,2026-09-28T20:46:41,,630,1,4,0,1,5,1,0,0,0,0,0,0,False,False,False
https://replay.pokemonshowdown.com/gen9vgc2025regibo3-2410572527-5dkw8wdc1csies2kl9kar4xaguusbx0pw,ok,p1,bloodycheese,Iron Hands,Drain Punch; Fake Out; Heavy Slam; Low Kick,Quark Drive,Assault Vest,Water,False,VGC,2026-09-28T20:46:41,,630,1,4,0,1,5,1,0,0,0,0,0,0,False,False,False
https://replay.pokemonshowdown.com/gen9vgc2025regibo3-2410572527-5dkw8wdc1csies2kl9kar4xaguusbx0pw,ok,p1,bloodycheese,Urshifu-Rapid-Strike,Aqua Jet; Close Combat; Detect; Surging Strikes,Unseen Fist,Focus Sash,Stellar,False,VGC,2026-09-28T20:46:41,Urshifu,630,1,4,0,1,5,1,0,0,0,0,0,0,False,False,False
https://replay.pokemonshowdown.com/gen9vgc2025regibo3-2410572527-5dkw8wdc1csies2kl9kar4xaguusbx0pw,ok,p2,fur4nk0,Calyrex-Shadow,Astral Barrage; Disable; Gravity; Protect,As One; As One Spectrier; Unnerve,Focus Sash,Ghost,True,VGC,2026-09-28T20:46:41,AtilaYPaquinho,630,4,1,1,0,5,2,0,1,0,0,0,0,False,False,True
https://replay.pokemonshowdown.com/gen9vgc2025regibo3-2410572527-5dkw8wdc1csies2kl9kar4xaguusbx0pw,ok,p2,fur4nk0,Groudon,Heat Crash; Precipice Blades; Protect; Swords Dance,Drought,Clear Amulet,Fire,True,VGC,2026-09-28T20:46:41,BoeeeEe,630,4,1,1,0,5,2,0,1,0,0,0,0,True,False,False
https://replay.pokemonshowdown.com/gen9vgc2025regibo3-2410572527-5dkw8wdc1csies2kl9kar4xaguusbx0pw,ok,p2,fur4nk0,Jumpluff,Encore; Helping Hand; Sleep Powder; Tailwind,Chlorophyll,Covert Cloak,Dark,True,VGC,2026-09-28T20:46:41,Furanko,630,4,1,1,0,5,2,0,1,0,0,0,0,False,False,False
https://replay.pokemonshowdown.com/gen9vgc2025regibo3-2410572527-5dkw8wdc1csies2kl9kar4xaguusbx0pw,ok,p2,fur4nk0,Incineroar,Fake Out; Flare Blitz; Parting Shot; Taunt,Intimidate,Safety Goggles,Ghost,True,VGC,2026-09-28T20:46:41,,630,4,1,1,0,5,2,0,1,0,0,0,0,False,False,False
https://replay.pokemonshowdown.com/gen9vgc2025regibo3-2410572527-5dkw8wdc1csies2kl9kar4xaguusbx0pw,ok,p2,fur4nk0,Raging Bolt,Draco Meteor; Protect; Thunderbolt; Thunderclap,Protosynthesis,Life Orb,Electric,True,VGC,2026-09-28T20:46:41,,630,4,1,1,0,5,2,0,1,0,0,0,0,False,False,False
https://replay.pokemonshowdown.com/gen9vgc2025regibo3-2410572527-5dkw8wdc1csies2kl9kar4xaguusbx0pw,ok,p2,fur4nk0,Urshifu-*,,,,,True,VGC,2026-09-28T20:46:41,,630,4,1,1,0,5,2,0,1,0,0,0,0,False,False,False
https://replay.pokemonshowdown.com/gen9vgc2025regibo3-2410572527-5dkw8wdc1csies2kl9kar4xaguusbx0pw,ok,p2,fur4nk0,Urshifu,Close Combat; Poison Jab; Sucker Punch; Wicked Blow,Unseen Fist,Choice Band,Ghost,True,VGC,2026-09-28T20:46:41,,630,4,1,1,0,5,2,0,1,0,0,0,0,False,False,False
https://replay.pokemonshowdown.com/gen9nationaldex-2404597227-6s4q1ewj5rdmkn2m71htnic5upbtqrnpw,ok,p1,bloodycheese,Serperior,Dragon Pulse; Hidden Power; Leaf Storm,,,,True,NAT DEX,2026-09-28T20:46:42,,917,6,5,0,1,26,8,2,0,6,5,0,0,False,False,False
https://replay.pokemonshowdown.com/gen9nationaldex-2404597227-6s4q1ewj5rdmkn2m71htnic5upbtqrnpw,ok,p1,bloodycheese,Samurott-Hisui,Sacred Sword,,,,True,NAT DEX,2026-09-28T20:46:42,Samurott,917,6,5,0,1,26,8,2,0,6,5,0,0,False,False,False
https://replay.pokemonshowdown.com/gen9nationaldex-2404597227-6s4q1ewj5rdmkn2m71htnic5upbtqrnpw,ok,p1,bloodycheese,Ferrothorn,,,,,True,NAT DEX,2026-09-28T20:46:42,,917,6,5,0,1,26,8,2,0,6,5,0,0,False,False,False
https://replay.pokemonshowdown.com/gen9nationaldex-2404597227-6s4q1ewj5rdmkn2m71htnic5upbtqrnpw,ok,p1,bloodycheese,Alomomola,Flip Turn; Mirror Coat; Scald,,,,True,NAT DEX,2026-09-28T20:46:42,,917,6,5,0,1,26,8,2,0,6,5,0,0,False,False,False
https://replay.pokemonshowdown.com/gen9nationaldex-2404597227-6s4q1ewj5rdmkn2m71htnic5upbtqrnpw,ok,p1,bloodycheese,Kyurem,Icicle Spear,Pressure,,,True,NAT DEX,2026-09-28T20:46:42,,917,6,5,0,1,26,8,2,0,6,5,0,0,True,False,False
https://replay.pokemonshowdown.com/gen9nationaldex-2404597227-6s4q1ewj5rdmkn2m71htnic5upbtqrnpw,ok,p1,bloodycheese,Volcarona,Flamethrower; Giga Drain; Quiver Dance,,Heavy-Duty Boots,,True,NAT DEX,2026-09-28T20:46:42,,917,6,5,0,1,26,8,2,0,6,5,0,0,False,False,False
https://replay.pokemonshowdown.com/gen9nationaldex-2404597227-6s4q1ewj5rdmkn2m71htnic5upbtqrnpw,ok,p2,Nitr0Kill3r,Conkeldurr,Drain Punch; Knock Off; Mach Punch; Thunder Punch,,,,False,NAT DEX,2026-09-28T20:46:42,Maria Jose,917,5,6,1,0,26,7,4,0,0,3,0,0,False,False,False
https://replay.pokemonshowdown.com/gen9nationaldex-2404597227-6s4q1ewj5rdmkn2m71htnic5upbtqrnpw,ok,p2,Nitr0Kill3r,Samurott-Hisui,Ceaseless Edge; Sacred Sword,,,,False,NAT DEX,2026-09-28T20:46:42,Kenpachi,917,5,6,1,0,26,7,4,0,0,3,0,0,False,False,False
https://replay.pokemonshowdown.com/gen9nationaldex-2404597227-6s4q1ewj5rdmkn2m71htnic5upbtqrnpw,ok,p2,Nitr0Kill3r,Galvantula,Bug Buzz; Sticky Web; Thunder Wave,,,,False,NAT DEX,2026-09-28T20:46:42,My Tula,917,5,6,1,0,26,7,4,0,0,3,0,0,False,False,False
https://replay.pokemonshowdown.com/gen9nationaldex-2404597227-6s4q1ewj5rdmkn2m71htnic5upbtqrnpw,ok,p2,Nitr0Kill3r,Whimsicott,Moonblast,,,,False,NAT DEX,2026-09-28T20:46:42,Nuke,917,5,6,1,0,26,7,4,0,0,3,0,0,True,False,False
https://replay.pokemonshowdown.com/gen9nationaldex-2404597227-6s4q1ewj5rdmkn2m71htnic5upbtqrnpw,ok,p2,Nitr0Kill3r,Landorus-Therian,Earthquake; U-turn,Intimidate,,,False,NAT DEX,2026-09-28T20:46:42,Lando,917,5,6,1,0,26,7,4,0,0,3,0,0,False,False,False
https://replay.pokemonshowdown.com/gen9nationaldex-2404597227-6s4q1ewj5rdmkn2m71htnic5upbtqrnpw,ok,p2,Nitr0Kill3r,Chandelure,Energy Ball; Flamethrower; Shadow Ball,,,,False,NAT DEX,2026-09-28T20:46:42,Chocomilk,917,5,6,1,0,26,7,4,0,0,3,0,0,False,False,False
https://replay.pokemonshowdown.com/gen9nationaldex-2407560704-n1gjvvgelu7dyjj3abc5vuep1adl7fgpw,ok,p1,adpg.alt,Alomomola,Flip Turn,,,,True,NAT DEX,2026-09-28T20:46:43,,389,6,2,2,1,20,9,2,0,6,6,0,0,True,False,False
https://replay.pokemonshowdown.com/gen9nationaldex-2407560704-n1gjvvgelu7dyjj3abc5vuep1adl7fgpw,ok,p1,adpg.alt,Meloetta,Knock Off; U-turn,,,,True,NAT DEX,2026-09-28T20:46:43,,389,6,2,2,1,20,9,2,0,6,6,0,0,False,False,False
https://replay.pokemonshowdown.com/gen9nationaldex-2407560704-n1gjvvgelu7dyjj3abc5vuep1adl7fgpw,ok,p1,adpg.alt,Volcarona,Flamethrower; Giga Drain; Hidden Power; Quiver Dance,,,,True,NAT DEX,2026-09-28T20:46:43,,389,6,2,2,1,20,9,2,0,6,6,0,0,False,False,False
https://replay.pokemonshowdown.com/gen9nationaldex-2407560704-n1gjvvgelu7dyjj3abc5vuep1adl7fgpw,ok,p1,adpg.alt,Hydreigon,Draco Meteor; Flamethrower; Stealth Rock; U-turn,,,,True,NAT DEX,2026-09-28T20:46:43,,389,6,2,2,1,20,9,2,0,6,6,0,0,False,False,False
https://replay.pokemonshowdown.com/gen9nationaldex-2407560704-n1gjvvgelu7dyjj3abc5vuep1adl7fgpw,ok,p1,adpg.alt,Excadrill,,,,,True,NAT DEX,2026-09-28T20:46:43,,389,6,2,2,1,20,9,2,0,6,6,0,0,False,False,False
https://replay.pokemonshowdown.com/gen9nationaldex-2407560704-n1gjvvgelu7dyjj3abc5vuep1adl7fgpw,ok,p1,adpg.alt,Whimsicott,U-turn,,,,True,NAT DEX,2026-09-28T20:46:43,,389,6,2,2,1,20,9,2,0,6,6,0,0,False,False,False
https://replay.pokemonshowdown.com/gen9nationaldex-2407560704-n1gjvvgelu7dyjj3abc5vuep1adl7fgpw,ok,p2,bloodycheese,Serperior,Dragon Pulse; Glare; Leaf Storm,,Leftovers,,False,NAT DEX,2026-09-28T20:46:43,,389,2,6,1,2,20,2,1,0,6,2,0,0,False,False,False
https://replay.pokemonshowdown.com/gen9nationaldex-2407560704-n1gjvvgelu7dyjj3abc5vuep1adl7fgpw,ok,p2,bloodycheese,Samurott-Hisui,Ceaseless Edge,,,,False,NAT DEX,2026-09-28T20:46:43,Samurott,389,2,6,1,2,20,2,1,0,6,2,0,0,True,False,False
https://replay.pokemonshowdown.com/gen9nationaldex-2407560704-n1gjvvgelu7dyjj3abc5vuep1adl7fgpw,ok,p2,bloodycheese,Ferrothorn,,,,,False,NAT DEX,2026-09-28T20:46:43,,389,2,6,1,2,20,2,1,0,6,2,0,0,False,False,False
https://replay.pokemonshowdown.com/gen9nationaldex-2407560704-n1gjvvgelu7dyjj3abc5vuep1adl7fgpw,ok,p2,bloodycheese,Alomomola,Flip Turn; Mirror Coat; Play Rough; Scald,,,,False,NAT DEX,2026-09-28T20:46:43,,389,2,6,1,2,20,2,1,0,6,2,0,0,False,False,False
https://replay.pokemonshowdown.com/gen9nationaldex-2407560704-n1gjvvgelu7dyjj3abc5vuep1adl7fgpw,ok,p2,bloodycheese,Kyurem,,Pressure,,,False,NAT DEX,2026-09-28T20:46:43,,389,2,6,1,2,20,2,1,0,6,2,0,0,False,False,False
https://replay.pokemonshowdown.com/gen9nationaldex-2407560704-n1gjvvgelu7dyjj3abc5vuep1adl7fgpw,ok,p2,bloodycheese,Volcarona,Fiery Dance; Flamethrower; Quiver Dance,,,,False,NAT DEX,2026-09-28T20:46:43,,389,2,6,1,2,20,2,1,0,6,2,0,0,False,False,False
https://replay.pokemonshowdown.com/gen9vgc2025regibo3-2414255691-hilngixu3cldy5j5yeyhcc9skiwbdjbpw,ok,p1,bloodycheese,Miraidon,Dazzling Gleam; Draco Meteor; Electro Drift; Volt Switch,Hadron Engine,Choice Specs,Fairy,True,VGC,2026-09-28T20:46:43,,548,3,2,7,1,10,2,5,0,0,5,0,0,False,False,False
https://replay.pokemonshowdown.com/gen9vgc2025regibo3-2414255691-hilngixu3cldy5j5yeyhcc9skiwbdjbpw,ok,p1,bloodycheese,Lunala,Moongeist Beam; Psyshock; Trick Room; Wide Guard,Shadow Shield,Electric Seed,Water,True,VGC,2026-09-28T20:46:43,,548,3,2,7,1,10,2,5,0,0,5,0,0,False,False,False
https://replay.pokemonshowdown.com/gen9vgc2025regibo3-2414255691-hilngixu3cldy5j5yeyhcc9skiwbdjbpw,ok,p1,bloodycheese,Whimsicott,Encore; Light Screen; Moonblast; Tailwind,Prankster,Covert Cloak,Dark,True,VGC,2026-09-28T20:46:43,,548,3,2,7,1,10,2,5,0,0,5,0,0,False,False,False
https://replay.pokemonshowdown.com/gen9vgc2025regibo3-2414255691-hilngixu3cldy5j5yeyhcc9skiwbdjbpw,ok,p1,bloodycheese,Chi-Yu,Dark Pulse; Heat Wave; Overheat; Snarl,Beads of Ruin,Choice Scarf,Ghost,True,VGC,2026-09-28T20:46:43,,548,3,2,7,1,10,2,5,0,0,5,0,0,True,False,False
https://replay.pokemonshowdown.com/gen9vgc2025regibo3-2414255691-hilngixu3cldy5j5yeyhcc9skiwbdjbpw,ok,p1,bloodycheese,Urshifu-*,,,,,True,VGC,2026-09-28T20:46:43,,548,3,2,7,1,10,2,5,0,0,5,0,0,False,False,False
https://replay.pokemonshowdown.com/gen9vgc2025regibo3-2414255691-hilngixu3cldy5j5yeyhcc9skiwbdjbpw,ok,p1,bloodycheese,Iron Hands,Drain Punch; Fake Out; Heavy Slam; Low Kick,Quark Drive,Assault Vest,Water,True,VGC,2026-09-28T20:46:43,,548,3,2,7,1,10,2,5,0,0,5,0,0,False,False,False
https://replay.pokemonshowdown.com/gen9vgc2025regibo3-2414255691-hilngixu3cldy5j5yeyhcc9skiwbdjbpw,ok,p1,bloodycheese,Urshifu-Rapid-Strike,Aqua Jet; Close Combat; Detect; Surging Strikes,Unseen Fist,Focus Sash,Stellar,True,VGC,2026-09-28T20:46:43,Urshifu,548,3,2,7,1,10,2,5,0,0,5,0,0,False,False,True
https://replay.pokemonshowdown.com/gen9vgc2025regibo3-2414255691-hilngixu3cldy5j5yeyhcc9skiwbdjbpw,ok,p2,hydreigon_chelas,Calyrex-Shadow,Astral Barrage; Nasty Plot; Protect; Psychic,As One; As One Spectrier; Grim Neigh; Unnerve,Life Orb,Dark,False,VGC,2026-09-28T20:46:43,Calyrex,548,2,3,1,7,10,1,1,0,2,7,0,0,True,False,False
https://replay.pokemonshowdown.com/gen9vgc2025regibo3-2414255691-hilngixu3cldy5j5yeyhcc9skiwbdjbpw,ok,p2,hydreigon_chelas,Zamazenta-*,,,,,False,VGC,2026-09-28T20:46:43,,548,2,3,1,7,10,1,1,0,2,7,0,0,False,False,False
https://replay.pokemonshowdown.com/gen9vgc2025regibo3-2414255691-hilngixu3cldy5j5yeyhcc9skiwbdjbpw,ok,p2,hydreigon_chelas,Incineroar,Fake Out; Helping Hand; Knock Off; Parting Shot,Intimidate,Rocky Helmet,Water,False,VGC,2026-09-28T20:46:43,,548,2,3,1,7,10,1,1,0,2,7,0,0,False,False,False
https://replay.pokemonshowdown.com/gen9vgc2025regibo3-2414255691-hilngixu3cldy5j5yeyhcc9skiwbdjbpw,ok,p2,hydreigon_chelas,Rillaboom,Fake Out; Grassy Glide; U-turn; Wood Hammer,Grassy Surge,Assault Vest,Fire,False,VGC,2026-09-28T20:46:43,,548,2,3,1,7,10,1,1,0,2,7,0,0,False,False,False
https://replay.pokemonshowdown.com/gen9vgc2025regibo3-2414255691-hilngixu3cldy5j5yeyhcc9skiwbdjbpw,ok,p2,hydreigon_chelas,Ogerpon-Hearthflame,Follow Me; Grassy Glide; Ivy Cudgel; Spiky Shield,Mold Breaker,Hearthflame Mask,Fire,False,VGC,2026-09-28T20:46:43,,548,2,3,1,7,10,1,1,0,2,7,0,0,False,False,False
https://replay.pokemonshowdown.com/gen9vgc2025regibo3-2414255691-hilngixu3cldy5j5yeyhcc9skiwbdjbpw,ok,p2,hydreigon_chelas,Raging Bolt,Dragon Pulse; Protect; Thunderbolt; Thunderclap,Protosynthesis,Booster Energy,Electric,False,VGC,2026-09-28T20:46:43,,548,2,3,1,7,10,1,1,0,2,7,0,0,False,False,False
https://replay.pokemonshowdown.com/gen9vgc2025regibo3-2414255691-hilngixu3cldy5j5yeyhcc9skiwbdjbpw,ok,p2,hydreigon_chelas,Zamazenta-Crowned,Body Press; Heavy Slam; Protect; Wide Guard,Dauntless Shield,Rusted Shield,Water,False,VGC,2026-09-28T20:46:43,Zamazenta,548,2,3,1,7,10,1,1,0,2,7,0,0,False,False,True
https://replay.pokemonshowdown.com/gen9vgc2025regibo3-2414873724-ourtygjpc64tgol1crpiehbkr5k5e64pw,ok,p1,bloodycheese,Miraidon,Dazzling Gleam; Draco Meteor; Electro Drift; Volt Switch,Hadron Engine,Choice Specs,Fairy,False,VGC,2026-09-28T20:46:44,,230,1,4,3,0,4,0,1,0,0,0,0,0,True,False,True
https://replay.pokemonshowdown.com/gen9vgc2025regibo3-2414873724-ourtygjpc64tgol1crpiehbkr5k5e64pw,ok,p1,bloodycheese,Lunala,Moongeist Beam; Psyshock; Trick Room; Wide Guard,Shadow Shield,Electric Seed,Water,False,VGC,2026-09-28T20:46:44,,230,1,4,3,0,4,0,1,0,0,0,0,0,False,False,False
https://replay.pokemonshowdown.com/gen9vgc2025regibo3-2414873724-ourtygjpc64tgol1crpiehbkr5k5e64pw,ok,p1,bloodycheese,Whimsicott,Encore; Light Screen; Moonblast; Tailwind,Prankster,Covert Cloak,Dark,False,VGC,2026-09-28T20:46:44,,230,1,4,3,0,4,0,1,0,0,0,0,0,False,False,False
https://replay.pokemonshowdown.com/gen9vgc2025regibo3-2414873724-ourtygjpc64tgol1crpiehbkr5k5e64pw,ok,p1,bloodycheese,Chi-Yu,Dark Pulse; Heat Wave; Overheat; Snarl,Beads of Ruin,Choice Scarf,Ghost,False,VGC,2026-09-28T20:46:44,,230,1,4,3,0,4,0,1,0,0,0,0,0,False,False,False
https://replay.pokemonshowdown.com/gen9vgc2025regibo3-2414873724-ourtygjpc64tgol1crpiehbkr5k5e64pw,ok,p1,bloodycheese,Urshifu-*,,,,,False,VGC,2026-09-28T20:46:44,,230,1,4,3,0,4,0,1,0,0,0,0,0,False,False,False
https://replay.pokemonshowdown.com/gen9vgc2025regibo3-2414873724-ourtygjpc64tgol1crpiehbkr5k5e64pw,ok,p1,bloodycheese,Iron Hands,Drain Punch; Fake Out; Heavy Slam; Low Kick,Quark Drive,Assault Vest,Water,False,VGC,2026-09-28T20:46:44,,230,1,4,3,0,4,0,1,0,0,0,0,0,False,False,False
https://replay.pokemonshowdown.com/gen9vgc2025regibo3-2414873724-ourtygjpc64tgol1crpiehbkr5k5e64pw,ok,p1,bloodycheese,Urshifu-Rapid-Strike,Aqua Jet; Close Combat; Detect; Surging Strikes,Unseen Fist,Focus Sash,Stellar,False,VGC,2026-09-28T20:46:44,Urshifu,230,1,4,3,0,4,0,1,0,0,0,0,0,False,False,False
https://replay.pokemonshowdown.com/gen9vgc2025regibo3-2414873724-ourtygjpc64tgol1crpiehbkr5k5e64pw,ok,p2,chonarthas,Koraidon,Collision Course; Flame Charge; Flare Blitz; Protect,Orichalcum Pulse,Ability Shield,Fire,True,VGC,2026-09-28T20:46:44,,230,4,1,0,3,4,1,0,1,0,0,0,0,True,False,True
https://replay.pokemonshowdown.com/gen9vgc2025regibo3-2414873724-ourtygjpc64tgol1crpiehbkr5k5e64pw,ok,p2,chonarthas,Chi-Yu,Dark Pulse; Heat Wave; Overheat; Snarl,Beads of Ruin,Choice Scarf,Ghost,True,VGC,2026-09-28T20:46:44,,230,4,1,0,3,4,1,0,1,0,0,0,0,False,False,False
https://replay.pokemonshowdown.com/gen9vgc2025regibo3-2414873724-ourtygjpc64tgol1crpiehbkr5k5e64pw,ok,p2,chonarthas,Calyrex-Shadow,Astral Barrage; Encore; Protect; Psychic,As One; As One Spectrier; Unnerve,Focus Sash,Normal,True,VGC,2026-09-28T20:46:44,Calyrex,230,4,1,0,3,4,1,0,1,0,0,0,0,False,False,False
https://replay.pokemonshowdown.com/gen9vgc2025regibo3-2414873724-ourtygjpc64tgol1crpiehbkr5k5e64pw,ok,p2,chonarthas,Weezing-Galar,Poison Gas; Protect; Strange Steam; Toxic Spikes,Neutralizing Gas,Rocky Helmet,Water,True,VGC,2026-09-28T20:46:44,Weezing,230,4,1,0,3,4,1,0,1,0,0,0,0,False,False,False
https://replay.pokemonshowdown.com/gen9vgc2025regibo3-2414873724-ourtygjpc64tgol1crpiehbkr5k5e64pw,ok,p2,chonarthas,Dondozo,Body Press; Order Up; Protect; Waterfall,Unaware,Leftovers,Grass,True,VGC,2026-09-28T20:46:44,,230,4,1,0,3,4,1,0,1,0,0,0,0,False,False,False
https://replay.pokemonshowdown.com/gen9vgc2025regibo3-2414873724-ourtygjpc64tgol1crpiehbkr5k5e64pw,ok,p2,chonarthas,Tatsugiri,Draco Meteor; Muddy Water; Protect; Taunt,Commander,Safety Goggles,Fairy,True,VGC,2026-09-28T20:46:44,,230,4,1,0,3,4,1,0,1,0,0,0,0,False,False,False
https://replay.pokemonshowdown.com/gen9vgc2025regibo3-2414895051-8114v0uqfd9f2bx9u23329m4m1cbuotpw,ok,p1,bloodycheese,Miraidon,Dazzling Gleam; Draco Meteor; Electro Drift; Volt Switch,Hadron Engine,Choice Specs,Fairy,False,VGC,2026-09-28T20:46:45,,237,2,4,0,1,5,1,1,0,0,0,0,0,True,False,True
https://replay.pokemonshowdown.com/gen9vgc2025regibo3-2414895051-8114v0uqfd9f2bx9u23329m4m1cbuotpw,ok,p1,bloodycheese,Lunala,Moongeist Beam; Psyshock; Trick Room; Wide Guard,Shadow Shield,Electric Seed,Water,False,VGC,2026-09-28T20:46:45,,237,2,4,0,1,5,1,1,0,0,0,0,0,False,False,False
https://replay.pokemonshowdown.com/gen9vgc2025regibo3-2414895051-8114v0uqfd9f2bx9u23329m4m1cbuotpw,ok,p1,bloodycheese,Whimsicott,Encore; Light Screen; Moonblast; Tailwind,Prankster,Covert Cloak,Dark,False,VGC,2026-09-28T20:46:45,,237,2,4,0,1,5,1,1,0,0,0,0,0,False,False,False
https://replay.pokemonshowdown.com/gen9vgc2025regibo3-2414895051-8114v0uqfd9f2bx9u23329m4m1cbuotpw,ok,p1,bloodycheese,Chi-Yu,Dark Pulse; Heat Wave; Overheat; Snarl,Beads of Ruin,Choice Scarf,Ghost,False,VGC,2026-09-28T20:46:45,,237,2,4,0,1,5,1,1,0,0,0,0,0,False,False,False
https://replay.pokemonshowdown.com/gen9vgc2025regibo3-2414895051-8114v0uqfd9f2bx9u23329m4m1cbuotpw,ok,p1,bloodycheese,Urshifu-*,,,,,False,VGC,2026-09-28T20:46:45,,237,2,4,0,1,5,1,1,0,0,0,0,0,False,False,False
https://replay.pokemonshowdown.com/gen9vgc2025regibo3-2414895051-8114v0uqfd9f2bx9u23329m4m1cbuotpw,ok,p1,bloodycheese,Iron Hands,Drain Punch; Fake Out; Heavy Slam; Low Kick,Quark Drive,Assault Vest,Water,False,VGC,2026-09-28T20:46:45,,237,2,4,0,1,5,1,1,0,0,0,0,0,False,False,False
https://replay.pokemonshowdown.com/gen9vgc2025regibo3-2414895051-8114v0uqfd9f2bx9u23329m4m1cbuotpw,ok,p1,bloodycheese,Urshifu-Rapid-Strike,Aqua Jet; Close Combat; Detect; Surging Strikes,Unseen Fist,Focus Sash,Stellar,False,VGC,2026-09-28T20:46:45,,237,2,4,0,1,5,1,1,0,0,0,0,0,False,False,False
https://replay.pokemonshowdown.com/gen9vgc2025regibo3-2414895051-8114v0uqfd9f2bx9u23329m4m1cbuotpw,ok,p2,RamlethalVGC,Groudon,Heat Crash; High Horsepower; Precipice Blades; Protect,Drought,Clear Amulet,Fire,True,VGC,2026-09-28T20:46:45,Potemkin,237,4,2,1,0,5,3,2,1,0,0,0,0,False,False,True
https://replay.pokemonshowdown.com/gen9vgc2025regibo3-2414895051-8114v0uqfd9f2bx9u23329m4m1cbuotpw,ok,p2,RamlethalVGC,Miraidon,Draco Meteor; Electro Drift; Parabolic Charge; Volt Switch,Hadron Engine,Assault Vest,Electric,True,VGC,2026-09-28T20:46:45,,237,4,2,1,0,5,3,2,1,0,0,0,0,False,False,False
https://replay.pokemonshowdown.com/gen9vgc2025regibo3-2414895051-8114v0uqfd9f2bx9u23329m4m1cbuotpw,ok,p2,RamlethalVGC,Grimmsnarl,Light Screen; Reflect; Spirit Break; Thunder Wave,Prankster,Covert Cloak,Ghost,True,VGC,2026-09-28T20:46:45,Venom,237,4,2,1,0,5,3,2,1,0,0,0,0,True,False,False
https://replay.pokemonshowdown.com/gen9vgc2025regibo3-2414895051-8114v0uqfd9f2bx9u23329m4m1cbuotpw,ok,p2,RamlethalVGC,Incineroar,Fake Out; Knock Off; Parting Shot; Roar,Intimidate,Rocky Helmet,Bug,True,VGC,2026-09-28T20:46:45,,237,4,2,1,0,5,3,2,1,0,0,0,0,False,False,False
https://replay.pokemonshowdown.com/gen9vgc2025regibo3-2414895051-8114v0uqfd9f2bx9u23329m4m1cbuotpw,ok,p2,RamlethalVGC,Flutter Mane,Icy Wind; Moonblast; Protect; Taunt,Protosynthesis,Focus Sash,Fairy,True,VGC,2026-09-28T20:46:45,Dizzy,237,4,2,1,0,5,3,2,1,0,0,0,0,False,False,False
https://replay.pokemonshowdown.com/gen9vgc2025regibo3-2414895051-8114v0uqfd9f2bx9u23329m4m1cbuotpw,ok,p2,RamlethalVGC,Chi-Yu,Dark Pulse; Heat Wave; Overheat; Snarl,Beads of Ruin,Choice Scarf,Ghost,True,VGC,2026-09-28T20:46:45,,237,4,2,1,0,5,3,2,1,0,0,0,0,False,False,False
https://replay.pokemonshowdown.com/gen9nationaldexdoubles-2413534633-11s5rh1a6ludfbbbk7ftly88taxik76pw,ok,p1,Davarv,Darkrai,Icy Wind; Z-Hypnosis,,,,False,NAT DEX DOBLES,2026-09-28T20:46:45,,408,3,6,0,0,14,1,2,0,7,10,0,0,False,False,False
https://replay.pokemonshowdown.com/gen9nationaldexdoubles-2413534633-11s5rh1a6ludfbbbk7ftly88taxik76pw,ok,p1,Davarv,Latios,Luster Purge,,,,False,NAT DEX DOBLES,2026-09-28T20:46:45,,408,3,6,0,0,14,1,2,0,7,10,0,0,False,False,False
https://replay.pokemonshowdown.com/gen9nationaldexdoubles-2413534633-11s5rh1a6ludfbbbk7ftly88taxik76pw,ok,p1,Davarv,Entei,Extreme Speed; Sacred Fire,Pressure,,,False,NAT DEX DOBLES,2026-09-28T20:46:45,,408,3,6,0,0,14,1,2,0,7,10,0,0,False,False,False
https://replay.pokemonshowdown.com/gen9nationaldexdoubles-2413534633-11s5rh1a6ludfbbbk7ftly88taxik76pw,ok,p1,Davarv,Lucario,Vacuum Wave,,,,False,NAT DEX DOBLES,2026-09-28T20:46:45,,408,3,6,0,0,14,1,2,0,7,10,0,0,True,False,False
https://replay.pokemonshowdown.com/gen9nationaldexdoubles-2413534633-11s5rh1a6ludfbbbk7ftly88taxik76pw,ok,p1,Davarv,Latias,Aura Sphere; Calm Mind; Roost,,,,False,NAT DEX DOBLES,2026-09-28T20:46:45,,408,3,6,0,0,14,1,2,0,7,10,0,0,False,True,False
https://replay.pokemonshowdown.com/gen9nationaldexdoubles-2413534633-11s5rh1a6ludfbbbk7ftly88taxik76pw,ok,p1,Davarv,Suicune,Calm Mind; Ice Beam; Scald; Substitute,Pressure,,Steel,False,NAT DEX DOBLES,2026-09-28T20:46:45,,408,3,6,0,0,14,1,2,0,7,10,0,0,False,False,True
https://replay.pokemonshowdown.com/gen9nationaldexdoubles-2413534633-11s5rh1a6ludfbbbk7ftly88taxik76pw,ok,p2,bloodycheese,Celesteela,Heavy Slam; Leech Seed,,,,True,NAT DEX DOBLES,2026-09-28T20:46:45,,408,6,3,0,0,14,9,4,0,3,2,0,0,False,False,False
https://replay.pokemonshowdown.com/gen9nationaldexdoubles-2413534633-11s5rh1a6ludfbbbk7ftly88taxik76pw,ok,p2,bloodycheese,Garchomp,Dragon Claw; Fire Fang,,,Ground,True,NAT DEX DOBLES,2026-09-28T20:46:45,,408,6,3,0,0,14,9,4,0,3,2,0,0,True,False,True
https://replay.pokemonshowdown.com/gen9nationaldexdoubles-2413534633-11s5rh1a6ludfbbbk7ftly88taxik76pw,ok,p2,bloodycheese,Tapu Koko,Dazzling Gleam; Discharge; Protect,,,,True,NAT DEX DOBLES,2026-09-28T20:46:45,,408,6,3,0,0,14,9,4,0,3,2,0,0,False,False,False
https://replay.pokemonshowdown.com/gen9nationaldexdoubles-2413534633-11s5rh1a6ludfbbbk7ftly88taxik76pw,ok,p2,bloodycheese,Arcanine,Flare Blitz; Roar,Intimidate,,,True,NAT DEX DOBLES,2026-09-28T20:46:45,,408,6,3,0,0,14,9,4,0,3,2,0,0,False,False,False
https://replay.pokemonshowdown.com/gen9nationaldexdoubles-2413534633-11s5rh1a6ludfbbbk7ftly88taxik76pw,ok,p2,bloodycheese,Gastrodon,Earth Power,Storm Drain,,,True,NAT DEX DOBLES,2026-09-28T20:46:45,,408,6,3,0,0,14,9,4,0,3,2,0,0,False,False,False
https://replay.pokemonshowdown.com/gen9nationaldexdoubles-2413534633-11s5rh1a6ludfbbbk7ftly88taxik76pw,ok,p2,bloodycheese,Moltres-Galar,Fiery Wrath; Protect,Berserk,Aguav Berry,,True,NAT DEX DOBLES,2026-09-28T20:46:45,Moltres,408,6,3,0,0,14,9,4,0,3,2,0,0,False,False,False
https://replay.pokemonshowdown.com/gen9randombattle-2413573488-w98nyr68xu3tfqx8ga41nahv9x3eahepw,ok,p1,bloodycheese,Staraptor,Close Combat; Double-Edge,,,,True,RANDOM SINGLES,2026-09-28T20:46:46,,519,6,3,1,0,31,6,2,0,2,4,0,0,True,False,False
https://replay.pokemonshowdown.com/gen9randombattle-2413573488-w98nyr68xu3tfqx8ga41nahv9x3eahepw,ok,p1,bloodycheese,Alomomola,Flip Turn; Protect; Scald; Wish,,,,True,RANDOM SINGLES,2026-09-28T20:46:46,,519,6,3,1,0,31,6,2,0,2,4,0,0,False,False,False
https://replay.pokemonshowdown.com/gen9randombattle-2413573488-w98nyr68xu3tfqx8ga41nahv9x3eahepw,ok,p1,bloodycheese,Incineroar,Flare Blitz,Intimidate,,,True,RANDOM SINGLES,2026-09-28T20:46:46,,519,6,3,1,0,31,6,2,0,2,4,0,0,False,False,False
https://replay.pokemonshowdown.com/gen9randombattle-2413573488-w98nyr68xu3tfqx8ga41nahv9x3eahepw,ok,p1,bloodycheese,Lugia,Aeroblast; Calm Mind; Psychic Noise; Recover,,Heavy-Duty Boots,Steel,True,RANDOM SINGLES,2026-09-28T20:46:46,,519,6,3,1,0,31,6,2,0,2,4,0,0,False,False,True
https://replay.pokemonshowdown.com/gen9randombattle-2413573488-w98nyr68xu3tfqx8ga41nahv9x3eahepw,ok,p1,bloodycheese,Necrozma-Dawn-Wings,Moongeist Beam,,,,True,RANDOM SINGLES,2026-09-28T20:46:46,Necrozma,519,6,3,1,0,31,6,2,0,2,4,0,0,False,False,False
https://replay.pokemonshowdown.com/gen9randombattle-2413573488-w98nyr68xu3tfqx8ga41nahv9x3eahepw,ok,p2,cristiancmk,Gothitelle,Dark Pulse,,,,False,RANDOM SINGLES,2026-09-28T20:46:46,,519,3,6,0,1,31,4,1,0,0,5,0,0,True,False,False
https://replay.pokemonshowdown.com/gen9randombattle-2413573488-w98nyr68xu3tfqx8ga41nahv9x3eahepw,ok,p2,cristiancmk,Dunsparce,,,,,False,RANDOM SINGLES,2026-09-28T20:46:46,,519,3,6,0,1,31,4,1,0,0,5,0,0,False,False,False
https://replay.pokemonshowdown.com/gen9randombattle-2413573488-w98nyr68xu3tfqx8ga41nahv9x3eahepw,ok,p2,cristiancmk,Donphan,Earthquake; Ice Spinner; Knock Off,,,,False,RANDOM SINGLES,2026-09-28T20:46:46,,519,3,6,0,1,31,4,1,0,0,5,0,0,False,False,False
https://replay.pokemonshowdown.com/gen9randombattle-2413573488-w98nyr68xu3tfqx8ga41nahv9x3eahepw,ok,p2,cristiancmk,Sunflora,Earth Power; Sludge Bomb,,,,False,RANDOM SINGLES,2026-09-28T20:46:46,,519,3,6,0,1,31,4,1,0,0,5,0,0,False,False,False
https://replay.pokemonshowdown.com/gen9randombattle-2413573488-w98nyr68xu3tfqx8ga41nahv9x3eahepw,ok,p2,cristiancmk,Wyrdeer,Body Slam; Thunder Wave,Intimidate,,,False,RANDOM SINGLES,2026-09-28T20:46:46,,519,3,6,0,1,31,4,1,0,0,5,0,0,False,False,False
https://replay.pokemonshowdown.com/gen9randombattle-2413573488-w98nyr68xu3tfqx8ga41nahv9x3eahepw,ok,p2,cristiancmk,Glalie,Disable; Earthquake,,,Ground,False,RANDOM SINGLES,2026-09-28T20:46:46,,519,3,6,0,1,31,4,1,0,0,5,0,0,False,False,True
https://replay.pokemonshowdown.com/gen9randombattle-2421129083-s6w77vmslww2678wf6cfouohnmm05mcpw,ok,p1,bloodycheese,Kyogre,Ice Beam; Origin Pulse; Thunder,,Leftovers,,False,RANDOM SINGLES,2026-09-28T20:46:47,,687,5,6,0,0,23,1,3,1,3,0,0,0,True,False,False
https://replay.pokemonshowdown.com/gen9randombattle-2421129083-s6w77vmslww2678wf6cfouohnmm05mcpw,ok,p1,bloodycheese,Lokix,First Impression; Knock Off; Sucker Punch,,,,False,RANDOM SINGLES,2026-09-28T20:46:47,,687,5,6,0,0,23,1,3,1,3,0,0,0,False,False,False
https://replay.pokemonshowdown.com/gen9randombattle-2421129083-s6w77vmslww2678wf6cfouohnmm05mcpw,ok,p1,bloodycheese,Thundurus-Therian,,,,,False,RANDOM SINGLES,2026-09-28T20:46:47,Thundurus,687,5,6,0,0,23,1,3,1,3,0,0,0,False,False,False
https://replay.pokemonshowdown.com/gen9randombattle-2421129083-s6w77vmslww2678wf6cfouohnmm05mcpw,ok,p1,bloodycheese,Feraligatr,Dragon Dance; Liquidation,,,Water,False,RANDOM SINGLES,2026-09-28T20:46:47,,687,5,6,0,0,23,1,3,1,3,0,0,0,False,False,True
https://replay.pokemonshowdown.com/gen9randombattle-2421129083-s6w77vmslww2678wf6cfouohnmm05mcpw,ok,p1,bloodycheese,Magcargo,Earth Power,Weak Armor,,,False,RANDOM SINGLES,2026-09-28T20:46:47,,687,5,6,0,0,23,1,3,1,3,0,0,0,False,False,False
https://replay.pokemonshowdown.com/gen9randombattle-2421129083-s6w77vmslww2678wf6cfouohnmm05mcpw,ok,p1,bloodycheese,Solgaleo,Sunsteel Strike,,,,False,RANDOM SINGLES,2026-09-28T20:46:47,,687,5,6,0,0,23,1,3,1,3,0,0,0,False,False,False
https://replay.pokemonshowdown.com/gen9randombattle-2421129083-s6w77vmslww2678wf6cfouohnmm05mcpw,ok,p2,Ultraquesito,Dragonite,Dragon Dance; Earthquake,,,,True,RANDOM SINGLES,2026-09-28T20:46:47,,687,6,5,0,0,23,3,0,0,6,4,0,0,True,False,False
https://replay.pokemonshowdown.com/gen9randombattle-2421129083-s6w77vmslww2678wf6cfouohnmm05mcpw,ok,p2,Ultraquesito,Perrserker,Knock Off,,,,True,RANDOM SINGLES,2026-09-28T20:46:47,,687,6,5,0,0,23,3,0,0,6,4,0,0,False,False,False
https://replay.pokemonshowdown.com/gen9randombattle-2421129083-s6w77vmslww2678wf6cfouohnmm05mcpw,ok,p2,Ultraquesito,Tauros-Paldea-Combat,Close Combat; Earthquake; Iron Head; Stone Edge,Intimidate,,Fighting,True,RANDOM SINGLES,2026-09-28T20:46:47,Tauros,687,6,5,0,0,23,3,0,0,6,4,0,0,False,False,True
https://replay.pokemonshowdown.com/gen9randombattle-2421129083-s6w77vmslww2678wf6cfouohnmm05mcpw,ok,p2,Ultraquesito,Swalot,Protect; Toxic,,,,True,RANDOM SINGLES,2026-09-28T20:46:47,,687,6,5,0,0,23,3,0,0,6,4,0,0,False,False,False
https://replay.pokemonshowdown.com/gen9randombattle-2421129083-s6w77vmslww2678wf6cfouohnmm05mcpw,ok,p2,Ultraquesito,Floatzel,Bulk Up; Ice Spinner,,Leftovers,,True,RANDOM SINGLES,2026-09-28T20:46:47,,687,6,5,0,0,23,3,0,0,6,4,0,0,False,False,False
https://replay.pokemonshowdown.com/gen9randombattle-2421129083-s6w77vmslww2678wf6cfouohnmm05mcpw,ok,p2,Ultraquesito,Medicham,Close Combat,,,,True,RANDOM SINGLES,2026-09-28T20:46:47,,687,6,5,0,0,23,3,0,0,6,4,0,0,False,False,False
https://replay.pokemonshowdown.com/gen9nationaldexdoubles-2428000115-x3mm91w50jd0ai8elsa5fs987vgeq61pw,ok,p1,Bloodycheese,Celesteela,Heavy Slam; Leech Seed; Protect,,,,True,NAT DEX DOBLES,2026-09-28T20:46:47,,620,6,4,0,2,13,2,3,0,2,11,0,0,False,False,False
https://replay.pokemonshowdown.com/gen9nationaldexdoubles-2428000115-x3mm91w50jd0ai8elsa5fs987vgeq61pw,ok,p1,Bloodycheese,Garchomp,Dragon Claw; Rock Slide,,,Ground,True,NAT DEX DOBLES,2026-09-28T20:46:47,,620,6,4,0,2,13,2,3,0,2,11,0,0,True,False,True
https://replay.pokemonshowdown.com/gen9nationaldexdoubles-2428000115-x3mm91w50jd0ai8elsa5fs987vgeq61pw,ok,p1,Bloodycheese,Tapu Koko,Dazzling Gleam; Protect,,,,True,NAT DEX DOBLES,2026-09-28T20:46:47,,620,6,4,0,2,13,2,3,0,2,11,0,0,False,False,False
https://replay.pokemonshowdown.com/gen9nationaldexdoubles-2428000115-x3mm91w50jd0ai8elsa5fs987vgeq61pw,ok,p1,Bloodycheese,Arcanine,Extreme Speed; Roar,Intimidate,Sitrus Berry,,True,NAT DEX DOBLES,2026-09-28T20:46:47,,620,6,4,0,2,13,2,3,0,2,11,0,0,False,False,False
https://replay.pokemonshowdown.com/gen9nationaldexdoubles-2428000115-x3mm91w50jd0ai8elsa5fs987vgeq61pw,ok,p1,Bloodycheese,Gastrodon,,,,,True,NAT DEX DOBLES,2026-09-28T20:46:47,,620,6,4,0,2,13,2,3,0,2,11,0,0,False,False,False
https://replay.pokemonshowdown.com/gen9nationaldexdoubles-2428000115-x3mm91w50jd0ai8elsa5fs987vgeq61pw,ok,p1,Bloodycheese,Moltres-Galar,Agility; Fiery Wrath,Berserk,Aguav Berry,,True,NAT DEX DOBLES,2026-09-28T20:46:47,Moltres,620,6,4,0,2,13,2,3,0,2,11,0,0,False,False,False
https://replay.pokemonshowdown.com/gen9nationaldexdoubles-2428000115-x3mm91w50jd0ai8elsa5fs987vgeq61pw,ok,p2,joscake,Latias,Icy Wind,,,Fairy,False,NAT DEX DOBLES,2026-09-28T20:46:47,,620,4,6,2,0,13,12,1,0,7,3,0,0,False,False,True
https://replay.pokemonshowdown.com/gen9nationaldexdoubles-2428000115-x3mm91w50jd0ai8elsa5fs987vgeq61pw,ok,p2,joscake,Greninja-*,,,,,False,NAT DEX DOBLES,2026-09-28T20:46:47,,620,4,6,2,0,13,12,1,0,7,3,0,0,False,False,False
https://replay.pokemonshowdown.com/gen9nationaldexdoubles-2428000115-x3mm91w50jd0ai8elsa5fs987vgeq61pw,ok,p2,joscake,Sceptile,Energy Ball; Shed Tail,,,,False,NAT DEX DOBLES,2026-09-28T20:46:47,,620,4,6,2,0,13,12,1,0,7,3,0,0,False,False,False
https://replay.pokemonshowdown.com/gen9nationaldexdoubles-2428000115-x3mm91w50jd0ai8elsa5fs987vgeq61pw,ok,p2,joscake,Charizard,Dragon Claw; Dragon Dance,,,,False,NAT DEX DOBLES,2026-09-28T20:46:47,,620,4,6,2,0,13,12,1,0,7,3,0,0,False,True,False
https://replay.pokemonshowdown.com/gen9nationaldexdoubles-2428000115-x3mm91w50jd0ai8elsa5fs987vgeq61pw,ok,p2,joscake,Raichu,Fake Out,,,,False,NAT DEX DOBLES,2026-09-28T20:46:47,,620,4,6,2,0,13,12,1,0,7,3,0,0,True,False,False
https://replay.pokemonshowdown.com/gen9nationaldexdoubles-2428000115-x3mm91w50jd0ai8elsa5fs987vgeq61pw,ok,p2,joscake,Dragonite,Thunder Punch,,,,False,NAT DEX DOBLES,2026-09-28T20:46:47,,620,4,6,2,0,13,12,1,0,7,3,0,0,False,False,False
https://replay.pokemonshowdown.com/gen9randombattle-2428463034-xx4d2t0gfjhksa12c6kwrk30jku83icpw,ok,p1,Bloodycheese,Hatterene,Calm Mind; Draining Kiss; Mystical Fire; Strength Sap,,,Steel,False,RANDOM SINGLES,2026-09-28T20:46:48,,642,4,6,1,2,38,10,6,0,7,38,0,0,True,False,True
https://replay.pokemonshowdown.com/gen9randombattle-2428463034-xx4d2t0gfjhksa12c6kwrk30jku83icpw,ok,p1,Bloodycheese,Corviknight,Body Press; Brave Bird; U-turn,Pressure,,,False,RANDOM SINGLES,2026-09-28T20:46:48,,642,4,6,1,2,38,10,6,0,7,38,0,0,False,False,False
https://replay.pokemonshowdown.com/gen9randombattle-2428463034-xx4d2t0gfjhksa12c6kwrk30jku83icpw,ok,p1,Bloodycheese,Veluza,Night Slash,,,,False,RANDOM SINGLES,2026-09-28T20:46:48,,642,4,6,1,2,38,10,6,0,7,38,0,0,False,False,False
https://replay.pokemonshowdown.com/gen9randombattle-2428463034-xx4d2t0gfjhksa12c6kwrk30jku83icpw,ok,p1,Bloodycheese,Great Tusk,Close Combat; Knock Off,,,,False,RANDOM SINGLES,2026-09-28T20:46:48,,642,4,6,1,2,38,10,6,0,7,38,0,0,False,False,False
https://replay.pokemonshowdown.com/gen9randombattle-2428463034-xx4d2t0gfjhksa12c6kwrk30jku83icpw,ok,p1,Bloodycheese,Bellossom,Giga Drain; Quiver Dance; Strength Sap; Tera Blast,,,,False,RANDOM SINGLES,2026-09-28T20:46:48,,642,4,6,1,2,38,10,6,0,7,38,0,0,False,False,False
https://replay.pokemonshowdown.com/gen9randombattle-2428463034-xx4d2t0gfjhksa12c6kwrk30jku83icpw,ok,p1,Bloodycheese,Exeggutor-Alola,Giga Drain,,,,False,RANDOM SINGLES,2026-09-28T20:46:48,Exeggutor,642,4,6,1,2,38,10,6,0,7,38,0,0,False,False,False
https://replay.pokemonshowdown.com/gen9randombattle-2428463034-xx4d2t0gfjhksa12c6kwrk30jku83icpw,ok,p2,Blazcoh,Arboliva,Earth Power; Hyper Voice; Strength Sap,,,,True,RANDOM SINGLES,2026-09-28T20:46:48,,642,6,4,2,1,38,9,3,0,9,35,0,0,True,False,False
https://replay.pokemonshowdown.com/gen9randombattle-2428463034-xx4d2t0gfjhksa12c6kwrk30jku83icpw,ok,p2,Blazcoh,Necrozma-Dusk-Mane,Dragon Dance; Earthquake,,Weakness Policy,,True,RANDOM SINGLES,2026-09-28T20:46:48,Necrozma,642,6,4,2,1,38,9,3,0,9,35,0,0,False,False,False
https://replay.pokemonshowdown.com/gen9randombattle-2428463034-xx4d2t0gfjhksa12c6kwrk30jku83icpw,ok,p2,Blazcoh,Grumpig,Focus Blast; Nasty Plot; Shadow Ball,,,,True,RANDOM SINGLES,2026-09-28T20:46:48,,642,6,4,2,1,38,9,3,0,9,35,0,0,False,False,False
https://replay.pokemonshowdown.com/gen9randombattle-2428463034-xx4d2t0gfjhksa12c6kwrk30jku83icpw,ok,p2,Blazcoh,Dondozo,Curse; Wave Crash,,Leftovers,,True,RANDOM SINGLES,2026-09-28T20:46:48,,642,6,4,2,1,38,9,3,0,9,35,0,0,False,False,False
https://replay.pokemonshowdown.com/gen9randombattle-2428463034-xx4d2t0gfjhksa12c6kwrk30jku83icpw,ok,p2,Blazcoh,Mienshao,Poison Jab; Swords Dance,,,,True,RANDOM SINGLES,2026-09-28T20:46:48,,642,6,4,2,1,38,9,3,0,9,35,0,0,False,False,False
https://replay.pokemonshowdown.com/gen9randombattle-2428463034-xx4d2t0gfjhksa12c6kwrk30jku83icpw,ok,p2,Blazcoh,Decidueye-Hisui,Leaf Blade; Roost; Triple Arrows,,Leftovers,Steel,True,RANDOM SINGLES,2026-09-28T20:46:48,Decidueye,642,6,4,2,1,38,9,3,0,9,35,0,0,False,False,True
https://replay.pokemonshowdown.com/gen9vgc2025regjbo3-2424195590-h2t43ehhoaoet02oawj6nltisgherwwpw,ok,p1,bloodycheese,Miraidon,Dazzling Gleam; Draco Meteor; Electro Drift; Volt Switch,Hadron Engine,Choice Specs,Fairy,True,VGC,2026-09-28T20:46:49,,145,4,0,0,0,6,1,0,0,0,2,0,0,True,False,True
https://replay.pokemonshowdown.com/gen9vgc2025regjbo3-2424195590-h2t43ehhoaoet02oawj6nltisgherwwpw,ok,p1,bloodycheese,Lunala,Moongeist Beam; Psyshock; Trick Room; Wide Guard,Shadow Shield,Electric Seed,Water,True,VGC,2026-09-28T20:46:49,,145,4,0,0,0,6,1,0,0,0,2,0,0,False,False,False
https://replay.pokemonshowdown.com/gen9vgc2025regjbo3-2424195590-h2t43ehhoaoet02oawj6nltisgherwwpw,ok,p1,bloodycheese,Whimsicott,Encore; Light Screen; Moonblast; Tailwind,Prankster,Covert Cloak,Dark,True,VGC,2026-09-28T20:46:49,,145,4,0,0,0,6,1,0,0,0,2,0,0,False,False,False
https://replay.pokemonshowdown.com/gen9vgc2025regjbo3-2424195590-h2t43ehhoaoet02oawj6nltisgherwwpw,ok,p1,bloodycheese,Chi-Yu,Dark Pulse; Heat Wave; Overheat; Snarl,Beads of Ruin,Choice Scarf,Ghost,True,VGC,2026-09-28T20:46:49,,145,4,0,0,0,6,1,0,0,0,2,0,0,False,False,False
https://replay.pokemonshowdown.com/gen9vgc2025regjbo3-2424195590-h2t43ehhoaoet02oawj6nltisgherwwpw,ok,p1,bloodycheese,Urshifu-*,,,,,True,VGC,2026-09-28T20:46:49,,145,4,0,0,0,6,1,0,0,0,2,0,0,False,False,False
https://replay.pokemonshowdown.com/gen9vgc2025regjbo3-2424195590-h2t43ehhoaoet02oawj6nltisgherwwpw,ok,p1,bloodycheese,Iron Hands,Drain Punch; Fake Out; Heavy Slam; Low Kick,Quark Drive,Assault Vest,Water,True,VGC,2026-09-28T20:46:49,,145,4,0,0,0,6,1,0,0,0,2,0,0,False,False,False
https://replay.pokemonshowdown.com/gen9vgc2025regjbo3-2424195590-h2t43ehhoaoet02oawj6nltisgherwwpw,ok,p1,bloodycheese,Urshifu-Rapid-Strike,Aqua Jet; Close Combat; Detect; Surging Strikes,Unseen Fist,Focus Sash,Stellar,True,VGC,2026-09-28T20:46:49,,145,4,0,0,0,6,1,0,0,0,2,0,0,False,False,False
https://replay.pokemonshowdown.com/gen9vgc2025regjbo3-2424195590-h2t43ehhoaoet02oawj6nltisgherwwpw,ok,p2,skll02,Shaymin-Sky,Air Slash; Earth Power; Psychic; Seed Flare,Serene Grace,Life Orb,Water,False,VGC,2026-09-28T20:46:49,,145,0,4,0,0,6,2,1,0,11,2,0,0,False,False,False
https://replay.pokemonshowdown.com/gen9vgc2025regjbo3-2424195590-h2t43ehhoaoet02oawj6nltisgherwwpw,ok,p2,skll02,Pelipper,Hurricane; Icy Wind; Knock Off; Wide Guard,Drizzle,Damp Rock,Water,False,VGC,2026-09-28T20:46:49,,145,0,4,0,0,6,2,1,0,11,2,0,0,False,False,False
https://replay.pokemonshowdown.com/gen9vgc2025regjbo3-2424195590-h2t43ehhoaoet02oawj6nltisgherwwpw,ok,p2,skll02,Tatsugiri,Draco Meteor; Helping Hand; Hydro Pump; Icy Wind,Commander,Clear Amulet,Dragon,False,VGC,2026-09-28T20:46:49,,145,0,4,0,0,6,2,1,0,11,2,0,0,False,False,False
https://replay.pokemonshowdown.com/gen9vgc2025regjbo3-2424195590-h2t43ehhoaoet02oawj6nltisgherwwpw,ok,p2,skll02,Dondozo,Earthquake; Liquidation; Order Up; Rest,Unaware,Leftovers,Water,False,VGC,2026-09-28T20:46:49,,145,0,4,0,0,6,2,1,0,11,2,0,0,False,False,False
https://replay.pokemonshowdown.com/gen9vgc2025regjbo3-2424195590-h2t43ehhoaoet02oawj6nltisgherwwpw,ok,p2,skll02,Archaludon,Body Press; Dragon Pulse; Electro Shot; Flash Cannon,Stamina,Assault Vest,Steel,False,VGC,2026-09-28T20:46:49,,145,0,4,0,0,6,2,1,0,11,2,0,0,False,False,False
https://replay.pokemonshowdown.com/gen9vgc2025regjbo3-2424195590-h2t43ehhoaoet02oawj6nltisgherwwpw,ok,p2,skll02,Maushold-Four,Encore; Follow Me; Population Bomb; Tidy Up,Technician,Wide Lens,Normal,False,VGC,2026-09-28T20:46:49,Maushold,145,0,4,0,0,6,2,1,0,11,2,0,0,True,False,False
https://replay.pokemonshowdown.com/gen9vgc2025regjbo3-2434779492-9vcgyy7v9cltr2b0ueo9g9mreyd1rmgpw,ok,p1,bloodycheese,Miraidon,Dazzling Gleam; Draco Meteor; Electro Drift; Volt Switch,Hadron Engine,Choice Specs,Fairy,False,VGC,2026-09-28T20:46:49,,283,2,4,0,8,6,2,0,0,0,6,0,0,True,False,True
https://replay.pokemonshowdown.com/gen9vgc2025regjbo3-2434779492-9vcgyy7v9cltr2b0ueo9g9mreyd1rmgpw,ok,p1,bloodycheese,Lunala,Moongeist Beam; Psyshock; Trick Room; Wide Guard,Shadow Shield,Electric Seed,Water,False,VGC,2026-09-28T20:46:49,,283,2,4,0,8,6,2,0,0,0,6,0,0,False,False,False
https://replay.pokemonshowdown.com/gen9vgc2025regjbo3-2434779492-9vcgyy7v9cltr2b0ueo9g9mreyd1rmgpw,ok,p1,bloodycheese,Whimsicott,Encore; Light Screen; Moonblast; Tailwind,Prankster,Covert Cloak,Dark,False,VGC,2026-09-28T20:46:49,,283,2,4,0,8,6,2,0,0,0,6,0,0,False,False,False
https://replay.pokemonshowdown.com/gen9vgc2025regjbo3-2434779492-9vcgyy7v9cltr2b0ueo9g9mreyd1rmgpw,ok,p1,bloodycheese,Chi-Yu,Dark Pulse; Heat Wave; Overheat; Snarl,Beads of Ruin,Choice Scarf,Ghost,False,VGC,2026-09-28T20:46:49,,283,2,4,0,8,6,2,0,0,0,6,0,0,False,False,False
https://replay.pokemonshowdown.com/gen9vgc2025regjbo3-2434779492-9vcgyy7v9cltr2b0ueo9g9mreyd1rmgpw,ok,p1,bloodycheese,Urshifu-*,,,,,False,VGC,2026-09-28T20:46:49,,283,2,4,0,8,6,2,0,0,0,6,0,0,False,False,False
https://replay.pokemonshowdown.com/gen9vgc2025regjbo3-2434779492-9vcgyy7v9cltr2b0ueo9g9mreyd1rmgpw,ok,p1,bloodycheese,Iron Hands,Drain Punch; Fake Out; Heavy Slam; Low Kick,Quark Drive,Assault Vest,Water,False,VGC,2026-09-28T20:46:49,,283,2,4,0,8,6,2,0,0,0,6,0,0,False,False,False
https://replay.pokemonshowdown.com/gen9vgc2025regjbo3-2434779492-9vcgyy7v9cltr2b0ueo9g9mreyd1rmgpw,ok,p1,bloodycheese,Urshifu-Rapid-Strike,Aqua Jet; Close Combat; Detect; Surging Strikes,Unseen Fist,Focus Sash,Stellar,False,VGC,2026-09-28T20:46:49,,283,2,4,0,8,6,2,0,0,0,6,0,0,False,False,False
https://replay.pokemonshowdown.com/gen9vgc2025regjbo3-2434779492-9vcgyy7v9cltr2b0ueo9g9mreyd1rmgpw,ok,p2,SasoriVzla7,Arceus,Extreme Speed; Foul Play; Protect; Swords Dance,Multitype,Silk Scarf,Normal,True,VGC,2026-09-28T20:46:49,,283,4,2,8,0,6,1,0,0,0,7,0,0,False,False,False
https://replay.pokemonshowdown.com/gen9vgc2025regjbo3-2434779492-9vcgyy7v9cltr2b0ueo9g9mreyd1rmgpw,ok,p2,SasoriVzla7,Kyogre,Ice Beam; Origin Pulse; Protect; Water Spout,Drizzle,Mystic Water,Grass,True,VGC,2026-09-28T20:46:49,,283,4,2,8,0,6,1,0,0,0,7,0,0,False,False,False
https://replay.pokemonshowdown.com/gen9vgc2025regjbo3-2434779492-9vcgyy7v9cltr2b0ueo9g9mreyd1rmgpw,ok,p2,SasoriVzla7,Urshifu-*,,,,,True,VGC,2026-09-28T20:46:49,,283,4,2,8,0,6,1,0,0,0,7,0,0,False,False,False
https://replay.pokemonshowdown.com/gen9vgc2025regjbo3-2434779492-9vcgyy7v9cltr2b0ueo9g9mreyd1rmgpw,ok,p2,SasoriVzla7,Chien-Pao,Crunch; Icicle Crash; Protect; Sucker Punch,Sword of Ruin,Focus Sash,Ghost,True,VGC,2026-09-28T20:46:49,,283,4,2,8,0,6,1,0,0,0,7,0,0,False,False,False
https://replay.pokemonshowdown.com/gen9vgc2025regjbo3-2434779492-9vcgyy7v9cltr2b0ueo9g9mreyd1rmgpw,ok,p2,SasoriVzla7,Tornadus,Bleakwind Storm; Protect; Rain Dance; Tailwind,Prankster,Covert Cloak,Dark,True,VGC,2026-09-28T20:46:49,,283,4,2,8,0,6,1,0,0,0,7,0,0,False,False,False
https://replay.pokemonshowdown.com/gen9vgc2025regjbo3-2434779492-9vcgyy7v9cltr2b0ueo9g9mreyd1rmgpw,ok,p2,SasoriVzla7,Rillaboom,Fake Out; Grassy Glide; U-turn; Wood Hammer,Grassy Surge,Assault Vest,Water,True,VGC,2026-09-28T20:46:49,,283,4,2,8,0,6,1,0,0,0,7,0,0,False,False,False
https://replay.pokemonshowdown.com/gen9vgc2025regjbo3-2434779492-9vcgyy7v9cltr2b0ueo9g9mreyd1rmgpw,ok,p2,SasoriVzla7,Urshifu-Rapid-Strike,Aqua Jet; Close Combat; Surging Strikes; U-turn,Unseen Fist,Choice Scarf,Water,True,VGC,2026-09-28T20:46:49,Urshifu,283,4,2,8,0,6,1,0,0,0,7,0,0,True,False,True
https://replay.pokemonshowdown.com/gen9nationaldexdoubles-2436056922-hyd9m8aqkk6v2v5c612lle8spt8s1j5pw,ok,p1,bloodycheese,Celesteela,Heavy Slam; Leech Seed,Beast Boost,,,True,NAT DEX DOBLES,2026-09-28T20:46:50,,463,6,2,0,0,12,6,2,0,2,4,0,0,False,False,False
https://replay.pokemonshowdown.com/gen9nationaldexdoubles-2436056922-hyd9m8aqkk6v2v5c612lle8spt8s1j5pw,ok,p1,bloodycheese,Garchomp,Rock Slide,,,,True,NAT DEX DOBLES,2026-09-28T20:46:50,,463,6,2,0,0,12,6,2,0,2,4,0,0,True,False,False
https://replay.pokemonshowdown.com/gen9nationaldexdoubles-2436056922-hyd9m8aqkk6v2v5c612lle8spt8s1j5pw,ok,p1,bloodycheese,Tapu Koko,Dazzling Gleam; Discharge,,,,True,NAT DEX DOBLES,2026-09-28T20:46:50,,463,6,2,0,0,12,6,2,0,2,4,0,0,False,False,False
https://replay.pokemonshowdown.com/gen9nationaldexdoubles-2436056922-hyd9m8aqkk6v2v5c612lle8spt8s1j5pw,ok,p1,bloodycheese,Arcanine,Extreme Speed; Flare Blitz; Roar,Intimidate,Sitrus Berry,Water,True,NAT DEX DOBLES,2026-09-28T20:46:50,,463,6,2,0,0,12,6,2,0,2,4,0,0,False,False,True
https://replay.pokemonshowdown.com/gen9nationaldexdoubles-2436056922-hyd9m8aqkk6v2v5c612lle8spt8s1j5pw,ok,p1,bloodycheese,Gastrodon,,,,,True,NAT DEX DOBLES,2026-09-28T20:46:50,,463,6,2,0,0,12,6,2,0,2,4,0,0,False,False,False
https://replay.pokemonshowdown.com/gen9nationaldexdoubles-2436056922-hyd9m8aqkk6v2v5c612lle8spt8s1j5pw,ok,p1,bloodycheese,Moltres-Galar,Fiery Wrath,Berserk,Aguav Berry,,True,NAT DEX DOBLES,2026-09-28T20:46:50,Moltres,463,6,2,0,0,12,6,2,0,2,4,0,0,False,False,False
https://replay.pokemonshowdown.com/gen9nationaldexdoubles-2436056922-hyd9m8aqkk6v2v5c612lle8spt8s1j5pw,ok,p2,Lexzodia13,Celebi,Leech Seed; Pollen Puff; Rest,,Chesto Berry,,False,NAT DEX DOBLES,2026-09-28T20:46:50,,463,2,6,0,0,12,1,0,0,5,8,0,0,False,False,False
https://replay.pokemonshowdown.com/gen9nationaldexdoubles-2436056922-hyd9m8aqkk6v2v5c612lle8spt8s1j5pw,ok,p2,Lexzodia13,Dragonite,Tailwind,,,,False,NAT DEX DOBLES,2026-09-28T20:46:50,,463,2,6,0,0,12,1,0,0,5,8,0,0,False,False,False
https://replay.pokemonshowdown.com/gen9nationaldexdoubles-2436056922-hyd9m8aqkk6v2v5c612lle8spt8s1j5pw,ok,p2,Lexzodia13,Charizard,Dragon Dance; Fire Punch,,,,False,NAT DEX DOBLES,2026-09-28T20:46:50,,463,2,6,0,0,12,1,0,0,5,8,0,0,False,True,False
https://replay.pokemonshowdown.com/gen9nationaldexdoubles-2436056922-hyd9m8aqkk6v2v5c612lle8spt8s1j5pw,ok,p2,Lexzodia13,Rotom-Wash,Will-O-Wisp,,,,False,NAT DEX DOBLES,2026-09-28T20:46:50,Rotom,463,2,6,0,0,12,1,0,0,5,8,0,0,True,False,False
https://replay.pokemonshowdown.com/gen9nationaldexdoubles-2436056922-hyd9m8aqkk6v2v5c612lle8spt8s1j5pw,ok,p2,Lexzodia13,Mew,Aura Sphere; Nasty Plot; Psychic,,,,False,NAT DEX DOBLES,2026-09-28T20:46:50,,463,2,6,0,0,12,1,0,0,5,8,0,0,False,False,False
https://replay.pokemonshowdown.com/gen9nationaldexdoubles-2436056922-hyd9m8aqkk6v2v5c612lle8spt8s1j5pw,ok,p2,Lexzodia13,Pidgeot,Protect,,Charti Berry,,False,NAT DEX DOBLES,2026-09-28T20:46:50,,463,2,6,0,0,12,1,0,0,5,8,0,0,False,False,False
https://replay.pokemonshowdown.com/gen9nationaldexdoubles-2438483983-v62atq6egpwu8c86vr8r27sr95qqinqpw,ok,p1,Bloodycheese,Celesteela,Heavy Slam,Beast Boost,,,True,NAT DEX DOBLES,2026-09-28T20:46:51,,271,6,2,0,1,9,5,1,0,2,7,0,0,False,False,False
https://replay.pokemonshowdown.com/gen9nationaldexdoubles-2438483983-v62atq6egpwu8c86vr8r27sr95qqinqpw,ok,p1,Bloodycheese,Garchomp,,,,,True,NAT DEX DOBLES,2026-09-28T20:46:51,,271,6,2,0,1,9,5,1,0,2,7,0,0,False,False,False
https://replay.pokemonshowdown.com/gen9nationaldexdoubles-2438483983-v62atq6egpwu8c86vr8r27sr95qqinqpw,ok,p1,Bloodycheese,Tapu Koko,Dazzling Gleam; Protect,,,,True,NAT DEX DOBLES,2026-09-28T20:46:51,,271,6,2,0,1,9,5,1,0,2,7,0,0,False,False,False
https://replay.pokemonshowdown.com/gen9nationaldexdoubles-2438483983-v62atq6egpwu8c86vr8r27sr95qqinqpw,ok,p1,Bloodycheese,Arcanine,Will-O-Wisp,Intimidate,Sitrus Berry,,True,NAT DEX DOBLES,2026-09-28T20:46:51,,271,6,2,0,1,9,5,1,0,2,7,0,0,True,False,False
https://replay.pokemonshowdown.com/gen9nationaldexdoubles-2438483983-v62atq6egpwu8c86vr8r27sr95qqinqpw,ok,p1,Bloodycheese,Gastrodon,Earth Power; Scald,Storm Drain,,,True,NAT DEX DOBLES,2026-09-28T20:46:51,,271,6,2,0,1,9,5,1,0,2,7,0,0,False,False,False
https://replay.pokemonshowdown.com/gen9nationaldexdoubles-2438483983-v62atq6egpwu8c86vr8r27sr95qqinqpw,ok,p1,Bloodycheese,Moltres-Galar,,,,,True,NAT DEX DOBLES,2026-09-28T20:46:51,,271,6,2,0,1,9,5,1,0,2,7,0,0,False,False,False
https://replay.pokemonshowdown.com/gen9nationaldexdoubles-2438483983-v62atq6egpwu8c86vr8r27sr95qqinqpw,ok,p2,Blazing8465,Lucario,Aura Sphere,,,,False,NAT DEX DOBLES,2026-09-28T20:46:51,,271,2,6,1,0,9,3,0,0,0,2,0,0,False,True,False
https://replay.pokemonshowdown.com/gen9nationaldexdoubles-2438483983-v62atq6egpwu8c86vr8r27sr95qqinqpw,ok,p2,Blazing8465,Mienshao,Fake Out,,,,False,NAT DEX DOBLES,2026-09-28T20:46:51,,271,2,6,1,0,9,3,0,0,0,2,0,0,True,False,False
https://replay.pokemonshowdown.com/gen9nationaldexdoubles-2438483983-v62atq6egpwu8c86vr8r27sr95qqinqpw,ok,p2,Blazing8465,Machamp,Stone Edge; Wide Guard,,,,False,NAT DEX DOBLES,2026-09-28T20:46:51,,271,2,6,1,0,9,3,0,0,0,2,0,0,False,False,False
https://replay.pokemonshowdown.com/gen9nationaldexdoubles-2438483983-v62atq6egpwu8c86vr8r27sr95qqinqpw,ok,p2,Blazing8465,Hawlucha,Iron Head,,Red Card,Grass,False,NAT DEX DOBLES,2026-09-28T20:46:51,,271,2,6,1,0,9,3,0,0,0,2,0,0,False,False,True
https://replay.pokemonshowdown.com/gen9nationaldexdoubles-2438483983-v62atq6egpwu8c86vr8r27sr95qqinqpw,ok,p2,Blazing8465,Iron Hands,Close Combat; Detect; Supercell Slam,,Booster Energy,,False,NAT DEX DOBLES,2026-09-28T20:46:51,,271,2,6,1,0,9,3,0,0,0,2,0,0,False,False,False
https://replay.pokemonshowdown.com/gen9nationaldexdoubles-2438483983-v62atq6egpwu8c86vr8r27sr95qqinqpw,ok,p2,Blazing8465,Gallade,Aqua Cutter; Sacred Sword,,,,False,NAT DEX DOBLES,2026-09-28T20:46:51,,271,2,6,1,0,9,3,0,0,0,2,0,0,False,False,False
https://replay.pokemonshowdown.com/gen9randombattle-2437872038-afyrwemjhcgjiasrc8930qen3lndgotpw,ok,p1,Saga_57,Conkeldurr,Knock Off; Mach Punch,,,,False,RANDOM SINGLES,2026-09-28T20:46:51,,375,2,6,0,0,18,0,1,0,3,7,0,0,True,False,False
https://replay.pokemonshowdown.com/gen9randombattle-2437872038-afyrwemjhcgjiasrc8930qen3lndgotpw,ok,p1,Saga_57,Spiritomb,Poltergeist,,,,False,RANDOM SINGLES,2026-09-28T20:46:51,,375,2,6,0,0,18,0,1,0,3,7,0,0,False,False,False
https://replay.pokemonshowdown.com/gen9randombattle-2437872038-afyrwemjhcgjiasrc8930qen3lndgotpw,ok,p1,Saga_57,Gastrodon,Stealth Rock; Surf,Storm Drain,,,False,RANDOM SINGLES,2026-09-28T20:46:51,,375,2,6,0,0,18,0,1,0,3,7,0,0,False,False,False
https://replay.pokemonshowdown.com/gen9randombattle-2437872038-afyrwemjhcgjiasrc8930qen3lndgotpw,ok,p1,Saga_57,Indeedee,Expanding Force,,,,False,RANDOM SINGLES,2026-09-28T20:46:51,,375,2,6,0,0,18,0,1,0,3,7,0,0,False,False,False
https://replay.pokemonshowdown.com/gen9randombattle-2437872038-afyrwemjhcgjiasrc8930qen3lndgotpw,ok,p1,Saga_57,Porygon-Z,Shadow Ball,Download,,,False,RANDOM SINGLES,2026-09-28T20:46:51,,375,2,6,0,0,18,0,1,0,3,7,0,0,False,False,False
https://replay.pokemonshowdown.com/gen9randombattle-2437872038-afyrwemjhcgjiasrc8930qen3lndgotpw,ok,p1,Saga_57,Garganacl,Protect,,,Dragon,False,RANDOM SINGLES,2026-09-28T20:46:51,,375,2,6,0,0,18,0,1,0,3,7,0,0,False,False,True
https://replay.pokemonshowdown.com/gen9randombattle-2437872038-afyrwemjhcgjiasrc8930qen3lndgotpw,ok,p2,Bloodycheese,Raichu-Alola,Surf,,,Water,True,RANDOM SINGLES,2026-09-28T20:46:51,Raichu,375,6,2,0,0,18,3,0,0,1,0,0,0,True,False,True
https://replay.pokemonshowdown.com/gen9randombattle-2437872038-afyrwemjhcgjiasrc8930qen3lndgotpw,ok,p2,Bloodycheese,Vikavolt,Bug Buzz; Discharge; Sticky Web,,Heavy-Duty Boots,,True,RANDOM SINGLES,2026-09-28T20:46:51,,375,6,2,0,0,18,3,0,0,1,0,0,0,False,False,False
https://replay.pokemonshowdown.com/gen9randombattle-2437872038-afyrwemjhcgjiasrc8930qen3lndgotpw,ok,p2,Bloodycheese,Meowstic-F,Dark Pulse; Nasty Plot; Psychic,,,,True,RANDOM SINGLES,2026-09-28T20:46:51,Meowstic,375,6,2,0,0,18,3,0,0,1,0,0,0,False,False,False
https://replay.pokemonshowdown.com/gen9randombattle-2437872038-afyrwemjhcgjiasrc8930qen3lndgotpw,ok,p2,Bloodycheese,Dugtrio-Alola,Earthquake,,,,True,RANDOM SINGLES,2026-09-28T20:46:51,Dugtrio,375,6,2,0,0,18,3,0,0,1,0,0,0,False,False,False
https://replay.pokemonshowdown.com/gen9randombattle-2446552399-m5grq13qbnfa1bx1ioetkguadp3t6sfpw,ok,p1,bloodycheese,Uxie,Encore; Psychic Noise; Stealth Rock; U-turn,,,,True,RANDOM SINGLES,2026-09-28T20:46:52,,1335,6,3,0,0,49,2,5,0,12,18,0,0,True,False,False
https://replay.pokemonshowdown.com/gen9randombattle-2446552399-m5grq13qbnfa1bx1ioetkguadp3t6sfpw,ok,p1,bloodycheese,Girafarig,Psyshock,,,,True,RANDOM SINGLES,2026-09-28T20:46:52,,1335,6,3,0,0,49,2,5,0,12,18,0,0,False,False,False
https://replay.pokemonshowdown.com/gen9randombattle-2446552399-m5grq13qbnfa1bx1ioetkguadp3t6sfpw,ok,p1,bloodycheese,Bellossom,Giga Drain; Quiver Dance; Sludge Bomb; Strength Sap,,Leftovers,Poison,True,RANDOM SINGLES,2026-09-28T20:46:52,,1335,6,3,0,0,49,2,5,0,12,18,0,0,False,False,True
https://replay.pokemonshowdown.com/gen9randombattle-2446552399-m5grq13qbnfa1bx1ioetkguadp3t6sfpw,ok,p1,bloodycheese,Typhlosion,Eruption,,,,True,RANDOM SINGLES,2026-09-28T20:46:52,,1335,6,3,0,0,49,2,5,0,12,18,0,0,False,False,False
https://replay.pokemonshowdown.com/gen9randombattle-2446552399-m5grq13qbnfa1bx1ioetkguadp3t6sfpw,ok,p2,DracoAxel,Phione,Scald; Take Heart,,,,False,RANDOM SINGLES,2026-09-28T20:46:52,,1335,3,6,0,0,49,3,5,0,50,18,0,0,True,False,False
https://replay.pokemonshowdown.com/gen9randombattle-2446552399-m5grq13qbnfa1bx1ioetkguadp3t6sfpw,ok,p2,DracoAxel,Slither Wing,First Impression; U-turn,,,Bug,False,RANDOM SINGLES,2026-09-28T20:46:52,,1335,3,6,0,0,49,3,5,0,50,18,0,0,False,False,True
https://replay.pokemonshowdown.com/gen9randombattle-2446552399-m5grq13qbnfa1bx1ioetkguadp3t6sfpw,ok,p2,DracoAxel,Oranguru,Psychic,,,,False,RANDOM SINGLES,2026-09-28T20:46:52,,1335,3,6,0,0,49,3,5,0,50,18,0,0,False,False,False
https://replay.pokemonshowdown.com/gen9randombattle-2446552399-m5grq13qbnfa1bx1ioetkguadp3t6sfpw,ok,p2,DracoAxel,Muk-Alola,Drain Punch; Knock Off,,,,False,RANDOM SINGLES,2026-09-28T20:46:52,Muk,1335,3,6,0,0,49,3,5,0,50,18,0,0,False,False,False
https://replay.pokemonshowdown.com/gen9randombattle-2446552399-m5grq13qbnfa1bx1ioetkguadp3t6sfpw,ok,p2,DracoAxel,Forretress,Iron Head; Rapid Spin,,,,False,RANDOM SINGLES,2026-09-28T20:46:52,,1335,3,6,0,0,49,3,5,0,50,18,0,0,False,False,False
https://replay.pokemonshowdown.com/gen9randombattle-2446552399-m5grq13qbnfa1bx1ioetkguadp3t6sfpw,ok,p2,DracoAxel,Flutter Mane,Psyshock,,,,False,RANDOM SINGLES,2026-09-28T20:46:52,,1335,3,6,0,0,49,3,5,0,50,18,0,0,False,False,False
https://replay.pokemonshowdown.com/gen9vgc2025regj-2439300075-n36i6d730nhpsi8iywc5vwoeq2ur6napw,ok,p1,Moirix,Calyrex-Ice,Glacial Lance; Protect; Trick Room,As One; Unnerve,,Water,True,VGC,2026-09-28T20:46:53,Calyrex,699,4,2,0,0,5,1,2,0,0,0,0,0,True,False,True
https://replay.pokemonshowdown.com/gen9vgc2025regj-2439300075-n36i6d730nhpsi8iywc5vwoeq2ur6napw,ok,p1,Moirix,Incineroar,Fake Out; Parting Shot,Intimidate,,,True,VGC,2026-09-28T20:46:53,,699,4,2,0,0,5,1,2,0,0,0,0,0,False,False,False
https://replay.pokemonshowdown.com/gen9vgc2025regj-2439300075-n36i6d730nhpsi8iywc5vwoeq2ur6napw,ok,p1,Moirix,Ursaluna,Earthquake; Facade,,,,True,VGC,2026-09-28T20:46:53,,699,4,2,0,0,5,1,2,0,0,0,0,0,False,False,False
https://replay.pokemonshowdown.com/gen9vgc2025regj-2439300075-n36i6d730nhpsi8iywc5vwoeq2ur6napw,ok,p1,Moirix,Annihilape,,,,,True,VGC,2026-09-28T20:46:53,,699,4,2,0,0,5,1,2,0,0,0,0,0,False,False,False
https://replay.pokemonshowdown.com/gen9vgc2025regj-2439300075-n36i6d730nhpsi8iywc5vwoeq2ur6napw,ok,p1,Moirix,Indeedee-F,,,,,True,VGC,2026-09-28T20:46:53,Indeedee,699,4,2,0,0,5,1,2,0,0,0,0,0,False,False,False
https://replay.pokemonshowdown.com/gen9vgc2025regj-2439300075-n36i6d730nhpsi8iywc5vwoeq2ur6napw,ok,p1,Moirix,Magearna-Original,,,,,True,VGC,2026-09-28T20:46:53,,699,4,2,0,0,5,1,2,0,0,0,0,0,False,False,False
https://replay.pokemonshowdown.com/gen9vgc2025regj-2439300075-n36i6d730nhpsi8iywc5vwoeq2ur6napw,ok,p2,Bloodycheese,Arceus,,,,,False,VGC,2026-09-28T20:46:53,,699,2,4,0,0,5,1,0,0,1,0,0,0,False,False,False
https://replay.pokemonshowdown.com/gen9vgc2025regj-2439300075-n36i6d730nhpsi8iywc5vwoeq2ur6napw,ok,p2,Bloodycheese,Chien-Pao,Icicle Crash; Protect; Ruination; Sucker Punch,Sword of Ruin,,,False,VGC,2026-09-28T20:46:53,,699,2,4,0,0,5,1,0,0,1,0,0,0,False,False,False
https://replay.pokemonshowdown.com/gen9vgc2025regj-2439300075-n36i6d730nhpsi8iywc5vwoeq2ur6napw,ok,p2,Bloodycheese,Volcarona,,,,,False,VGC,2026-09-28T20:46:53,,699,2,4,0,0,5,1,0,0,1,0,0,0,False,False,False
https://replay.pokemonshowdown.com/gen9vgc2025regj-2439300075-n36i6d730nhpsi8iywc5vwoeq2ur6napw,ok,p2,Bloodycheese,Miraidon,,,,Fairy,False,VGC,2026-09-28T20:46:53,,699,2,4,0,0,5,1,0,0,1,0,0,0,True,False,True
https://replay.pokemonshowdown.com/gen9vgc2025regj-2439300075-n36i6d730nhpsi8iywc5vwoeq2ur6napw,ok,p2,Bloodycheese,Farigiraf,,,Electric Seed,,False,VGC,2026-09-28T20:46:53,,699,2,4,0,0,5,1,0,0,1,0,0,0,False,False,False
https://replay.pokemonshowdown.com/gen9vgc2025regj-2439300075-n36i6d730nhpsi8iywc5vwoeq2ur6napw,ok,p2,Bloodycheese,Iron Hands,,,,,False,VGC,2026-09-28T20:46:53,,699,2,4,0,0,5,1,0,0,1,0,0,0,False,False,False
https://replay.pokemonshowdown.com/gen9nationaldexdoubles-2449853566-im2ee4bg3rkky7kykru6jxde6ur5hwppw,ok,p1,bloodycheese,Celesteela,Wide Guard,,,,True,NAT DEX DOBLES,2026-09-28T20:46:53,,498,6,5,1,0,14,6,2,0,0,2,0,0,False,False,False
https://replay.pokemonshowdown.com/gen9nationaldexdoubles-2449853566-im2ee4bg3rkky7kykru6jxde6ur5hwppw,ok,p1,bloodycheese,Garchomp,Poison Jab; Rock Slide,,,,True,NAT DEX DOBLES,2026-09-28T20:46:53,,498,6,5,1,0,14,6,2,0,0,2,0,0,False,False,False
https://replay.pokemonshowdown.com/gen9nationaldexdoubles-2449853566-im2ee4bg3rkky7kykru6jxde6ur5hwppw,ok,p1,bloodycheese,Tapu Koko,Dazzling Gleam,,,,True,NAT DEX DOBLES,2026-09-28T20:46:53,,498,6,5,1,0,14,6,2,0,0,2,0,0,False,False,False
https://replay.pokemonshowdown.com/gen9nationaldexdoubles-2449853566-im2ee4bg3rkky7kykru6jxde6ur5hwppw,ok,p1,bloodycheese,Arcanine,Flare Blitz,Intimidate,,,True,NAT DEX DOBLES,2026-09-28T20:46:53,,498,6,5,1,0,14,6,2,0,0,2,0,0,False,False,False
https://replay.pokemonshowdown.com/gen9nationaldexdoubles-2449853566-im2ee4bg3rkky7kykru6jxde6ur5hwppw,ok,p1,bloodycheese,Gastrodon,Muddy Water; Scald,,,Fire,True,NAT DEX DOBLES,2026-09-28T20:46:53,,498,6,5,1,0,14,6,2,0,0,2,0,0,True,False,True
https://replay.pokemonshowdown.com/gen9nationaldexdoubles-2449853566-im2ee4bg3rkky7kykru6jxde6ur5hwppw,ok,p1,bloodycheese,Moltres-Galar,Air Slash; Fiery Wrath,,,,True,NAT DEX DOBLES,2026-09-28T20:46:53,Moltres,498,6,5,1,0,14,6,2,0,0,2,0,0,False,False,False
https://replay.pokemonshowdown.com/gen9nationaldexdoubles-2449853566-im2ee4bg3rkky7kykru6jxde6ur5hwppw,ok,p2,Ultraquesito,Charizard,Protect; Scorching Sands,,,,False,NAT DEX DOBLES,2026-09-28T20:46:53,,498,5,6,0,1,14,4,6,3,0,7,0,0,False,True,False
https://replay.pokemonshowdown.com/gen9nationaldexdoubles-2449853566-im2ee4bg3rkky7kykru6jxde6ur5hwppw,ok,p2,Ultraquesito,Florges,Helping Hand; Light Screen; Moonblast; Protect,,,,False,NAT DEX DOBLES,2026-09-28T20:46:53,,498,5,6,0,1,14,4,6,3,0,7,0,0,False,False,False
https://replay.pokemonshowdown.com/gen9nationaldexdoubles-2449853566-im2ee4bg3rkky7kykru6jxde6ur5hwppw,ok,p2,Ultraquesito,Aerodactyl,Taunt,Pressure,,,False,NAT DEX DOBLES,2026-09-28T20:46:53,,498,5,6,0,1,14,4,6,3,0,7,0,0,True,False,False
https://replay.pokemonshowdown.com/gen9nationaldexdoubles-2449853566-im2ee4bg3rkky7kykru6jxde6ur5hwppw,ok,p2,Ultraquesito,Raichu,Endeavor; Fake Out,,,,False,NAT DEX DOBLES,2026-09-28T20:46:53,,498,5,6,0,1,14,4,6,3,0,7,0,0,False,False,False
https://replay.pokemonshowdown.com/gen9nationaldexdoubles-2449853566-im2ee4bg3rkky7kykru6jxde6ur5hwppw,ok,p2,Ultraquesito,Aurorus,Blizzard,,,,False,NAT DEX DOBLES,2026-09-28T20:46:53,,498,5,6,0,1,14,4,6,3,0,7,0,0,False,False,False
https://replay.pokemonshowdown.com/gen9nationaldexdoubles-2449853566-im2ee4bg3rkky7kykru6jxde6ur5hwppw,ok,p2,Ultraquesito,Tyrantrum,Head Smash,,,Fairy,False,NAT DEX DOBLES,2026-09-28T20:46:53,,498,5,6,0,1,14,4,6,3,0,7,0,0,False,False,True
https://replay.pokemonshowdown.com/gen9nationaldexdoubles-2450099681-x1j1y9db6ow2484ajfxvqjo0tywt4krpw,ok,p1,Bloodycheese,Celesteela,Heavy Slam; Leech Seed; Substitute,Beast Boost,Leftovers,,True,NAT DEX DOBLES,2026-09-28T20:46:54,,763,6,2,1,1,12,3,3,0,1,16,0,0,True,False,False
https://replay.pokemonshowdown.com/gen9nationaldexdoubles-2450099681-x1j1y9db6ow2484ajfxvqjo0tywt4krpw,ok,p1,Bloodycheese,Garchomp,,,,,True,NAT DEX DOBLES,2026-09-28T20:46:54,,763,6,2,1,1,12,3,3,0,1,16,0,0,False,False,False
https://replay.pokemonshowdown.com/gen9nationaldexdoubles-2450099681-x1j1y9db6ow2484ajfxvqjo0tywt4krpw,ok,p1,Bloodycheese,Tapu Koko,Dazzling Gleam,,,,True,NAT DEX DOBLES,2026-09-28T20:46:54,,763,6,2,1,1,12,3,3,0,1,16,0,0,False,False,False
https://replay.pokemonshowdown.com/gen9nationaldexdoubles-2450099681-x1j1y9db6ow2484ajfxvqjo0tywt4krpw,ok,p1,Bloodycheese,Arcanine,Extreme Speed; Flare Blitz,Intimidate,,,True,NAT DEX DOBLES,2026-09-28T20:46:54,,763,6,2,1,1,12,3,3,0,1,16,0,0,False,False,False
https://replay.pokemonshowdown.com/gen9nationaldexdoubles-2450099681-x1j1y9db6ow2484ajfxvqjo0tywt4krpw,ok,p1,Bloodycheese,Gastrodon,Toxic,,,,True,NAT DEX DOBLES,2026-09-28T20:46:54,,763,6,2,1,1,12,3,3,0,1,16,0,0,False,False,False
https://replay.pokemonshowdown.com/gen9nationaldexdoubles-2450099681-x1j1y9db6ow2484ajfxvqjo0tywt4krpw,ok,p1,Bloodycheese,Moltres-Galar,Fiery Wrath,,,Steel,True,NAT DEX DOBLES,2026-09-28T20:46:54,Moltres,763,6,2,1,1,12,3,3,0,1,16,0,0,False,False,True
https://replay.pokemonshowdown.com/gen9nationaldexdoubles-2450099681-x1j1y9db6ow2484ajfxvqjo0tywt4krpw,ok,p2,Ivangraus17,Flutter Mane,Mystical Fire,,,,False,NAT DEX DOBLES,2026-09-28T20:46:54,,763,2,6,1,1,12,5,2,0,1,6,0,0,False,False,False
https://replay.pokemonshowdown.com/gen9nationaldexdoubles-2450099681-x1j1y9db6ow2484ajfxvqjo0tywt4krpw,ok,p2,Ivangraus17,Gastrodon,Earth Power; Ice Beam; Surf,,,,False,NAT DEX DOBLES,2026-09-28T20:46:54,,763,2,6,1,1,12,5,2,0,1,6,0,0,False,False,False
https://replay.pokemonshowdown.com/gen9nationaldexdoubles-2450099681-x1j1y9db6ow2484ajfxvqjo0tywt4krpw,ok,p2,Ivangraus17,Lumineon,Hidden Power; Tailwind,Storm Drain,,,False,NAT DEX DOBLES,2026-09-28T20:46:54,,763,2,6,1,1,12,5,2,0,1,6,0,0,True,False,False
https://replay.pokemonshowdown.com/gen9nationaldexdoubles-2450099681-x1j1y9db6ow2484ajfxvqjo0tywt4krpw,ok,p2,Ivangraus17,Iron Valiant,Close Combat,,Focus Sash,,False,NAT DEX DOBLES,2026-09-28T20:46:54,,763,2,6,1,1,12,5,2,0,1,6,0,0,False,False,False
https://replay.pokemonshowdown.com/gen9nationaldexdoubles-2450099681-x1j1y9db6ow2484ajfxvqjo0tywt4krpw,ok,p2,Ivangraus17,Leafeon,Knock Off,,,Dark,False,NAT DEX DOBLES,2026-09-28T20:46:54,,763,2,6,1,1,12,5,2,0,1,6,0,0,False,False,True
https://replay.pokemonshowdown.com/gen9nationaldexdoubles-2450099681-x1j1y9db6ow2484ajfxvqjo0tywt4krpw,ok,p2,Ivangraus17,Purugly,Fake Out; Sunny Day; Toxic,,,,False,NAT DEX DOBLES,2026-09-28T20:46:54,,763,2,6,1,1,12,5,2,0,1,6,0,0,False,False,False
https://replay.pokemonshowdown.com/gen9nationaldexdoubles-2452107641-6y0eg931o656u35ddb1d6a2qa6btus3pw,ok,p1,Angello7796,Weavile,Ice Shard; Protect,,,,True,NAT DEX DOBLES,2026-09-28T20:46:55,,725,6,5,1,0,16,7,2,0,1,1,0,0,False,False,False
https://replay.pokemonshowdown.com/gen9nationaldexdoubles-2452107641-6y0eg931o656u35ddb1d6a2qa6btus3pw,ok,p1,Angello7796,Latios,,,,Steel,True,NAT DEX DOBLES,2026-09-28T20:46:55,,725,6,5,1,0,16,7,2,0,1,1,0,0,True,False,True
https://replay.pokemonshowdown.com/gen9nationaldexdoubles-2452107641-6y0eg931o656u35ddb1d6a2qa6btus3pw,ok,p1,Angello7796,Entei,Extreme Speed; Sacred Fire; Trailblaze,,,,True,NAT DEX DOBLES,2026-09-28T20:46:55,,725,6,5,1,0,16,7,2,0,1,1,0,0,False,False,False
https://replay.pokemonshowdown.com/gen9nationaldexdoubles-2452107641-6y0eg931o656u35ddb1d6a2qa6btus3pw,ok,p1,Angello7796,Snorlax,Belly Drum; Body Slam; Protect,,Figy Berry,,True,NAT DEX DOBLES,2026-09-28T20:46:55,,725,6,5,1,0,16,7,2,0,1,1,0,0,False,False,False
https://replay.pokemonshowdown.com/gen9nationaldexdoubles-2452107641-6y0eg931o656u35ddb1d6a2qa6btus3pw,ok,p1,Angello7796,Raikou,Hidden Power; Protect; Scald,Pressure,,,True,NAT DEX DOBLES,2026-09-28T20:46:55,,725,6,5,1,0,16,7,2,0,1,1,0,0,False,False,False
https://replay.pokemonshowdown.com/gen9nationaldexdoubles-2452107641-6y0eg931o656u35ddb1d6a2qa6btus3pw,ok,p1,Angello7796,Alakazam,Protect; Psychic,Electric Surge,,,True,NAT DEX DOBLES,2026-09-28T20:46:55,,725,6,5,1,0,16,7,2,0,1,1,0,0,False,True,False
https://replay.pokemonshowdown.com/gen9nationaldexdoubles-2452107641-6y0eg931o656u35ddb1d6a2qa6btus3pw,ok,p2,bloodycheese,Celesteela,Heavy Slam; Protect,Beast Boost,,,False,NAT DEX DOBLES,2026-09-28T20:46:55,,725,5,6,0,1,16,2,4,0,3,4,0,0,False,False,False
https://replay.pokemonshowdown.com/gen9nationaldexdoubles-2452107641-6y0eg931o656u35ddb1d6a2qa6btus3pw,ok,p2,bloodycheese,Garchomp,Rock Slide,,,Fire,False,NAT DEX DOBLES,2026-09-28T20:46:55,,725,5,6,0,1,16,2,4,0,3,4,0,0,True,False,True
https://replay.pokemonshowdown.com/gen9nationaldexdoubles-2452107641-6y0eg931o656u35ddb1d6a2qa6btus3pw,ok,p2,bloodycheese,Tapu Koko,Dazzling Gleam; Discharge,,,,False,NAT DEX DOBLES,2026-09-28T20:46:55,,725,5,6,0,1,16,2,4,0,3,4,0,0,False,False,False
https://replay.pokemonshowdown.com/gen9nationaldexdoubles-2452107641-6y0eg931o656u35ddb1d6a2qa6btus3pw,ok,p2,bloodycheese,Arcanine,Extreme Speed; Flare Blitz; Will-O-Wisp,Intimidate,Sitrus Berry,,False,NAT DEX DOBLES,2026-09-28T20:46:55,,725,5,6,0,1,16,2,4,0,3,4,0,0,False,False,False
https://replay.pokemonshowdown.com/gen9nationaldexdoubles-2452107641-6y0eg931o656u35ddb1d6a2qa6btus3pw,ok,p2,bloodycheese,Gastrodon,Muddy Water,,,,False,NAT DEX DOBLES,2026-09-28T20:46:55,,725,5,6,0,1,16,2,4,0,3,4,0,0,False,False,False
https://replay.pokemonshowdown.com/gen9nationaldexdoubles-2452107641-6y0eg931o656u35ddb1d6a2qa6btus3pw,ok,p2,bloodycheese,Moltres-Galar,Agility; Fiery Wrath; Protect,Berserk,,,False,NAT DEX DOBLES,2026-09-28T20:46:55,Moltres,725,5,6,0,1,16,2,4,0,3,4,0,0,False,False,False
https://replay.pokemonshowdown.com/gen9nationaldex-2453898290-79on7ok8rvryfb1ykfll2xoj2dy9hrxpw,ok,p1,bloodycheese,Greninja-*,,,,,True,NAT DEX,2026-09-28T20:46:55,,329,6,5,3,0,19,3,3,0,8,4,0,0,False,False,False
https://replay.pokemonshowdown.com/gen9nationaldex-2453898290-79on7ok8rvryfb1ykfll2xoj2dy9hrxpw,ok,p1,bloodycheese,Hawlucha,Close Combat,,White Herb,,True,NAT DEX,2026-09-28T20:46:55,,329,6,5,3,0,19,3,3,0,8,4,0,0,False,False,False
https://replay.pokemonshowdown.com/gen9nationaldex-2453898290-79on7ok8rvryfb1ykfll2xoj2dy9hrxpw,ok,p1,bloodycheese,Malamar,Superpower,,,,True,NAT DEX,2026-09-28T20:46:55,,329,6,5,3,0,19,3,3,0,8,4,0,0,False,False,False
https://replay.pokemonshowdown.com/gen9nationaldex-2453898290-79on7ok8rvryfb1ykfll2xoj2dy9hrxpw,ok,p1,bloodycheese,Florges,Moonblast,,,,True,NAT DEX,2026-09-28T20:46:55,,329,6,5,3,0,19,3,3,0,8,4,0,0,False,False,False
https://replay.pokemonshowdown.com/gen9nationaldex-2453898290-79on7ok8rvryfb1ykfll2xoj2dy9hrxpw,ok,p1,bloodycheese,Volcanion,Flamethrower; Steam Eruption,,,,True,NAT DEX,2026-09-28T20:46:55,,329,6,5,3,0,19,3,3,0,8,4,0,0,False,False,False
https://replay.pokemonshowdown.com/gen9nationaldex-2453898290-79on7ok8rvryfb1ykfll2xoj2dy9hrxpw,ok,p1,bloodycheese,Goodra-Hisui,Acid Armor; Body Press; Dragon Tail; Heavy Slam,,,,True,NAT DEX,2026-09-28T20:46:55,Goodra,329,6,5,3,0,19,3,3,0,8,4,0,0,True,False,False
https://replay.pokemonshowdown.com/gen9nationaldex-2453898290-79on7ok8rvryfb1ykfll2xoj2dy9hrxpw,ok,p2,Puchamon03,Greninja-*,,,,,False,NAT DEX,2026-09-28T20:46:55,,329,5,6,0,3,19,4,4,0,8,4,0,0,False,False,False
https://replay.pokemonshowdown.com/gen9nationaldex-2453898290-79on7ok8rvryfb1ykfll2xoj2dy9hrxpw,ok,p2,Puchamon03,Talonflame,Brave Bird; Flare Blitz,,,,False,NAT DEX,2026-09-28T20:46:55,,329,5,6,0,3,19,4,4,0,8,4,0,0,False,False,False
https://replay.pokemonshowdown.com/gen9nationaldex-2453898290-79on7ok8rvryfb1ykfll2xoj2dy9hrxpw,ok,p2,Puchamon03,Aegislash,King's Shield; Sacred Sword; Shadow Ball,,,,False,NAT DEX,2026-09-28T20:46:55,,329,5,6,0,3,19,4,4,0,8,4,0,0,False,False,False
https://replay.pokemonshowdown.com/gen9nationaldex-2453898290-79on7ok8rvryfb1ykfll2xoj2dy9hrxpw,ok,p2,Puchamon03,Hawlucha,Acrobatics,,,,False,NAT DEX,2026-09-28T20:46:55,,329,5,6,0,3,19,4,4,0,8,4,0,0,False,False,False
https://replay.pokemonshowdown.com/gen9nationaldex-2453898290-79on7ok8rvryfb1ykfll2xoj2dy9hrxpw,ok,p2,Puchamon03,Diancie,Earth Power,,,,False,NAT DEX,2026-09-28T20:46:55,,329,5,6,0,3,19,4,4,0,8,4,0,0,False,False,False
https://replay.pokemonshowdown.com/gen9nationaldex-2453898290-79on7ok8rvryfb1ykfll2xoj2dy9hrxpw,ok,p2,Puchamon03,Malamar,Superpower,,,,False,NAT DEX,2026-09-28T20:46:55,,329,5,6,0,3,19,4,4,0,8,4,0,0,False,False,False
https://replay.pokemonshowdown.com/gen9vgc2025reghbo3-2453421461-x8phlkb7d7sonbrr6o9anc0f78j5ikgpw,ok,p1,bloodycheese,Sneasler,Close Combat; Dire Claw; Fake Out; Protect,Poison Touch,Focus Sash,Stellar,False,VGC,2026-09-28T20:46:56,,360,1,4,0,0,10,1,2,0,1,0,0,2,False,False,True
https://replay.pokemonshowdown.com/gen9vgc2025reghbo3-2453421461-x8phlkb7d7sonbrr6o9anc0f78j5ikgpw,ok,p1,bloodycheese,Primarina,Haze; Hyper Voice; Moonblast; Protect,Liquid Voice,Throat Spray,Poison,False,VGC,2026-09-28T20:46:56,,360,1,4,0,0,10,1,2,0,1,0,0,2,False,False,False
https://replay.pokemonshowdown.com/gen9vgc2025reghbo3-2453421461-x8phlkb7d7sonbrr6o9anc0f78j5ikgpw,ok,p1,bloodycheese,Kingambit,Kowtow Cleave; Protect; Sucker Punch; Swords Dance,Defiant,Black Glasses,Dark,False,VGC,2026-09-28T20:46:56,,360,1,4,0,0,10,1,2,0,1,0,0,2,False,False,False
https://replay.pokemonshowdown.com/gen9vgc2025reghbo3-2453421461-x8phlkb7d7sonbrr6o9anc0f78j5ikgpw,ok,p1,bloodycheese,Rillaboom,Fake Out; Grassy Glide; U-turn; Wood Hammer,Grassy Surge,Assault Vest,Fire,False,VGC,2026-09-28T20:46:56,,360,1,4,0,0,10,1,2,0,1,0,0,2,False,False,False
https://replay.pokemonshowdown.com/gen9vgc2025reghbo3-2453421461-x8phlkb7d7sonbrr6o9anc0f78j5ikgpw,ok,p1,bloodycheese,Electabuzz,Electroweb; Follow Me; Protect; Taunt,Vital Spirit,Eviolite,Fairy,False,VGC,2026-09-28T20:46:56,,360,1,4,0,0,10,1,2,0,1,0,0,2,False,False,False
https://replay.pokemonshowdown.com/gen9vgc2025reghbo3-2453421461-x8phlkb7d7sonbrr6o9anc0f78j5ikgpw,ok,p1,bloodycheese,Dragapult,Dragon Darts; Outrage; Phantom Force; U-turn,Clear Body,Choice Band,Dragon,False,VGC,2026-09-28T20:46:56,,360,1,4,0,0,10,1,2,0,1,0,0,2,True,False,False
https://replay.pokemonshowdown.com/gen9vgc2025reghbo3-2453421461-x8phlkb7d7sonbrr6o9anc0f78j5ikgpw,ok,p2,marmanch,Annihilape,Bulk Up; Drain Punch; Protect; Rage Fist,Defiant,Leftovers,Fire,True,VGC,2026-09-28T20:46:56,,360,4,1,0,0,10,2,7,1,0,6,0,0,False,False,False
https://replay.pokemonshowdown.com/gen9vgc2025reghbo3-2453421461-x8phlkb7d7sonbrr6o9anc0f78j5ikgpw,ok,p2,marmanch,Sinistcha,Life Dew; Matcha Gotcha; Rage Powder; Trick Room,Hospitality,Sitrus Berry,Water,True,VGC,2026-09-28T20:46:56,,360,4,1,0,0,10,2,7,1,0,6,0,0,False,False,True
https://replay.pokemonshowdown.com/gen9vgc2025reghbo3-2453421461-x8phlkb7d7sonbrr6o9anc0f78j5ikgpw,ok,p2,marmanch,Maushold-Four,Beat Up; Follow Me; Protect; Taunt,Friend Guard,Safety Goggles,Ghost,True,VGC,2026-09-28T20:46:56,,360,4,1,0,0,10,2,7,1,0,6,0,0,False,False,False
https://replay.pokemonshowdown.com/gen9vgc2025reghbo3-2453421461-x8phlkb7d7sonbrr6o9anc0f78j5ikgpw,ok,p2,marmanch,Klefki,Dazzling Gleam; Light Screen; Misty Terrain; Reflect,Prankster,Light Clay,Ghost,True,VGC,2026-09-28T20:46:56,,360,4,1,0,0,10,2,7,1,0,6,0,0,False,False,False
https://replay.pokemonshowdown.com/gen9vgc2025reghbo3-2453421461-x8phlkb7d7sonbrr6o9anc0f78j5ikgpw,ok,p2,marmanch,Ursaluna-Bloodmoon,Blood Moon; Earth Power; Hyper Voice; Vacuum Wave,Minds Eye,Assault Vest,Water,True,VGC,2026-09-28T20:46:56,,360,4,1,0,0,10,2,7,1,0,6,0,0,False,False,False
https://replay.pokemonshowdown.com/gen9vgc2025reghbo3-2453421461-x8phlkb7d7sonbrr6o9anc0f78j5ikgpw,ok,p2,marmanch,Ninetales-Alola,Blizzard; Encore; Freeze-Dry; Protect,Snow Warning,Focus Sash,Ghost,True,VGC,2026-09-28T20:46:56,Ninetales,360,4,1,0,0,10,2,7,1,0,6,0,0,True,False,False
https://replay.pokemonshowdown.com/gen9vgc2025reghbo3-2466835762-u71tbeco357n4aip5uoiakllorhetucpw,ok,p1,dani vk vgc,Flamigo,Close Combat; Dual Wingbeat; Protect; Wide Guard,Scrappy,Focus Sash,Stellar,True,VGC,2026-09-28T20:46:57,,264,4,1,0,0,13,2,1,0,0,8,0,0,False,False,False
https://replay.pokemonshowdown.com/gen9vgc2025reghbo3-2466835762-u71tbeco357n4aip5uoiakllorhetucpw,ok,p1,dani vk vgc,Incineroar,Fake Out; Flare Blitz; Knock Off; U-turn,Intimidate,Assault Vest,Grass,True,VGC,2026-09-28T20:46:57,,264,4,1,0,0,13,2,1,0,0,8,0,0,False,False,False
https://replay.pokemonshowdown.com/gen9vgc2025reghbo3-2466835762-u71tbeco357n4aip5uoiakllorhetucpw,ok,p1,dani vk vgc,Amoonguss,Pollen Puff; Protect; Rage Powder; Spore,Regenerator,Sitrus Berry,Water,True,VGC,2026-09-28T20:46:57,,264,4,1,0,0,13,2,1,0,0,8,0,0,False,False,False
https://replay.pokemonshowdown.com/gen9vgc2025reghbo3-2466835762-u71tbeco357n4aip5uoiakllorhetucpw,ok,p1,dani vk vgc,Ursaluna,Earthquake; Facade; Headlong Rush; Protect,Guts,Flame Orb,Ghost,True,VGC,2026-09-28T20:46:57,,264,4,1,0,0,13,2,1,0,0,8,0,0,True,False,True
https://replay.pokemonshowdown.com/gen9vgc2025reghbo3-2466835762-u71tbeco357n4aip5uoiakllorhetucpw,ok,p1,dani vk vgc,Gholdengo,Make It Rain; Nasty Plot; Protect; Shadow Ball,Goodas Gold,Life Orb,Water,True,VGC,2026-09-28T20:46:57,,264,4,1,0,0,13,2,1,0,0,8,0,0,False,False,False
https://replay.pokemonshowdown.com/gen9vgc2025reghbo3-2466835762-u71tbeco357n4aip5uoiakllorhetucpw,ok,p1,dani vk vgc,Porygon2,Ice Beam; Recover; Tera Blast; Trick Room,Download,Eviolite,Fighting,True,VGC,2026-09-28T20:46:57,,264,4,1,0,0,13,2,1,0,0,8,0,0,False,False,False
https://replay.pokemonshowdown.com/gen9vgc2025reghbo3-2466835762-u71tbeco357n4aip5uoiakllorhetucpw,ok,p2,Bloodycheese,Sneasler,Close Combat; Dire Claw; Fake Out; Protect,Poison Touch,Focus Sash,Stellar,False,VGC,2026-09-28T20:46:57,,264,1,4,0,0,13,1,4,0,1,14,0,0,True,False,False
https://replay.pokemonshowdown.com/gen9vgc2025reghbo3-2466835762-u71tbeco357n4aip5uoiakllorhetucpw,ok,p2,Bloodycheese,Primarina,Haze; Hyper Voice; Moonblast; Protect,Liquid Voice,Throat Spray,Poison,False,VGC,2026-09-28T20:46:57,,264,1,4,0,0,13,1,4,0,1,14,0,0,False,False,False
https://replay.pokemonshowdown.com/gen9vgc2025reghbo3-2466835762-u71tbeco357n4aip5uoiakllorhetucpw,ok,p2,Bloodycheese,Kingambit,Kowtow Cleave; Protect; Sucker Punch; Swords Dance,Defiant,Black Glasses,Dark,False,VGC,2026-09-28T20:46:57,,264,1,4,0,0,13,1,4,0,1,14,0,0,False,False,False
https://replay.pokemonshowdown.com/gen9vgc2025reghbo3-2466835762-u71tbeco357n4aip5uoiakllorhetucpw,ok,p2,Bloodycheese,Rillaboom,Fake Out; Grassy Glide; U-turn; Wood Hammer,Grassy Surge,Assault Vest,Fire,False,VGC,2026-09-28T20:46:57,,264,1,4,0,0,13,1,4,0,1,14,0,0,False,False,True
https://replay.pokemonshowdown.com/gen9vgc2025reghbo3-2466835762-u71tbeco357n4aip5uoiakllorhetucpw,ok,p2,Bloodycheese,Electabuzz,Electroweb; Follow Me; Protect; Taunt,Vital Spirit,Eviolite,Fairy,False,VGC,2026-09-28T20:46:57,,264,1,4,0,0,13,1,4,0,1,14,0,0,False,False,False
https://replay.pokemonshowdown.com/gen9vgc2025reghbo3-2466835762-u71tbeco357n4aip5uoiakllorhetucpw,ok,p2,Bloodycheese,Dragapult,Dragon Darts; Outrage; Phantom Force; U-turn,Clear Body,Choice Band,Dragon,False,VGC,2026-09-28T20:46:57,,264,1,4,0,0,13,1,4,0,1,14,0,0,False,False,False
https://replay.pokemonshowdown.com/gen9nationaldex-2469380959-hu5jh8i7e58nd23t7wo66dme68cpbbrpw,ok,p1,bloodycheese,Greninja-*,,,,,True,NAT DEX,2026-09-28T20:46:58,,413,6,2,1,1,25,9,1,0,7,3,0,0,False,False,False
https://replay.pokemonshowdown.com/gen9nationaldex-2469380959-hu5jh8i7e58nd23t7wo66dme68cpbbrpw,ok,p1,bloodycheese,Hawlucha,Close Combat; Iron Head,,White Herb,,True,NAT DEX,2026-09-28T20:46:58,,413,6,2,1,1,25,9,1,0,7,3,0,0,False,False,False
https://replay.pokemonshowdown.com/gen9nationaldex-2469380959-hu5jh8i7e58nd23t7wo66dme68cpbbrpw,ok,p1,bloodycheese,Malamar,Superpower,,,,True,NAT DEX,2026-09-28T20:46:58,,413,6,2,1,1,25,9,1,0,7,3,0,0,True,False,False
https://replay.pokemonshowdown.com/gen9nationaldex-2469380959-hu5jh8i7e58nd23t7wo66dme68cpbbrpw,ok,p1,bloodycheese,Florges,Calm Mind; Moonblast; Stored Power; Wish,,,,True,NAT DEX,2026-09-28T20:46:58,,413,6,2,1,1,25,9,1,0,7,3,0,0,False,False,False
https://replay.pokemonshowdown.com/gen9nationaldex-2469380959-hu5jh8i7e58nd23t7wo66dme68cpbbrpw,ok,p1,bloodycheese,Volcanion,Sludge Bomb,,,,True,NAT DEX,2026-09-28T20:46:58,,413,6,2,1,1,25,9,1,0,7,3,0,0,False,False,False
https://replay.pokemonshowdown.com/gen9nationaldex-2469380959-hu5jh8i7e58nd23t7wo66dme68cpbbrpw,ok,p1,bloodycheese,Goodra-Hisui,Dragon Tail; Heavy Slam,Sap Sipper,,,True,NAT DEX,2026-09-28T20:46:58,Goodra,413,6,2,1,1,25,9,1,0,7,3,0,0,False,False,False
https://replay.pokemonshowdown.com/gen9nationaldex-2469380959-hu5jh8i7e58nd23t7wo66dme68cpbbrpw,ok,p2,CaradeCoso,Klefki,Dazzling Gleam; Light Screen; Reflect; Toxic,,,,False,NAT DEX,2026-09-28T20:46:58,Las perdí,413,2,6,1,1,25,3,1,0,6,1,0,0,False,False,False
https://replay.pokemonshowdown.com/gen9nationaldex-2469380959-hu5jh8i7e58nd23t7wo66dme68cpbbrpw,ok,p2,CaradeCoso,Aerodactyl,Hone Claws,,,,False,NAT DEX,2026-09-28T20:46:58,Tereré,413,2,6,1,1,25,3,1,0,6,1,0,0,False,True,False
https://replay.pokemonshowdown.com/gen9nationaldex-2469380959-hu5jh8i7e58nd23t7wo66dme68cpbbrpw,ok,p2,CaradeCoso,Volcanion,Flamethrower; Scorching Sands; Sludge Wave; Steam Eruption,,,,False,NAT DEX,2026-09-28T20:46:58,Calentón qlo,413,2,6,1,1,25,3,1,0,6,1,0,0,False,False,False
https://replay.pokemonshowdown.com/gen9nationaldex-2469380959-hu5jh8i7e58nd23t7wo66dme68cpbbrpw,ok,p2,CaradeCoso,Slurpuff,Sticky Web,,Sitrus Berry,,False,NAT DEX,2026-09-28T20:46:58,Heladito derretido,413,2,6,1,1,25,3,1,0,6,1,0,0,False,False,False
https://replay.pokemonshowdown.com/gen9nationaldex-2469380959-hu5jh8i7e58nd23t7wo66dme68cpbbrpw,ok,p2,CaradeCoso,Vivillon-Ocean,Hurricane; Sleep Powder,,,,False,NAT DEX,2026-09-28T20:46:58,Vividor,413,2,6,1,1,25,3,1,0,6,1,0,0,False,False,False
https://replay.pokemonshowdown.com/gen9nationaldex-2469380959-hu5jh8i7e58nd23t7wo66dme68cpbbrpw,ok,p2,CaradeCoso,Tyrantrum,Dragon Claw; Dragon Dance,,Weakness Policy,,False,NAT DEX,2026-09-28T20:46:58,Didozaudio,413,2,6,1,1,25,3,1,0,6,1,0,0,True,False,False
https://replay.pokemonshowdown.com/gen9lc-2453431125-79anh6355juo4jhd6gqno2qh1hrruq7pw,ok,p1,bloodycheese,Mienfoo,,,,,True,LC,2026-09-28T20:46:58,,314,6,1,0,0,20,2,0,0,0,3,0,0,False,False,False
https://replay.pokemonshowdown.com/gen9lc-2453431125-79anh6355juo4jhd6gqno2qh1hrruq7pw,ok,p1,bloodycheese,Vullaby,,,,,True,LC,2026-09-28T20:46:58,,314,6,1,0,0,20,2,0,0,0,3,0,0,False,False,False
https://replay.pokemonshowdown.com/gen9lc-2453431125-79anh6355juo4jhd6gqno2qh1hrruq7pw,ok,p1,bloodycheese,Foongus,Giga Drain; Spore,,,Water,True,LC,2026-09-28T20:46:58,,314,6,1,0,0,20,2,0,0,0,3,0,0,False,False,True
https://replay.pokemonshowdown.com/gen9lc-2453431125-79anh6355juo4jhd6gqno2qh1hrruq7pw,ok,p1,bloodycheese,Glimmet,Mud Shot; Stealth Rock,,,,True,LC,2026-09-28T20:46:58,,314,6,1,0,0,20,2,0,0,0,3,0,0,True,False,False
https://replay.pokemonshowdown.com/gen9lc-2453431125-79anh6355juo4jhd6gqno2qh1hrruq7pw,ok,p1,bloodycheese,Stunky,Knock Off,,,,True,LC,2026-09-28T20:46:58,,314,6,1,0,0,20,2,0,0,0,3,0,0,False,False,False
https://replay.pokemonshowdown.com/gen9lc-2453431125-79anh6355juo4jhd6gqno2qh1hrruq7pw,ok,p1,bloodycheese,Elekid,Knock Off; Psychic; Volt Switch,,,,True,LC,2026-09-28T20:46:58,,314,6,1,0,0,20,2,0,0,0,3,0,0,False,False,False
https://replay.pokemonshowdown.com/gen9lc-2453431125-79anh6355juo4jhd6gqno2qh1hrruq7pw,ok,p2,marmanch,Riolu,Close Combat,,,,False,LC,2026-09-28T20:46:58,,314,1,6,0,0,20,0,2,0,0,0,0,0,False,False,False
https://replay.pokemonshowdown.com/gen9lc-2453431125-79anh6355juo4jhd6gqno2qh1hrruq7pw,ok,p2,marmanch,Shroodle,Parting Shot; Rain Dance,,Damp Rock,,False,LC,2026-09-28T20:46:58,,314,1,6,0,0,20,0,2,0,0,0,0,0,True,False,False
https://replay.pokemonshowdown.com/gen9lc-2453431125-79anh6355juo4jhd6gqno2qh1hrruq7pw,ok,p2,marmanch,Buizel,Ice Spinner; Wave Crash,,,,False,LC,2026-09-28T20:46:58,,314,1,6,0,0,20,0,2,0,0,0,0,0,False,False,False
https://replay.pokemonshowdown.com/gen9lc-2453431125-79anh6355juo4jhd6gqno2qh1hrruq7pw,ok,p2,marmanch,Psyduck,Psychic,,Eviolite,Psychic,False,LC,2026-09-28T20:46:58,,314,1,6,0,0,20,0,2,0,0,0,0,0,False,False,True
https://replay.pokemonshowdown.com/gen9lc-2453431125-79anh6355juo4jhd6gqno2qh1hrruq7pw,ok,p2,marmanch,Gothita,Psychic,,,,False,LC,2026-09-28T20:46:58,,314,1,6,0,0,20,0,2,0,0,0,0,0,False,False,False
https://replay.pokemonshowdown.com/gen9lc-2453431125-79anh6355juo4jhd6gqno2qh1hrruq7pw,ok,p2,marmanch,Wattrel,Hurricane; Weather Ball,,Eviolite,,False,LC,2026-09-28T20:46:58,,314,1,6,0,0,20,0,2,0,0,0,0,0,False,False,False
https://replay.pokemonshowdown.com/gen9lc-2456637202-mbhcjfhr3ome4vw876im112ka8wxu8ypw,ok,p1,bloodycheese,Mienfoo,,,,,True,LC,2026-09-28T20:46:59,,521,6,3,2,0,29,5,5,0,1,0,0,0,False,False,False
https://replay.pokemonshowdown.com/gen9lc-2456637202-mbhcjfhr3ome4vw876im112ka8wxu8ypw,ok,p1,bloodycheese,Vullaby,Knock Off,Weak Armor,,,True,LC,2026-09-28T20:46:59,,521,6,3,2,0,29,5,5,0,1,0,0,0,False,False,False
https://replay.pokemonshowdown.com/gen9lc-2456637202-mbhcjfhr3ome4vw876im112ka8wxu8ypw,ok,p1,bloodycheese,Foongus,Sludge Bomb,,,,True,LC,2026-09-28T20:46:59,,521,6,3,2,0,29,5,5,0,1,0,0,0,False,False,False
https://replay.pokemonshowdown.com/gen9lc-2456637202-mbhcjfhr3ome4vw876im112ka8wxu8ypw,ok,p1,bloodycheese,Glimmet,Mud Shot; Power Gem; Sludge Wave; Stealth Rock,,Eviolite,Flying,True,LC,2026-09-28T20:46:59,,521,6,3,2,0,29,5,5,0,1,0,0,0,True,False,True
https://replay.pokemonshowdown.com/gen9lc-2456637202-mbhcjfhr3ome4vw876im112ka8wxu8ypw,ok,p1,bloodycheese,Stunky,Sucker Punch; Temper Flare,,,,True,LC,2026-09-28T20:46:59,,521,6,3,2,0,29,5,5,0,1,0,0,0,False,False,False
https://replay.pokemonshowdown.com/gen9lc-2456637202-mbhcjfhr3ome4vw876im112ka8wxu8ypw,ok,p1,bloodycheese,Elekid,Knock Off; Psychic; Volt Switch,,,,True,LC,2026-09-28T20:46:59,,521,6,3,2,0,29,5,5,0,1,0,0,0,False,False,False
https://replay.pokemonshowdown.com/gen9lc-2456637202-mbhcjfhr3ome4vw876im112ka8wxu8ypw,ok,p2,ultraquesito,Mienfoo,Drain Punch; Fake Out; Rock Tomb; U-turn,,,,False,LC,2026-09-28T20:46:59,,521,3,6,0,2,29,2,2,0,6,3,0,0,False,False,False
https://replay.pokemonshowdown.com/gen9lc-2456637202-mbhcjfhr3ome4vw876im112ka8wxu8ypw,ok,p2,ultraquesito,Tinkatink,Encore; Knock Off; Play Rough; Stealth Rock,Mold Breaker,Eviolite,,False,LC,2026-09-28T20:46:59,,521,3,6,0,2,29,2,2,0,6,3,0,0,False,False,False
https://replay.pokemonshowdown.com/gen9lc-2456637202-mbhcjfhr3ome4vw876im112ka8wxu8ypw,ok,p2,ultraquesito,Axew,Dragon Dance,Mold Breaker,Eviolite,Dragon,False,LC,2026-09-28T20:46:59,,521,3,6,0,2,29,2,2,0,6,3,0,0,False,False,True
https://replay.pokemonshowdown.com/gen9lc-2456637202-mbhcjfhr3ome4vw876im112ka8wxu8ypw,ok,p2,ultraquesito,Foongus,Giga Drain; Sludge Bomb; Spore,,,,False,LC,2026-09-28T20:46:59,,521,3,6,0,2,29,2,2,0,6,3,0,0,False,False,False
https://replay.pokemonshowdown.com/gen9lc-2456637202-mbhcjfhr3ome4vw876im112ka8wxu8ypw,ok,p2,ultraquesito,Toedscool,Rapid Spin,,,,False,LC,2026-09-28T20:46:59,,521,3,6,0,2,29,2,2,0,6,3,0,0,False,False,False
https://replay.pokemonshowdown.com/gen9lc-2456637202-mbhcjfhr3ome4vw876im112ka8wxu8ypw,ok,p2,ultraquesito,Shroodle,Taunt,,Focus Sash,,False,LC,2026-09-28T20:46:59,,521,3,6,0,2,29,2,2,0,6,3,0,0,True,False,False
https://replay.pokemonshowdown.com/gen9lc-2452391154-ic4x0e6gn6dpcm1t9as00hcoo06eifypw,ok,p1,Bloodycheese,Mienfoo,High Jump Kick; Knock Off,,,,True,LC,2026-09-28T20:47:00,,179,6,4,1,1,14,4,0,0,0,0,0,0,False,False,False
https://replay.pokemonshowdown.com/gen9lc-2452391154-ic4x0e6gn6dpcm1t9as00hcoo06eifypw,ok,p1,Bloodycheese,Vullaby,Knock Off,,,Dragon,True,LC,2026-09-28T20:47:00,,179,6,4,1,1,14,4,0,0,0,0,0,0,False,False,True
https://replay.pokemonshowdown.com/gen9lc-2452391154-ic4x0e6gn6dpcm1t9as00hcoo06eifypw,ok,p1,Bloodycheese,Foongus,Sludge Bomb,,,,True,LC,2026-09-28T20:47:00,,179,6,4,1,1,14,4,0,0,0,0,0,0,False,False,False
https://replay.pokemonshowdown.com/gen9lc-2452391154-ic4x0e6gn6dpcm1t9as00hcoo06eifypw,ok,p1,Bloodycheese,Glimmet,Mud Shot; Stealth Rock,,,,True,LC,2026-09-28T20:47:00,,179,6,4,1,1,14,4,0,0,0,0,0,0,True,False,False
https://replay.pokemonshowdown.com/gen9lc-2452391154-ic4x0e6gn6dpcm1t9as00hcoo06eifypw,ok,p1,Bloodycheese,Stunky,Sucker Punch,,,,True,LC,2026-09-28T20:47:00,,179,6,4,1,1,14,4,0,0,0,0,0,0,False,False,False
https://replay.pokemonshowdown.com/gen9lc-2452391154-ic4x0e6gn6dpcm1t9as00hcoo06eifypw,ok,p1,Bloodycheese,Elekid,,,,,True,LC,2026-09-28T20:47:00,,179,6,4,1,1,14,4,0,0,0,0,0,0,False,False,False
https://replay.pokemonshowdown.com/gen9lc-2452391154-ic4x0e6gn6dpcm1t9as00hcoo06eifypw,ok,p2,skll02,Cufant,Earthquake; Stealth Rock,,Eviolite,,False,LC,2026-09-28T20:47:00,,179,4,6,1,1,14,1,0,0,0,0,0,0,True,False,False
https://replay.pokemonshowdown.com/gen9lc-2452391154-ic4x0e6gn6dpcm1t9as00hcoo06eifypw,ok,p2,skll02,Arrokuda,Close Combat,,,,False,LC,2026-09-28T20:47:00,,179,4,6,1,1,14,1,0,0,0,0,0,0,False,False,False
https://replay.pokemonshowdown.com/gen9lc-2452391154-ic4x0e6gn6dpcm1t9as00hcoo06eifypw,ok,p2,skll02,Chinchou,,,Eviolite,,False,LC,2026-09-28T20:47:00,,179,4,6,1,1,14,1,0,0,0,0,0,0,False,False,False
https://replay.pokemonshowdown.com/gen9lc-2452391154-ic4x0e6gn6dpcm1t9as00hcoo06eifypw,ok,p2,skll02,Drifloon,,,Eviolite,,False,LC,2026-09-28T20:47:00,,179,4,6,1,1,14,1,0,0,0,0,0,0,False,False,False
https://replay.pokemonshowdown.com/gen9lc-2452391154-ic4x0e6gn6dpcm1t9as00hcoo06eifypw,ok,p2,skll02,Bramblin,Poltergeist,,,,False,LC,2026-09-28T20:47:00,,179,4,6,1,1,14,1,0,0,0,0,0,0,False,False,False
https://replay.pokemonshowdown.com/gen9lc-2452391154-ic4x0e6gn6dpcm1t9as00hcoo06eifypw,ok,p2,skll02,Pawniard,Iron Head; Sucker Punch,,,Ghost,False,LC,2026-09-28T20:47:00,,179,4,6,1,1,14,1,0,0,0,0,0,0,False,False,True
https://replay.pokemonshowdown.com/gen9nationaldex-2478231710-jy3ghfh52eimo8p0vg9kvp8wt65hd4tpw,ok,p1,bloodycheese,Greninja-*,,,,,True,NAT DEX,2026-09-28T20:47:00,,462,6,2,0,0,17,8,2,0,7,0,0,0,False,False,False
https://replay.pokemonshowdown.com/gen9nationaldex-2478231710-jy3ghfh52eimo8p0vg9kvp8wt65hd4tpw,ok,p1,bloodycheese,Hawlucha,Acrobatics; Close Combat,,White Herb,,True,NAT DEX,2026-09-28T20:47:00,,462,6,2,0,0,17,8,2,0,7,0,0,0,False,False,False
https://replay.pokemonshowdown.com/gen9nationaldex-2478231710-jy3ghfh52eimo8p0vg9kvp8wt65hd4tpw,ok,p1,bloodycheese,Malamar,,,,,True,NAT DEX,2026-09-28T20:47:00,,462,6,2,0,0,17,8,2,0,7,0,0,0,False,False,False
https://replay.pokemonshowdown.com/gen9nationaldex-2478231710-jy3ghfh52eimo8p0vg9kvp8wt65hd4tpw,ok,p1,bloodycheese,Florges,Calm Mind,,,,True,NAT DEX,2026-09-28T20:47:00,,462,6,2,0,0,17,8,2,0,7,0,0,0,False,False,False
https://replay.pokemonshowdown.com/gen9nationaldex-2478231710-jy3ghfh52eimo8p0vg9kvp8wt65hd4tpw,ok,p1,bloodycheese,Volcanion,Flash Cannon; Steam Eruption,,,,True,NAT DEX,2026-09-28T20:47:00,,462,6,2,0,0,17,8,2,0,7,0,0,0,True,False,False
https://replay.pokemonshowdown.com/gen9nationaldex-2478231710-jy3ghfh52eimo8p0vg9kvp8wt65hd4tpw,ok,p1,bloodycheese,Goodra-Hisui,,,,,True,NAT DEX,2026-09-28T20:47:00,Goodra,462,6,2,0,0,17,8,2,0,7,0,0,0,False,False,False
https://replay.pokemonshowdown.com/gen9nationaldex-2478231710-jy3ghfh52eimo8p0vg9kvp8wt65hd4tpw,ok,p2,trnchi,Greninja-*,,,,,False,NAT DEX,2026-09-28T20:47:00,,462,2,6,0,0,17,1,2,2,0,2,0,0,False,False,False
https://replay.pokemonshowdown.com/gen9nationaldex-2478231710-jy3ghfh52eimo8p0vg9kvp8wt65hd4tpw,ok,p2,trnchi,Aurorus,Aurora Veil,,,,False,NAT DEX,2026-09-28T20:47:00,,462,2,6,0,0,17,1,2,2,0,2,0,0,True,False,False
https://replay.pokemonshowdown.com/gen9nationaldex-2478231710-jy3ghfh52eimo8p0vg9kvp8wt65hd4tpw,ok,p2,trnchi,Aegislash,Close Combat; Never-Ending Nightmare,,,,False,NAT DEX,2026-09-28T20:47:00,,462,2,6,0,0,17,1,2,2,0,2,0,0,False,False,False
https://replay.pokemonshowdown.com/gen9nationaldex-2478231710-jy3ghfh52eimo8p0vg9kvp8wt65hd4tpw,ok,p2,trnchi,Goodra-Hisui,Flamethrower,,,,False,NAT DEX,2026-09-28T20:47:00,Goodra,462,2,6,0,0,17,1,2,2,0,2,0,0,False,False,False
https://replay.pokemonshowdown.com/gen9nationaldex-2478231710-jy3ghfh52eimo8p0vg9kvp8wt65hd4tpw,ok,p2,trnchi,Zygarde-10%,Extreme Speed; Outrage,Aura Break,,,False,NAT DEX,2026-09-28T20:47:00,Zygarde,462,2,6,0,0,17,1,2,2,0,2,0,0,False,False,False
https://replay.pokemonshowdown.com/gen9nationaldex-2478231710-jy3ghfh52eimo8p0vg9kvp8wt65hd4tpw,ok,p2,trnchi,Talonflame,,,,,False,NAT DEX,2026-09-28T20:47:00,,462,2,6,0,0,17,1,2,2,0,2,0,0,False,False,False
https://replay.pokemonshowdown.com/gen9nationaldex-2487003384-dq5lloewjya8gqfjv15nl9uun9x3bmvpw,ok,p1,bloodycheese,Greninja-*,,,,,True,NAT DEX,2026-09-28T20:47:01,,348,6,4,0,0,14,11,1,0,7,0,0,0,False,False,False
https://replay.pokemonshowdown.com/gen9nationaldex-2487003384-dq5lloewjya8gqfjv15nl9uun9x3bmvpw,ok,p1,bloodycheese,Hawlucha,Iron Head; Throat Chop,,,,True,NAT DEX,2026-09-28T20:47:01,,348,6,4,0,0,14,11,1,0,7,0,0,0,False,False,False
https://replay.pokemonshowdown.com/gen9nationaldex-2487003384-dq5lloewjya8gqfjv15nl9uun9x3bmvpw,ok,p1,bloodycheese,Malamar,Superpower,,,,True,NAT DEX,2026-09-28T20:47:01,,348,6,4,0,0,14,11,1,0,7,0,0,0,True,False,False
https://replay.pokemonshowdown.com/gen9nationaldex-2487003384-dq5lloewjya8gqfjv15nl9uun9x3bmvpw,ok,p1,bloodycheese,Florges,,,,,True,NAT DEX,2026-09-28T20:47:01,,348,6,4,0,0,14,11,1,0,7,0,0,0,False,False,False
https://replay.pokemonshowdown.com/gen9nationaldex-2487003384-dq5lloewjya8gqfjv15nl9uun9x3bmvpw,ok,p1,bloodycheese,Volcanion,Sludge Bomb; Steam Eruption,,,,True,NAT DEX,2026-09-28T20:47:01,,348,6,4,0,0,14,11,1,0,7,0,0,0,False,False,False
https://replay.pokemonshowdown.com/gen9nationaldex-2487003384-dq5lloewjya8gqfjv15nl9uun9x3bmvpw,ok,p1,bloodycheese,Lopunny,Close Combat,,,,True,NAT DEX,2026-09-28T20:47:01,,348,6,4,0,0,14,11,1,0,7,0,0,0,False,True,False
https://replay.pokemonshowdown.com/gen9nationaldex-2487003384-dq5lloewjya8gqfjv15nl9uun9x3bmvpw,ok,p2,Akaru Wuasap,Diancie,Earth Power,,,,False,NAT DEX,2026-09-28T20:47:01,,348,4,6,0,0,14,1,1,0,2,0,0,0,False,True,False
https://replay.pokemonshowdown.com/gen9nationaldex-2487003384-dq5lloewjya8gqfjv15nl9uun9x3bmvpw,ok,p2,Akaru Wuasap,Aegislash,Shadow Ball,,Weakness Policy,,False,NAT DEX,2026-09-28T20:47:01,,348,4,6,0,0,14,1,1,0,2,0,0,0,False,False,False
https://replay.pokemonshowdown.com/gen9nationaldex-2487003384-dq5lloewjya8gqfjv15nl9uun9x3bmvpw,ok,p2,Akaru Wuasap,Talonflame,,,,,False,NAT DEX,2026-09-28T20:47:01,,348,4,6,0,0,14,1,1,0,2,0,0,0,False,False,False
https://replay.pokemonshowdown.com/gen9nationaldex-2487003384-dq5lloewjya8gqfjv15nl9uun9x3bmvpw,ok,p2,Akaru Wuasap,Greninja-*,,,,,False,NAT DEX,2026-09-28T20:47:01,,348,4,6,0,0,14,1,1,0,2,0,0,0,False,False,False
https://replay.pokemonshowdown.com/gen9nationaldex-2487003384-dq5lloewjya8gqfjv15nl9uun9x3bmvpw,ok,p2,Akaru Wuasap,Barbaracle,Liquidation; Stealth Rock,,,,False,NAT DEX,2026-09-28T20:47:01,,348,4,6,0,0,14,1,1,0,2,0,0,0,True,False,False
https://replay.pokemonshowdown.com/gen9nationaldex-2487003384-dq5lloewjya8gqfjv15nl9uun9x3bmvpw,ok,p2,Akaru Wuasap,Diggersby,Frustration; U-turn,,,,False,NAT DEX,2026-09-28T20:47:01,,348,4,6,0,0,14,1,1,0,2,0,0,0,False,False,False
https://replay.pokemonshowdown.com/gen9nationaldex-2487025440-mmrc8exnpamxdg9m6wy08s0tlw6j60ipw,ok,p1,Fur4nk0,Garchomp,Draco Meteor; Earthquake,,,,True,NAT DEX,2026-09-28T20:47:02,Chomp-Chomp,356,6,3,1,2,44,3,2,0,0,21,0,0,False,True,False
https://replay.pokemonshowdown.com/gen9nationaldex-2487025440-mmrc8exnpamxdg9m6wy08s0tlw6j60ipw,ok,p1,Fur4nk0,Talonflame,U-turn; Will-O-Wisp,,Heavy-Duty Boots,,True,NAT DEX,2026-09-28T20:47:02,Riza,356,6,3,1,2,44,3,2,0,0,21,0,0,False,False,False
https://replay.pokemonshowdown.com/gen9nationaldex-2487025440-mmrc8exnpamxdg9m6wy08s0tlw6j60ipw,ok,p1,Fur4nk0,Chesnaught,Body Press; Knock Off; Synthesis,,Choice Scarf,,True,NAT DEX,2026-09-28T20:47:02,BoeeeEe,356,6,3,1,2,44,3,2,0,0,21,0,0,False,False,False
https://replay.pokemonshowdown.com/gen9nationaldex-2487025440-mmrc8exnpamxdg9m6wy08s0tlw6j60ipw,ok,p1,Fur4nk0,Aegislash,King's Shield; Shadow Ball; Substitute; Toxic,,,,True,NAT DEX,2026-09-28T20:47:02,IgnoraYNiega 🗣️,356,6,3,1,2,44,3,2,0,0,21,0,0,False,False,False
https://replay.pokemonshowdown.com/gen9nationaldex-2487025440-mmrc8exnpamxdg9m6wy08s0tlw6j60ipw,ok,p1,Fur4nk0,Hoopa-Unbound,Drain Punch,,,,True,NAT DEX,2026-09-28T20:47:02,CaraDeHoyo,356,6,3,1,2,44,3,2,0,0,21,0,0,False,False,False
https://replay.pokemonshowdown.com/gen9nationaldex-2487025440-mmrc8exnpamxdg9m6wy08s0tlw6j60ipw,ok,p1,Fur4nk0,Greninja-*,,,,,True,NAT DEX,2026-09-28T20:47:02,,356,6,3,1,2,44,3,2,0,0,21,0,0,False,False,False
https://replay.pokemonshowdown.com/gen9nationaldex-2487025440-mmrc8exnpamxdg9m6wy08s0tlw6j60ipw,ok,p2,bloodycheese,Greninja-*,,,,,False,NAT DEX,2026-09-28T20:47:02,,356,3,6,2,1,44,3,12,0,5,0,0,0,False,False,False
https://replay.pokemonshowdown.com/gen9nationaldex-2487025440-mmrc8exnpamxdg9m6wy08s0tlw6j60ipw,ok,p2,bloodycheese,Hawlucha,Close Combat; Swords Dance; Throat Chop,,White Herb,,False,NAT DEX,2026-09-28T20:47:02,,356,3,6,2,1,44,3,12,0,5,0,0,0,False,False,False
https://replay.pokemonshowdown.com/gen9nationaldex-2487025440-mmrc8exnpamxdg9m6wy08s0tlw6j60ipw,ok,p2,bloodycheese,Malamar,Knock Off; Psycho Cut; Trick,,Rocky Helmet,,False,NAT DEX,2026-09-28T20:47:02,,356,3,6,2,1,44,3,12,0,5,0,0,0,False,False,False
https://replay.pokemonshowdown.com/gen9nationaldex-2487025440-mmrc8exnpamxdg9m6wy08s0tlw6j60ipw,ok,p2,bloodycheese,Florges,Calm Mind; Heal Bell; Moonblast; Stored Power,,Leftovers,,False,NAT DEX,2026-09-28T20:47:02,,356,3,6,2,1,44,3,12,0,5,0,0,0,False,False,False
https://replay.pokemonshowdown.com/gen9nationaldex-2487025440-mmrc8exnpamxdg9m6wy08s0tlw6j60ipw,ok,p2,bloodycheese,Volcanion,Flamethrower; Steam Eruption,,,,False,NAT DEX,2026-09-28T20:47:02,,356,3,6,2,1,44,3,12,0,5,0,0,0,False,False,False
https://replay.pokemonshowdown.com/gen9nationaldex-2487025440-mmrc8exnpamxdg9m6wy08s0tlw6j60ipw,ok,p2,bloodycheese,Lopunny,Fake Out,,,,False,NAT DEX,2026-09-28T20:47:02,,356,3,6,2,1,44,3,12,0,5,0,0,0,True,True,False
https://replay.pokemonshowdown.com/gen9lc-2472453208-pojo9s54qo77gklpbac8fsxi4g6sf6mpw,ok,p1,Bloodycheese,Mienfoo,,,,,True,LC,2026-09-28T20:47:02,,225,6,2,1,0,16,4,1,0,2,1,0,0,False,False,False
https://replay.pokemonshowdown.com/gen9lc-2472453208-pojo9s54qo77gklpbac8fsxi4g6sf6mpw,ok,p1,Bloodycheese,Vullaby,Brave Bird; Knock Off,Weak Armor,,,True,LC,2026-09-28T20:47:02,,225,6,2,1,0,16,4,1,0,2,1,0,0,False,False,False
https://replay.pokemonshowdown.com/gen9lc-2472453208-pojo9s54qo77gklpbac8fsxi4g6sf6mpw,ok,p1,Bloodycheese,Grookey,Grassy Glide,,,,True,LC,2026-09-28T20:47:02,,225,6,2,1,0,16,4,1,0,2,1,0,0,False,False,False
https://replay.pokemonshowdown.com/gen9lc-2472453208-pojo9s54qo77gklpbac8fsxi4g6sf6mpw,ok,p1,Bloodycheese,Glimmet,Mud Shot; Power Gem,,Eviolite,,True,LC,2026-09-28T20:47:02,,225,6,2,1,0,16,4,1,0,2,1,0,0,True,False,False
https://replay.pokemonshowdown.com/gen9lc-2472453208-pojo9s54qo77gklpbac8fsxi4g6sf6mpw,ok,p1,Bloodycheese,Stunky,Knock Off; Sucker Punch; Temper Flare,,,Dark,True,LC,2026-09-28T20:47:02,,225,6,2,1,0,16,4,1,0,2,1,0,0,False,False,True
https://replay.pokemonshowdown.com/gen9lc-2472453208-pojo9s54qo77gklpbac8fsxi4g6sf6mpw,ok,p1,Bloodycheese,Elekid,Discharge; Focus Blast; Volt Switch,,,,True,LC,2026-09-28T20:47:02,,225,6,2,1,0,16,4,1,0,2,1,0,0,False,False,False
https://replay.pokemonshowdown.com/gen9lc-2472453208-pojo9s54qo77gklpbac8fsxi4g6sf6mpw,ok,p2,SasoriVzla7,Growlithe-Hisui,Head Smash,,,,False,LC,2026-09-28T20:47:02,Growlithe,225,2,6,0,1,16,3,0,0,3,1,0,0,True,False,False
https://replay.pokemonshowdown.com/gen9lc-2472453208-pojo9s54qo77gklpbac8fsxi4g6sf6mpw,ok,p2,SasoriVzla7,Koffing,Will-O-Wisp,,Eviolite,,False,LC,2026-09-28T20:47:02,,225,2,6,0,1,16,3,0,0,3,1,0,0,False,False,False
https://replay.pokemonshowdown.com/gen9lc-2472453208-pojo9s54qo77gklpbac8fsxi4g6sf6mpw,ok,p2,SasoriVzla7,Vullaby,Knock Off,,,,False,LC,2026-09-28T20:47:02,,225,2,6,0,1,16,3,0,0,3,1,0,0,False,False,False
https://replay.pokemonshowdown.com/gen9lc-2472453208-pojo9s54qo77gklpbac8fsxi4g6sf6mpw,ok,p2,SasoriVzla7,Magnemite,,,,,False,LC,2026-09-28T20:47:02,,225,2,6,0,1,16,3,0,0,3,1,0,0,False,False,False
https://replay.pokemonshowdown.com/gen9lc-2472453208-pojo9s54qo77gklpbac8fsxi4g6sf6mpw,ok,p2,SasoriVzla7,Shellder,Icicle Spear; Shell Smash,,Eviolite,,False,LC,2026-09-28T20:47:02,,225,2,6,0,1,16,3,0,0,3,1,0,0,False,False,False
https://replay.pokemonshowdown.com/gen9lc-2472453208-pojo9s54qo77gklpbac8fsxi4g6sf6mpw,ok,p2,SasoriVzla7,Scorbunny,Flare Blitz; Sucker Punch,,,,False,LC,2026-09-28T20:47:02,,225,2,6,0,1,16,3,0,0,3,1,0,0,False,False,False
https://replay.pokemonshowdown.com/gen9lc-2476246916-r4bccvjkjrmuqp6gv8yjl3r4m1ayhc5pw,ok,p1,Bloodycheese,Mienfoo,,,,,True,LC,2026-09-28T20:47:03,,390,6,5,0,0,21,2,1,0,3,9,0,0,False,False,False
https://replay.pokemonshowdown.com/gen9lc-2476246916-r4bccvjkjrmuqp6gv8yjl3r4m1ayhc5pw,ok,p1,Bloodycheese,Vullaby,Brave Bird; Knock Off; Roost,Weak Armor,,,True,LC,2026-09-28T20:47:03,,390,6,5,0,0,21,2,1,0,3,9,0,0,False,False,False
https://replay.pokemonshowdown.com/gen9lc-2476246916-r4bccvjkjrmuqp6gv8yjl3r4m1ayhc5pw,ok,p1,Bloodycheese,Grookey,Grassy Glide; Swords Dance,,,,True,LC,2026-09-28T20:47:03,,390,6,5,0,0,21,2,1,0,3,9,0,0,False,False,False
https://replay.pokemonshowdown.com/gen9lc-2476246916-r4bccvjkjrmuqp6gv8yjl3r4m1ayhc5pw,ok,p1,Bloodycheese,Glimmet,Mud Shot; Power Gem,,,,True,LC,2026-09-28T20:47:03,,390,6,5,0,0,21,2,1,0,3,9,0,0,True,False,False
https://replay.pokemonshowdown.com/gen9lc-2476246916-r4bccvjkjrmuqp6gv8yjl3r4m1ayhc5pw,ok,p1,Bloodycheese,Stunky,Knock Off; Sucker Punch,,,,True,LC,2026-09-28T20:47:03,,390,6,5,0,0,21,2,1,0,3,9,0,0,False,False,False
https://replay.pokemonshowdown.com/gen9lc-2476246916-r4bccvjkjrmuqp6gv8yjl3r4m1ayhc5pw,ok,p1,Bloodycheese,Elekid,Psychic,,,Psychic,True,LC,2026-09-28T20:47:03,,390,6,5,0,0,21,2,1,0,3,9,0,0,False,False,True
https://replay.pokemonshowdown.com/gen9lc-2476246916-r4bccvjkjrmuqp6gv8yjl3r4m1ayhc5pw,ok,p2,adpg.alt,Shroodle,Rain Dance; U-turn,,Damp Rock,,False,LC,2026-09-28T20:47:03,,390,5,6,0,0,21,5,2,0,0,8,0,0,False,False,False
https://replay.pokemonshowdown.com/gen9lc-2476246916-r4bccvjkjrmuqp6gv8yjl3r4m1ayhc5pw,ok,p2,adpg.alt,Buizel,Aqua Jet; Liquidation,,,,False,LC,2026-09-28T20:47:03,,390,5,6,0,0,21,5,2,0,0,8,0,0,False,False,False
https://replay.pokemonshowdown.com/gen9lc-2476246916-r4bccvjkjrmuqp6gv8yjl3r4m1ayhc5pw,ok,p2,adpg.alt,Dewpider,,,,,False,LC,2026-09-28T20:47:03,,390,5,6,0,0,21,5,2,0,0,8,0,0,False,False,False
https://replay.pokemonshowdown.com/gen9lc-2476246916-r4bccvjkjrmuqp6gv8yjl3r4m1ayhc5pw,ok,p2,adpg.alt,Drilbur,High Horsepower; Poison Jab; Stealth Rock,Mold Breaker,Eviolite,Poison,False,LC,2026-09-28T20:47:03,,390,5,6,0,0,21,5,2,0,0,8,0,0,False,False,True
https://replay.pokemonshowdown.com/gen9lc-2476246916-r4bccvjkjrmuqp6gv8yjl3r4m1ayhc5pw,ok,p2,adpg.alt,Elekid,Psychic; Thunder; Volt Switch,,,,False,LC,2026-09-28T20:47:03,,390,5,6,0,0,21,5,2,0,0,8,0,0,True,False,False
https://replay.pokemonshowdown.com/gen9lc-2476246916-r4bccvjkjrmuqp6gv8yjl3r4m1ayhc5pw,ok,p2,adpg.alt,Grookey,U-turn; Wood Hammer,,Eviolite,,False,LC,2026-09-28T20:47:03,,390,5,6,0,0,21,5,2,0,0,8,0,0,False,False,False
https://replay.pokemonshowdown.com/gen9lc-2478902327-xiukg2yr29ngotpl5ye3svx1lwms9rspw,ok,p1,bloodycheese,Mienfoo,Drain Punch; Knock Off; U-turn,,,,False,LC,2026-09-28T20:47:04,,402,4,6,0,0,25,5,5,0,1,7,0,0,False,False,False
https://replay.pokemonshowdown.com/gen9lc-2478902327-xiukg2yr29ngotpl5ye3svx1lwms9rspw,ok,p1,bloodycheese,Vullaby,Brave Bird; Heat Wave,Weak Armor,Eviolite,,False,LC,2026-09-28T20:47:04,,402,4,6,0,0,25,5,5,0,1,7,0,0,False,False,False
https://replay.pokemonshowdown.com/gen9lc-2478902327-xiukg2yr29ngotpl5ye3svx1lwms9rspw,ok,p1,bloodycheese,Grookey,Drain Punch; Grassy Glide,,,,False,LC,2026-09-28T20:47:04,,402,4,6,0,0,25,5,5,0,1,7,0,0,False,False,False
https://replay.pokemonshowdown.com/gen9lc-2478902327-xiukg2yr29ngotpl5ye3svx1lwms9rspw,ok,p1,bloodycheese,Glimmet,Sludge Wave; Stealth Rock,,,Flying,False,LC,2026-09-28T20:47:04,,402,4,6,0,0,25,5,5,0,1,7,0,0,True,False,True
https://replay.pokemonshowdown.com/gen9lc-2478902327-xiukg2yr29ngotpl5ye3svx1lwms9rspw,ok,p1,bloodycheese,Stunky,Gunk Shot; Temper Flare,,Eviolite,,False,LC,2026-09-28T20:47:04,,402,4,6,0,0,25,5,5,0,1,7,0,0,False,False,False
https://replay.pokemonshowdown.com/gen9lc-2478902327-xiukg2yr29ngotpl5ye3svx1lwms9rspw,ok,p1,bloodycheese,Elekid,Psychic,,Eviolite,,False,LC,2026-09-28T20:47:04,,402,4,6,0,0,25,5,5,0,1,7,0,0,False,False,False
https://replay.pokemonshowdown.com/gen9lc-2478902327-xiukg2yr29ngotpl5ye3svx1lwms9rspw,ok,p2,riizexyz,Glimmet,Mud Shot; Spikes,,,,True,LC,2026-09-28T20:47:04,DeToSic,402,6,4,0,0,25,3,2,0,7,7,0,0,False,False,False
https://replay.pokemonshowdown.com/gen9lc-2478902327-xiukg2yr29ngotpl5ye3svx1lwms9rspw,ok,p2,riizexyz,Mienfoo,Fake Out; Knock Off; U-turn,,,Steel,True,LC,2026-09-28T20:47:04,FooPokShow,402,6,4,0,0,25,3,2,0,7,7,0,0,False,False,True
https://replay.pokemonshowdown.com/gen9lc-2478902327-xiukg2yr29ngotpl5ye3svx1lwms9rspw,ok,p2,riizexyz,Growlithe-Hisui,,,,,True,LC,2026-09-28T20:47:04,,402,6,4,0,0,25,3,2,0,7,7,0,0,False,False,False
https://replay.pokemonshowdown.com/gen9lc-2478902327-xiukg2yr29ngotpl5ye3svx1lwms9rspw,ok,p2,riizexyz,Pawniard,Iron Head,,,,True,LC,2026-09-28T20:47:04,SanPawDos,402,6,4,0,0,25,3,2,0,7,7,0,0,False,False,False
https://replay.pokemonshowdown.com/gen9lc-2478902327-xiukg2yr29ngotpl5ye3svx1lwms9rspw,ok,p2,riizexyz,Mudbray,Body Slam; High Horsepower; Roar; Stealth Rock,Stamina,Eviolite,,True,LC,2026-09-28T20:47:04,MissPorStalk,402,6,4,0,0,25,3,2,0,7,7,0,0,True,False,False
https://replay.pokemonshowdown.com/gen9lc-2478902327-xiukg2yr29ngotpl5ye3svx1lwms9rspw,ok,p2,riizexyz,Vullaby,Brave Bird; Knock Off; Roost,Weak Armor,,,True,LC,2026-09-28T20:47:04,VelPluSalgo,402,6,4,0,0,25,3,2,0,7,7,0,0,False,False,False
https://replay.pokemonshowdown.com/gen9lc-2484602234-1yjevgxkwsauj6bqnkju7gtexnk4bdqpw,ok,p1,Bloodycheese,Mienfoo,Drain Punch,,,,False,LC,2026-09-28T20:47:04,,556,3,6,0,0,28,4,2,0,1,5,0,0,False,False,False
https://replay.pokemonshowdown.com/gen9lc-2484602234-1yjevgxkwsauj6bqnkju7gtexnk4bdqpw,ok,p1,Bloodycheese,Vullaby,Heat Wave; Toxic,,,Dragon,False,LC,2026-09-28T20:47:04,,556,3,6,0,0,28,4,2,0,1,5,0,0,True,False,True
https://replay.pokemonshowdown.com/gen9lc-2484602234-1yjevgxkwsauj6bqnkju7gtexnk4bdqpw,ok,p1,Bloodycheese,Grookey,Acrobatics; Swords Dance,,,,False,LC,2026-09-28T20:47:04,,556,3,6,0,0,28,4,2,0,1,5,0,0,False,False,False
https://replay.pokemonshowdown.com/gen9lc-2484602234-1yjevgxkwsauj6bqnkju7gtexnk4bdqpw,ok,p1,Bloodycheese,Glimmet,Mud Shot; Power Gem; Sludge Wave; Stealth Rock,,Eviolite,,False,LC,2026-09-28T20:47:04,,556,3,6,0,0,28,4,2,0,1,5,0,0,False,False,False
https://replay.pokemonshowdown.com/gen9lc-2484602234-1yjevgxkwsauj6bqnkju7gtexnk4bdqpw,ok,p1,Bloodycheese,Stunky,Temper Flare,,Eviolite,,False,LC,2026-09-28T20:47:04,,556,3,6,0,0,28,4,2,0,1,5,0,0,False,False,False
https://replay.pokemonshowdown.com/gen9lc-2484602234-1yjevgxkwsauj6bqnkju7gtexnk4bdqpw,ok,p1,Bloodycheese,Elekid,Discharge; Psychic; Volt Switch,,Eviolite,,False,LC,2026-09-28T20:47:04,,556,3,6,0,0,28,4,2,0,1,5,0,0,False,False,False
https://replay.pokemonshowdown.com/gen9lc-2484602234-1yjevgxkwsauj6bqnkju7gtexnk4bdqpw,ok,p2,adpg.alt,Mienfoo,Close Combat,,,Fighting,True,LC,2026-09-28T20:47:04,,556,6,3,0,0,28,4,3,0,1,10,0,0,False,False,True
https://replay.pokemonshowdown.com/gen9lc-2484602234-1yjevgxkwsauj6bqnkju7gtexnk4bdqpw,ok,p2,adpg.alt,Vullaby,Brave Bird; Knock Off,Weak Armor,,,True,LC,2026-09-28T20:47:04,,556,6,3,0,0,28,4,3,0,1,10,0,0,False,False,False
https://replay.pokemonshowdown.com/gen9lc-2484602234-1yjevgxkwsauj6bqnkju7gtexnk4bdqpw,ok,p2,adpg.alt,Stunky,,,,,True,LC,2026-09-28T20:47:04,,556,6,3,0,0,28,4,3,0,1,10,0,0,False,False,False
https://replay.pokemonshowdown.com/gen9lc-2484602234-1yjevgxkwsauj6bqnkju7gtexnk4bdqpw,ok,p2,adpg.alt,Foongus,Giga Drain,,,,True,LC,2026-09-28T20:47:04,,556,6,3,0,0,28,4,3,0,1,10,0,0,False,False,False
https://replay.pokemonshowdown.com/gen9lc-2484602234-1yjevgxkwsauj6bqnkju7gtexnk4bdqpw,ok,p2,adpg.alt,Chinchou,Ice Beam; Volt Switch,,,,True,LC,2026-09-28T20:47:04,,556,6,3,0,0,28,4,3,0,1,10,0,0,True,False,False
https://replay.pokemonshowdown.com/gen9lc-2484602234-1yjevgxkwsauj6bqnkju7gtexnk4bdqpw,ok,p2,adpg.alt,Tinkatink,Draining Kiss; Knock Off; Stealth Rock; Thunder Wave,,,,True,LC,2026-09-28T20:47:04,,556,6,3,0,0,28,4,3,0,1,10,0,0,False,False,False
https://replay.pokemonshowdown.com/gen9randombattle-2485008904-pgja2e4a34rw1xcui95q1jjbu953jdrpw,ok,p1,WlDino,Samurott,Sacred Sword,,,,False,RANDOM SINGLES,2026-09-28T20:47:05,,526,4,6,0,0,23,4,1,0,2,6,0,0,True,False,False
https://replay.pokemonshowdown.com/gen9randombattle-2485008904-pgja2e4a34rw1xcui95q1jjbu953jdrpw,ok,p1,WlDino,Dodrio,Brave Bird; Double-Edge; Drill Run,,,,False,RANDOM SINGLES,2026-09-28T20:47:05,,526,4,6,0,0,23,4,1,0,2,6,0,0,False,False,False
https://replay.pokemonshowdown.com/gen9randombattle-2485008904-pgja2e4a34rw1xcui95q1jjbu953jdrpw,ok,p1,WlDino,Arceus-Dark,Calm Mind; Judgment; Recover; Sludge Bomb,,,,False,RANDOM SINGLES,2026-09-28T20:47:05,Arceus,526,4,6,0,0,23,4,1,0,2,6,0,0,False,False,False
https://replay.pokemonshowdown.com/gen9randombattle-2485008904-pgja2e4a34rw1xcui95q1jjbu953jdrpw,ok,p1,WlDino,Dragalge,Draco Meteor; Toxic,,,,False,RANDOM SINGLES,2026-09-28T20:47:05,,526,4,6,0,0,23,4,1,0,2,6,0,0,False,False,False
https://replay.pokemonshowdown.com/gen9randombattle-2485008904-pgja2e4a34rw1xcui95q1jjbu953jdrpw,ok,p1,WlDino,Regieleki,Explosion; Thunderbolt,,,,False,RANDOM SINGLES,2026-09-28T20:47:05,,526,4,6,0,0,23,4,1,0,2,6,0,0,False,False,False
https://replay.pokemonshowdown.com/gen9randombattle-2485008904-pgja2e4a34rw1xcui95q1jjbu953jdrpw,ok,p1,WlDino,Granbull,Earthquake,Intimidate,,Ground,False,RANDOM SINGLES,2026-09-28T20:47:05,,526,4,6,0,0,23,4,1,0,2,6,0,0,False,False,True
https://replay.pokemonshowdown.com/gen9randombattle-2485008904-pgja2e4a34rw1xcui95q1jjbu953jdrpw,ok,p2,bloodycheese,Tauros,Body Slam; Close Combat,,,,True,RANDOM SINGLES,2026-09-28T20:47:05,,526,6,4,0,0,23,3,0,0,2,15,0,0,True,False,False
https://replay.pokemonshowdown.com/gen9randombattle-2485008904-pgja2e4a34rw1xcui95q1jjbu953jdrpw,ok,p2,bloodycheese,Lunala,Calm Mind; Moongeist Beam; Moonlight; Psyshock,,,,True,RANDOM SINGLES,2026-09-28T20:47:05,,526,6,4,0,0,23,3,0,0,2,15,0,0,False,False,False
https://replay.pokemonshowdown.com/gen9randombattle-2485008904-pgja2e4a34rw1xcui95q1jjbu953jdrpw,ok,p2,bloodycheese,Garchomp,Dragon Tail,,,,True,RANDOM SINGLES,2026-09-28T20:47:05,,526,6,4,0,0,23,3,0,0,2,15,0,0,False,False,False
https://replay.pokemonshowdown.com/gen9randombattle-2485008904-pgja2e4a34rw1xcui95q1jjbu953jdrpw,ok,p2,bloodycheese,Decidueye-Hisui,Leaf Blade; Triple Arrows,,,Steel,True,RANDOM SINGLES,2026-09-28T20:47:05,Decidueye,526,6,4,0,0,23,3,0,0,2,15,0,0,False,False,True
https://replay.pokemonshowdown.com/gen9randombattle-2485008904-pgja2e4a34rw1xcui95q1jjbu953jdrpw,ok,p2,bloodycheese,Scovillain,Flamethrower; Leech Seed,,,,True,RANDOM SINGLES,2026-09-28T20:47:05,,526,6,4,0,0,23,3,0,0,2,15,0,0,False,False,False
https://replay.pokemonshowdown.com/gen9vgc2025reghbo3-2469376060-1b3t6aica4e855nmq56qk5mofpkayw5pw,ok,p1,bloodycheese,Sneasler,Close Combat; Dire Claw; Fake Out; Protect,Poison Touch,Focus Sash,Stellar,False,VGC,2026-09-28T20:47:06,,217,3,4,0,0,7,1,0,0,1,2,0,0,True,False,False
https://replay.pokemonshowdown.com/gen9vgc2025reghbo3-2469376060-1b3t6aica4e855nmq56qk5mofpkayw5pw,ok,p1,bloodycheese,Primarina,Haze; Hyper Voice; Moonblast; Protect,Liquid Voice,Throat Spray,Poison,False,VGC,2026-09-28T20:47:06,,217,3,4,0,0,7,1,0,0,1,2,0,0,False,False,False
https://replay.pokemonshowdown.com/gen9vgc2025reghbo3-2469376060-1b3t6aica4e855nmq56qk5mofpkayw5pw,ok,p1,bloodycheese,Kingambit,Kowtow Cleave; Protect; Sucker Punch; Swords Dance,Defiant,Black Glasses,Dark,False,VGC,2026-09-28T20:47:06,,217,3,4,0,0,7,1,0,0,1,2,0,0,False,False,True
https://replay.pokemonshowdown.com/gen9vgc2025reghbo3-2469376060-1b3t6aica4e855nmq56qk5mofpkayw5pw,ok,p1,bloodycheese,Rillaboom,Fake Out; Grassy Glide; U-turn; Wood Hammer,Grassy Surge,Assault Vest,Fire,False,VGC,2026-09-28T20:47:06,,217,3,4,0,0,7,1,0,0,1,2,0,0,False,False,False
https://replay.pokemonshowdown.com/gen9vgc2025reghbo3-2469376060-1b3t6aica4e855nmq56qk5mofpkayw5pw,ok,p1,bloodycheese,Electabuzz,Electroweb; Follow Me; Protect; Taunt,Vital Spirit,Eviolite,Fairy,False,VGC,2026-09-28T20:47:06,,217,3,4,0,0,7,1,0,0,1,2,0,0,False,False,False
https://replay.pokemonshowdown.com/gen9vgc2025reghbo3-2469376060-1b3t6aica4e855nmq56qk5mofpkayw5pw,ok,p1,bloodycheese,Dragapult,Dragon Darts; Outrage; Phantom Force; U-turn,Clear Body,Choice Band,Dragon,False,VGC,2026-09-28T20:47:06,,217,3,4,0,0,7,1,0,0,1,2,0,0,False,False,False
https://replay.pokemonshowdown.com/gen9vgc2025reghbo3-2469376060-1b3t6aica4e855nmq56qk5mofpkayw5pw,ok,p2,Edgardvgc2189,Indeedee-F,Follow Me; Helping Hand; Psychic; Trick Room,Psychic Surge,Safety Goggles,Water,True,VGC,2026-09-28T20:47:06,Indeedee,217,4,3,0,0,7,1,0,1,1,2,0,0,True,False,False
https://replay.pokemonshowdown.com/gen9vgc2025reghbo3-2469376060-1b3t6aica4e855nmq56qk5mofpkayw5pw,ok,p2,Edgardvgc2189,Torkoal,Earth Power; Eruption; Heat Wave; Weather Ball,Drought,Choice Specs,Fire,True,VGC,2026-09-28T20:47:06,,217,4,3,0,0,7,1,0,1,1,2,0,0,False,False,False
https://replay.pokemonshowdown.com/gen9vgc2025reghbo3-2469376060-1b3t6aica4e855nmq56qk5mofpkayw5pw,ok,p2,Edgardvgc2189,Gallade,Psycho Cut; Sacred Sword; Trick Room; Wide Guard,Sharpness,Clear Amulet,Steel,True,VGC,2026-09-28T20:47:06,,217,4,3,0,0,7,1,0,1,1,2,0,0,False,False,True
https://replay.pokemonshowdown.com/gen9vgc2025reghbo3-2469376060-1b3t6aica4e855nmq56qk5mofpkayw5pw,ok,p2,Edgardvgc2189,Armarouge,Expanding Force; Heat Wave; Meteor Beam; Trick Room,Flash Fire,Power Herb,Grass,True,VGC,2026-09-28T20:47:06,,217,4,3,0,0,7,1,0,1,1,2,0,0,False,False,False
https://replay.pokemonshowdown.com/gen9vgc2025reghbo3-2469376060-1b3t6aica4e855nmq56qk5mofpkayw5pw,ok,p2,Edgardvgc2189,Farigiraf,Expanding Force; Hyper Voice; Shadow Ball; Trick Room,Armor Tail,Throat Spray,Water,True,VGC,2026-09-28T20:47:06,,217,4,3,0,0,7,1,0,1,1,2,0,0,False,False,False
https://replay.pokemonshowdown.com/gen9vgc2025reghbo3-2469376060-1b3t6aica4e855nmq56qk5mofpkayw5pw,ok,p2,Edgardvgc2189,Maushold-Four,Beat Up; Follow Me; Population Bomb; Protect,Technician,Wide Lens,Normal,True,VGC,2026-09-28T20:47:06,,217,4,3,0,0,7,1,0,1,1,2,0,0,False,False,False
https://replay.pokemonshowdown.com/gen9vgc2026regfbo3-2485802967-jnke9od7tyh65br9gr2wqrungll9bwrpw,ok,p1,Bloodycheese,Chi-Yu,Dark Pulse; Heat Wave; Overheat; Snarl,Beads of Ruin,Choice Specs,Ghost,False,VGC,2026-09-28T20:47:06,,187,2,4,0,2,6,3,2,0,0,0,0,0,False,False,False
https://replay.pokemonshowdown.com/gen9vgc2026regfbo3-2485802967-jnke9od7tyh65br9gr2wqrungll9bwrpw,ok,p1,Bloodycheese,Tornadus,Bleakwind Storm; Sunny Day; Tailwind; Taunt,Prankster,Covert Cloak,Steel,False,VGC,2026-09-28T20:47:06,PRAY,187,2,4,0,2,6,3,2,0,0,0,0,0,True,False,True
https://replay.pokemonshowdown.com/gen9vgc2026regfbo3-2485802967-jnke9od7tyh65br9gr2wqrungll9bwrpw,ok,p1,Bloodycheese,Flutter Mane,Icy Wind; Moonblast; Protect; Taunt,Protosynthesis,Booster Energy,Fairy,False,VGC,2026-09-28T20:47:06,:),187,2,4,0,2,6,3,2,0,0,0,0,0,False,False,False
https://replay.pokemonshowdown.com/gen9vgc2026regfbo3-2485802967-jnke9od7tyh65br9gr2wqrungll9bwrpw,ok,p1,Bloodycheese,Landorus,Earth Power; Protect; Sandsear Storm; Sludge Bomb,Sheer Force,Life Orb,Steel,False,VGC,2026-09-28T20:47:06,,187,2,4,0,2,6,3,2,0,0,0,0,0,False,False,False
https://replay.pokemonshowdown.com/gen9vgc2026regfbo3-2485802967-jnke9od7tyh65br9gr2wqrungll9bwrpw,ok,p1,Bloodycheese,Urshifu-*,,,,,False,VGC,2026-09-28T20:47:06,,187,2,4,0,2,6,3,2,0,0,0,0,0,False,False,False
https://replay.pokemonshowdown.com/gen9vgc2026regfbo3-2485802967-jnke9od7tyh65br9gr2wqrungll9bwrpw,ok,p1,Bloodycheese,Ogerpon-Wellspring,Follow Me; Ivy Cudgel; Spiky Shield; Wood Hammer,Water Absorb,Wellspring Mask,Water,False,VGC,2026-09-28T20:47:06,,187,2,4,0,2,6,3,2,0,0,0,0,0,False,False,False
https://replay.pokemonshowdown.com/gen9vgc2026regfbo3-2485802967-jnke9od7tyh65br9gr2wqrungll9bwrpw,ok,p1,Bloodycheese,Urshifu,Close Combat; Detect; Sucker Punch; Wicked Blow,Unseen Fist,Focus Sash,Dark,False,VGC,2026-09-28T20:47:06,PO,187,2,4,0,2,6,3,2,0,0,0,0,0,False,False,False
https://replay.pokemonshowdown.com/gen9vgc2026regfbo3-2485802967-jnke9od7tyh65br9gr2wqrungll9bwrpw,ok,p2,Edgardvgc2189,Dragonite,Aerial Ace; Extreme Speed; Outrage; Stomping Tantrum,Inner Focus,Choice Band,Normal,True,VGC,2026-09-28T20:47:06,,187,4,2,2,0,6,0,3,0,2,2,0,0,True,False,True
https://replay.pokemonshowdown.com/gen9vgc2026regfbo3-2485802967-jnke9od7tyh65br9gr2wqrungll9bwrpw,ok,p2,Edgardvgc2189,Chien-Pao,Ice Spinner; Protect; Sacred Sword; Sucker Punch,Sword of Ruin,Focus Sash,Ghost,True,VGC,2026-09-28T20:47:06,,187,4,2,2,0,6,0,3,0,2,2,0,0,False,False,False
https://replay.pokemonshowdown.com/gen9vgc2026regfbo3-2485802967-jnke9od7tyh65br9gr2wqrungll9bwrpw,ok,p2,Edgardvgc2189,Flutter Mane,Dazzling Gleam; Moonblast; Protect; Shadow Ball,Protosynthesis,Booster Energy,Fairy,True,VGC,2026-09-28T20:47:06,,187,4,2,2,0,6,0,3,0,2,2,0,0,False,False,False
https://replay.pokemonshowdown.com/gen9vgc2026regfbo3-2485802967-jnke9od7tyh65br9gr2wqrungll9bwrpw,ok,p2,Edgardvgc2189,Ogerpon-Hearthflame,Follow Me; Grassy Glide; Ivy Cudgel; Spiky Shield,Mold Breaker,Hearthflame Mask,Fire,True,VGC,2026-09-28T20:47:06,,187,4,2,2,0,6,0,3,0,2,2,0,0,False,False,False
https://replay.pokemonshowdown.com/gen9vgc2026regfbo3-2485802967-jnke9od7tyh65br9gr2wqrungll9bwrpw,ok,p2,Edgardvgc2189,Raging Bolt,Calm Mind; Dragon Pulse; Protect; Thunderclap,Protosynthesis,Leftovers,Fairy,True,VGC,2026-09-28T20:47:06,,187,4,2,2,0,6,0,3,0,2,2,0,0,False,False,False
https://replay.pokemonshowdown.com/gen9vgc2026regfbo3-2485802967-jnke9od7tyh65br9gr2wqrungll9bwrpw,ok,p2,Edgardvgc2189,Rillaboom,Fake Out; Grassy Glide; U-turn; Wood Hammer,Grassy Surge,Assault Vest,Fire,True,VGC,2026-09-28T20:47:06,,187,4,2,2,0,6,0,3,0,2,2,0,0,False,False,False
https://replay.pokemonshowdown.com/gen9vgc2026regfbo3-2491820993-mv455qg4jb7scpioo60sggdurk16odvpw,ok,p1,Bloodycheese,Okidogi,Drain Punch; Gunk Shot; Knock Off; Upper Hand,Guard Dog,Assault Vest,Water,True,VGC,2026-09-28T20:47:07,,261,4,2,1,1,5,4,1,0,1,0,0,0,False,False,False
https://replay.pokemonshowdown.com/gen9vgc2026regfbo3-2491820993-mv455qg4jb7scpioo60sggdurk16odvpw,ok,p1,Bloodycheese,Ogerpon-Wellspring,Follow Me; Horn Leech; Ivy Cudgel; Spiky Shield,Embody Aspect (Wellspring); Water Absorb,Wellspring Mask,Water,True,VGC,2026-09-28T20:47:07,Ogerpon,261,4,2,1,1,5,4,1,0,1,0,0,0,False,False,True
https://replay.pokemonshowdown.com/gen9vgc2026regfbo3-2491820993-mv455qg4jb7scpioo60sggdurk16odvpw,ok,p1,Bloodycheese,Arcanine-Hisui,Extreme Speed; Flare Blitz; Head Smash; Rock Slide,Intimidate,Choice Band,Fairy,True,VGC,2026-09-28T20:47:07,Arcanine,261,4,2,1,1,5,4,1,0,1,0,0,0,True,False,False
https://replay.pokemonshowdown.com/gen9vgc2026regfbo3-2491820993-mv455qg4jb7scpioo60sggdurk16odvpw,ok,p1,Bloodycheese,Landorus,Earth Power; Protect; Sludge Bomb; Substitute,Sheer Force,Life Orb,Steel,True,VGC,2026-09-28T20:47:07,,261,4,2,1,1,5,4,1,0,1,0,0,0,False,False,False
https://replay.pokemonshowdown.com/gen9vgc2026regfbo3-2491820993-mv455qg4jb7scpioo60sggdurk16odvpw,ok,p1,Bloodycheese,Chien-Pao,Icicle Crash; Protect; Sacred Sword; Sucker Punch,Sword of Ruin,Focus Sash,Stellar,True,VGC,2026-09-28T20:47:07,,261,4,2,1,1,5,4,1,0,1,0,0,0,False,False,False
https://replay.pokemonshowdown.com/gen9vgc2026regfbo3-2491820993-mv455qg4jb7scpioo60sggdurk16odvpw,ok,p1,Bloodycheese,Rillaboom,Fake Out; Grassy Glide; Taunt; Wood Hammer,Grassy Surge,Miracle Seed,Fire,True,VGC,2026-09-28T20:47:07,,261,4,2,1,1,5,4,1,0,1,0,0,0,False,False,False
https://replay.pokemonshowdown.com/gen9vgc2026regfbo3-2491820993-mv455qg4jb7scpioo60sggdurk16odvpw,ok,p2,rillaroar,Flutter Mane,Icy Wind; Moonblast; Protect; Taunt,Protosynthesis,Booster Energy,Fairy,False,VGC,2026-09-28T20:47:07,,261,2,4,1,1,5,2,2,0,0,0,0,0,False,False,False
https://replay.pokemonshowdown.com/gen9vgc2026regfbo3-2491820993-mv455qg4jb7scpioo60sggdurk16odvpw,ok,p2,rillaroar,Chi-Yu,Dark Pulse; Heat Wave; Overheat; Protect,Beads of Ruin,Life Orb,Fire,False,VGC,2026-09-28T20:47:07,,261,2,4,1,1,5,2,2,0,0,0,0,0,False,False,False
https://replay.pokemonshowdown.com/gen9vgc2026regfbo3-2491820993-mv455qg4jb7scpioo60sggdurk16odvpw,ok,p2,rillaroar,Tornadus,Bleakwind Storm; Rain Dance; Sunny Day; Tailwind,Prankster,Covert Cloak,Dark,False,VGC,2026-09-28T20:47:07,,261,2,4,1,1,5,2,2,0,0,0,0,0,True,False,False
https://replay.pokemonshowdown.com/gen9vgc2026regfbo3-2491820993-mv455qg4jb7scpioo60sggdurk16odvpw,ok,p2,rillaroar,Urshifu-*,,,,,False,VGC,2026-09-28T20:47:07,,261,2,4,1,1,5,2,2,0,0,0,0,0,False,False,False
https://replay.pokemonshowdown.com/gen9vgc2026regfbo3-2491820993-mv455qg4jb7scpioo60sggdurk16odvpw,ok,p2,rillaroar,Dragonite,Extreme Speed; Ice Spinner; Low Kick; Outrage,Inner Focus,Choice Band,Normal,False,VGC,2026-09-28T20:47:07,,261,2,4,1,1,5,2,2,0,0,0,0,0,False,False,True
https://replay.pokemonshowdown.com/gen9vgc2026regfbo3-2491820993-mv455qg4jb7scpioo60sggdurk16odvpw,ok,p2,rillaroar,Chien-Pao,Ice Spinner; Protect; Sacred Sword; Sucker Punch,Sword of Ruin,Focus Sash,Ghost,False,VGC,2026-09-28T20:47:07,,261,2,4,1,1,5,2,2,0,0,0,0,0,False,False,False
https://replay.pokemonshowdown.com/gen9vgc2026regfbo3-2491820993-mv455qg4jb7scpioo60sggdurk16odvpw,ok,p2,rillaroar,Urshifu-Rapid-Strike,Aqua Jet; Close Combat; Detect; Surging Strikes,Unseen Fist,Mystic Water,Water,False,VGC,2026-09-28T20:47:07,,261,2,4,1,1,5,2,2,0,0,0,0,0,False,False,False
https://replay.pokemonshowdown.com/gen9nationaldex-2461104880-4njpvfqcrkodleh8j675tjnhlxx92qipw,ok,p1,Bloodycheese,Diancie,,,,,False,NAT DEX,2026-09-28T20:47:08,,461,0,6,0,1,34,1,1,0,2,22,0,0,False,True,False
https://replay.pokemonshowdown.com/gen9nationaldex-2461104880-4njpvfqcrkodleh8j675tjnhlxx92qipw,ok,p1,Bloodycheese,Zamazenta-*,,,,,False,NAT DEX,2026-09-28T20:47:08,,461,0,6,0,1,34,1,1,0,2,22,0,0,False,False,False
https://replay.pokemonshowdown.com/gen9nationaldex-2461104880-4njpvfqcrkodleh8j675tjnhlxx92qipw,ok,p1,Bloodycheese,Ferrothorn,Knock Off; Stealth Rock,,,,False,NAT DEX,2026-09-28T20:47:08,,461,0,6,0,1,34,1,1,0,2,22,0,0,False,False,False
https://replay.pokemonshowdown.com/gen9nationaldex-2461104880-4njpvfqcrkodleh8j675tjnhlxx92qipw,ok,p1,Bloodycheese,Toxapex,,,,,False,NAT DEX,2026-09-28T20:47:08,,461,0,6,0,1,34,1,1,0,2,22,0,0,False,False,False
https://replay.pokemonshowdown.com/gen9nationaldex-2461104880-4njpvfqcrkodleh8j675tjnhlxx92qipw,ok,p1,Bloodycheese,Terapagos,Flamethrower; Rapid Spin,,,,False,NAT DEX,2026-09-28T20:47:08,,461,0,6,0,1,34,1,1,0,2,22,0,0,False,False,False
https://replay.pokemonshowdown.com/gen9nationaldex-2461104880-4njpvfqcrkodleh8j675tjnhlxx92qipw,ok,p1,Bloodycheese,Gliscor,Earthquake; Protect; Spikes; Toxic,,,,False,NAT DEX,2026-09-28T20:47:08,,461,0,6,0,1,34,1,1,0,2,22,0,0,True,False,False
https://replay.pokemonshowdown.com/gen9nationaldex-2461104880-4njpvfqcrkodleh8j675tjnhlxx92qipw,ok,p2,MAF1010,Lopunny,,,,,True,NAT DEX,2026-09-28T20:47:08,,461,6,0,1,0,34,2,6,0,5,13,0,0,False,False,False
https://replay.pokemonshowdown.com/gen9nationaldex-2461104880-4njpvfqcrkodleh8j675tjnhlxx92qipw,ok,p2,MAF1010,Sableye,Reflect; Will-O-Wisp,,,,True,NAT DEX,2026-09-28T20:47:08,,461,6,0,1,0,34,2,6,0,5,13,0,0,True,False,False
https://replay.pokemonshowdown.com/gen9nationaldex-2461104880-4njpvfqcrkodleh8j675tjnhlxx92qipw,ok,p2,MAF1010,Ditto,,,,,True,NAT DEX,2026-09-28T20:47:08,,461,6,0,1,0,34,2,6,0,5,13,0,0,False,False,False
https://replay.pokemonshowdown.com/gen9nationaldex-2461104880-4njpvfqcrkodleh8j675tjnhlxx92qipw,ok,p2,MAF1010,Venusaur,Earth Power; Giga Drain; Sludge Bomb; Z-Celebrate,,,,True,NAT DEX,2026-09-28T20:47:08,,461,6,0,1,0,34,2,6,0,5,13,0,0,False,False,False
https://replay.pokemonshowdown.com/gen9nationaldex-2461104880-4njpvfqcrkodleh8j675tjnhlxx92qipw,ok,p2,MAF1010,Hatterene,,,,,True,NAT DEX,2026-09-28T20:47:08,,461,6,0,1,0,34,2,6,0,5,13,0,0,False,False,False
https://replay.pokemonshowdown.com/gen9nationaldex-2461104880-4njpvfqcrkodleh8j675tjnhlxx92qipw,ok,p2,MAF1010,Archaludon,,,,,True,NAT DEX,2026-09-28T20:47:08,,461,6,0,1,0,34,2,6,0,5,13,0,0,False,False,False
https://replay.pokemonshowdown.com/gen9nationaldex-2471405598-joh9ewlsxdow0a9s8gm5nf4vpf3q10bpw,ok,p1,bloodycheese,Tapu Koko,Dazzling Gleam; Gigavolt Havoc; Thunderbolt; U-turn,,,,True,NAT DEX,2026-09-28T20:47:08,,715,6,2,2,0,29,6,1,0,0,0,0,2,True,False,False
https://replay.pokemonshowdown.com/gen9nationaldex-2471405598-joh9ewlsxdow0a9s8gm5nf4vpf3q10bpw,ok,p1,bloodycheese,Urshifu-*,,,,,True,NAT DEX,2026-09-28T20:47:08,,715,6,2,2,0,29,6,1,0,0,0,0,2,False,False,False
https://replay.pokemonshowdown.com/gen9nationaldex-2471405598-joh9ewlsxdow0a9s8gm5nf4vpf3q10bpw,ok,p1,bloodycheese,Slowking-Galar,Chilly Reception; Sludge Bomb; Thunder Wave,,,,True,NAT DEX,2026-09-28T20:47:08,Slowking,715,6,2,2,0,29,6,1,0,0,0,0,2,False,False,False
https://replay.pokemonshowdown.com/gen9nationaldex-2471405598-joh9ewlsxdow0a9s8gm5nf4vpf3q10bpw,ok,p1,bloodycheese,Dragonite,,,,,True,NAT DEX,2026-09-28T20:47:08,,715,6,2,2,0,29,6,1,0,0,0,0,2,False,False,False
https://replay.pokemonshowdown.com/gen9nationaldex-2471405598-joh9ewlsxdow0a9s8gm5nf4vpf3q10bpw,ok,p1,bloodycheese,Great Tusk,Ice Spinner; Stealth Rock,,,,True,NAT DEX,2026-09-28T20:47:08,,715,6,2,2,0,29,6,1,0,0,0,0,2,False,False,False
https://replay.pokemonshowdown.com/gen9nationaldex-2471405598-joh9ewlsxdow0a9s8gm5nf4vpf3q10bpw,ok,p1,bloodycheese,Gholdengo,Make It Rain; Shadow Ball; Trick,,Assault Vest,,True,NAT DEX,2026-09-28T20:47:08,,715,6,2,2,0,29,6,1,0,0,0,0,2,False,False,False
https://replay.pokemonshowdown.com/gen9nationaldex-2471405598-joh9ewlsxdow0a9s8gm5nf4vpf3q10bpw,ok,p2,afroier,Corviknight,Brave Bird; Defog; Iron Head; Roost,,,,False,NAT DEX,2026-09-28T20:47:08,,715,2,6,0,2,29,4,5,0,2,2,0,0,False,False,False
https://replay.pokemonshowdown.com/gen9nationaldex-2471405598-joh9ewlsxdow0a9s8gm5nf4vpf3q10bpw,ok,p2,afroier,Kyurem,Earth Power; Freeze-Dry,Pressure,,,False,NAT DEX,2026-09-28T20:47:08,,715,2,6,0,2,29,4,5,0,2,2,0,0,False,False,False
https://replay.pokemonshowdown.com/gen9nationaldex-2471405598-joh9ewlsxdow0a9s8gm5nf4vpf3q10bpw,ok,p2,afroier,Slowking-Galar,Flamethrower,,Choice Scarf,,False,NAT DEX,2026-09-28T20:47:08,Slowking,715,2,6,0,2,29,4,5,0,2,2,0,0,False,False,False
https://replay.pokemonshowdown.com/gen9nationaldex-2471405598-joh9ewlsxdow0a9s8gm5nf4vpf3q10bpw,ok,p2,afroier,Zamazenta-*,,,,,False,NAT DEX,2026-09-28T20:47:08,,715,2,6,0,2,29,4,5,0,2,2,0,0,False,False,False
https://replay.pokemonshowdown.com/gen9nationaldex-2471405598-joh9ewlsxdow0a9s8gm5nf4vpf3q10bpw,ok,p2,afroier,Meowscarada,,,,,False,NAT DEX,2026-09-28T20:47:08,,715,2,6,0,2,29,4,5,0,2,2,0,0,False,False,False
https://replay.pokemonshowdown.com/gen9nationaldex-2471405598-joh9ewlsxdow0a9s8gm5nf4vpf3q10bpw,ok,p2,afroier,Lopunny,Fake Out; U-turn,,,,False,NAT DEX,2026-09-28T20:47:08,,715,2,6,0,2,29,4,5,0,2,2,0,0,True,True,False
https://replay.pokemonshowdown.com/gen9nationaldex-2480164433-cr6rpvpw3ot60f6thtv64f6v1b7eps5pw,ok,p1,Moirix,Kingambit,Knock Off; Sucker Punch,,,,True,NAT DEX,2026-09-28T20:47:09,Chris,777,6,3,4,1,26,3,2,0,1,0,0,0,False,False,False
https://replay.pokemonshowdown.com/gen9nationaldex-2480164433-cr6rpvpw3ot60f6thtv64f6v1b7eps5pw,ok,p1,Moirix,Slowbro,Future Sight; Teleport; Thunder Wave,,,,True,NAT DEX,2026-09-28T20:47:09,Cara de bobo,777,6,3,4,1,26,3,2,0,1,0,0,0,False,False,False
https://replay.pokemonshowdown.com/gen9nationaldex-2480164433-cr6rpvpw3ot60f6thtv64f6v1b7eps5pw,ok,p1,Moirix,Diancie,Diamond Storm; Moonblast,,,,True,NAT DEX,2026-09-28T20:47:09,Zapeo,777,6,3,4,1,26,3,2,0,1,0,0,0,True,True,False
https://replay.pokemonshowdown.com/gen9nationaldex-2480164433-cr6rpvpw3ot60f6thtv64f6v1b7eps5pw,ok,p1,Moirix,Landorus-Therian,U-turn,Intimidate,,,True,NAT DEX,2026-09-28T20:47:09,Atila,777,6,3,4,1,26,3,2,0,1,0,0,0,False,False,False
https://replay.pokemonshowdown.com/gen9nationaldex-2480164433-cr6rpvpw3ot60f6thtv64f6v1b7eps5pw,ok,p1,Moirix,Urshifu-*,,,,,True,NAT DEX,2026-09-28T20:47:09,,777,6,3,4,1,26,3,2,0,1,0,0,0,False,False,False
https://replay.pokemonshowdown.com/gen9nationaldex-2480164433-cr6rpvpw3ot60f6thtv64f6v1b7eps5pw,ok,p1,Moirix,Ferrothorn,Knock Off; Power Whip; Stealth Rock,,,,True,NAT DEX,2026-09-28T20:47:09,Smogollorones,777,6,3,4,1,26,3,2,0,1,0,0,0,False,False,False
https://replay.pokemonshowdown.com/gen9nationaldex-2480164433-cr6rpvpw3ot60f6thtv64f6v1b7eps5pw,ok,p2,MAF1010,Lopunny,Fake Out; U-turn,,,,False,NAT DEX,2026-09-28T20:47:09,,777,3,6,1,4,26,2,3,0,5,0,3,0,False,True,False
https://replay.pokemonshowdown.com/gen9nationaldex-2480164433-cr6rpvpw3ot60f6thtv64f6v1b7eps5pw,ok,p2,MAF1010,Sableye,Light Screen; Will-O-Wisp,,,,False,NAT DEX,2026-09-28T20:47:09,,777,3,6,1,4,26,2,3,0,5,0,3,0,True,False,False
https://replay.pokemonshowdown.com/gen9nationaldex-2480164433-cr6rpvpw3ot60f6thtv64f6v1b7eps5pw,ok,p2,MAF1010,Ditto,Moonblast; Mystical Fire; Scald,,Choice Scarf,,False,NAT DEX,2026-09-28T20:47:09,,777,3,6,1,4,26,2,3,0,5,0,3,0,False,False,False
https://replay.pokemonshowdown.com/gen9nationaldex-2480164433-cr6rpvpw3ot60f6thtv64f6v1b7eps5pw,ok,p2,MAF1010,Venusaur,Earth Power; Z-Celebrate,,,,False,NAT DEX,2026-09-28T20:47:09,,777,3,6,1,4,26,2,3,0,5,0,3,0,False,False,False
https://replay.pokemonshowdown.com/gen9nationaldex-2480164433-cr6rpvpw3ot60f6thtv64f6v1b7eps5pw,ok,p2,MAF1010,Hatterene,,,,,False,NAT DEX,2026-09-28T20:47:09,,777,3,6,1,4,26,2,3,0,5,0,3,0,False,False,False
https://replay.pokemonshowdown.com/gen9nationaldex-2480164433-cr6rpvpw3ot60f6thtv64f6v1b7eps5pw,ok,p2,MAF1010,Bombirdier,Sucker Punch; Tailwind,,,,False,NAT DEX,2026-09-28T20:47:09,,777,3,6,1,4,26,2,3,0,5,0,3,0,False,False,False
https://replay.pokemonshowdown.com/gen9legendszaou-2492463245-cdurnxsqq1m40exx44d2jjc861ds94vpw,ok,p1,Bloodycheese,Greninja-*,,,,,False,LEYENDAS Z-A OU,2026-09-28T20:47:10,,276,3,6,0,1,18,4,1,0,7,5,0,0,False,False,False
https://replay.pokemonshowdown.com/gen9legendszaou-2492463245-cdurnxsqq1m40exx44d2jjc861ds94vpw,ok,p1,Bloodycheese,Gyarados,Dragon Dance,,,,False,LEYENDAS Z-A OU,2026-09-28T20:47:10,,276,3,6,0,1,18,4,1,0,7,5,0,0,False,False,False
https://replay.pokemonshowdown.com/gen9legendszaou-2492463245-cdurnxsqq1m40exx44d2jjc861ds94vpw,ok,p1,Bloodycheese,Malamar,Knock Off; Superpower,,,,False,LEYENDAS Z-A OU,2026-09-28T20:47:10,,276,3,6,0,1,18,4,1,0,7,5,0,0,False,False,False
https://replay.pokemonshowdown.com/gen9legendszaou-2492463245-cdurnxsqq1m40exx44d2jjc861ds94vpw,ok,p1,Bloodycheese,Clefable,Heal Bell; Stealth Rock; Thunder Wave,,,,False,LEYENDAS Z-A OU,2026-09-28T20:47:10,,276,3,6,0,1,18,4,1,0,7,5,0,0,True,False,False
https://replay.pokemonshowdown.com/gen9legendszaou-2492463245-cdurnxsqq1m40exx44d2jjc861ds94vpw,ok,p1,Bloodycheese,Volcanion,Sludge Bomb; Steam Eruption,,,,False,LEYENDAS Z-A OU,2026-09-28T20:47:10,,276,3,6,0,1,18,4,1,0,7,5,0,0,False,False,False
https://replay.pokemonshowdown.com/gen9legendszaou-2492463245-cdurnxsqq1m40exx44d2jjc861ds94vpw,ok,p1,Bloodycheese,Excadrill,,Mold Breaker,,,False,LEYENDAS Z-A OU,2026-09-28T20:47:10,,276,3,6,0,1,18,4,1,0,7,5,0,0,False,False,False
https://replay.pokemonshowdown.com/gen9legendszaou-2492463245-cdurnxsqq1m40exx44d2jjc861ds94vpw,ok,p2,gatita golosa 123,Excadrill,,,,,True,LEYENDAS Z-A OU,2026-09-28T20:47:10,,276,6,3,1,0,18,3,2,0,0,3,0,0,False,False,False
https://replay.pokemonshowdown.com/gen9legendszaou-2492463245-cdurnxsqq1m40exx44d2jjc861ds94vpw,ok,p2,gatita golosa 123,Delphox,Copycat; Fire Blast; Heal Bell; Psyshock; Stealth Rock; Thunder Wave,,,,True,LEYENDAS Z-A OU,2026-09-28T20:47:10,,276,6,3,1,0,18,3,2,0,0,3,0,0,True,True,False
https://replay.pokemonshowdown.com/gen9legendszaou-2492463245-cdurnxsqq1m40exx44d2jjc861ds94vpw,ok,p2,gatita golosa 123,Slurpuff,Sticky Web,,,,True,LEYENDAS Z-A OU,2026-09-28T20:47:10,,276,6,3,1,0,18,3,2,0,0,3,0,0,False,False,False
https://replay.pokemonshowdown.com/gen9legendszaou-2492463245-cdurnxsqq1m40exx44d2jjc861ds94vpw,ok,p2,gatita golosa 123,Aegislash,Iron Head; Shadow Sneak,,,,True,LEYENDAS Z-A OU,2026-09-28T20:47:10,,276,6,3,1,0,18,3,2,0,0,3,0,0,False,False,False
https://replay.pokemonshowdown.com/gen9legendszaou-2492463245-cdurnxsqq1m40exx44d2jjc861ds94vpw,ok,p2,gatita golosa 123,Garchomp,Dragon Tail; Earthquake,,,,True,LEYENDAS Z-A OU,2026-09-28T20:47:10,,276,6,3,1,0,18,3,2,0,0,3,0,0,False,False,False
https://replay.pokemonshowdown.com/gen9legendszaou-2492463245-cdurnxsqq1m40exx44d2jjc861ds94vpw,ok,p2,gatita golosa 123,Greninja-*,,,,,True,LEYENDAS Z-A OU,2026-09-28T20:47:10,,276,6,3,1,0,18,3,2,0,0,3,0,0,False,False,False
https://replay.pokemonshowdown.com/gen9randombattle-2497459305-rl8caxniol7vhjfvura3syklowk001dpw,ok,p1,Fur4nk0,Magearna-Original,Fleur Cannon; Iron Head; Shift Gear; Tera Blast,Soul-Heart,,,True,RANDOM SINGLES,2026-09-28T20:47:10,Magearna,616,6,3,1,0,23,5,0,0,6,4,0,0,True,False,False
https://replay.pokemonshowdown.com/gen9randombattle-2497459305-rl8caxniol7vhjfvura3syklowk001dpw,ok,p1,Fur4nk0,Flamigo,,,,,True,RANDOM SINGLES,2026-09-28T20:47:10,,616,6,3,1,0,23,5,0,0,6,4,0,0,False,False,False
https://replay.pokemonshowdown.com/gen9randombattle-2497459305-rl8caxniol7vhjfvura3syklowk001dpw,ok,p1,Fur4nk0,Kingambit,Sucker Punch,,,,True,RANDOM SINGLES,2026-09-28T20:47:10,,616,6,3,1,0,23,5,0,0,6,4,0,0,False,False,False
https://replay.pokemonshowdown.com/gen9randombattle-2497459305-rl8caxniol7vhjfvura3syklowk001dpw,ok,p1,Fur4nk0,Glaceon,Calm Mind; Freeze-Dry; Protect; Wish,,,Water,True,RANDOM SINGLES,2026-09-28T20:47:10,,616,6,3,1,0,23,5,0,0,6,4,0,0,False,False,True
https://replay.pokemonshowdown.com/gen9randombattle-2497459305-rl8caxniol7vhjfvura3syklowk001dpw,ok,p1,Fur4nk0,Regidrago,Draco Meteor,,,,True,RANDOM SINGLES,2026-09-28T20:47:10,,616,6,3,1,0,23,5,0,0,6,4,0,0,False,False,False
https://replay.pokemonshowdown.com/gen9randombattle-2497459305-rl8caxniol7vhjfvura3syklowk001dpw,ok,p1,Fur4nk0,Dachsbun,Wish,,,,True,RANDOM SINGLES,2026-09-28T20:47:10,,616,6,3,1,0,23,5,0,0,6,4,0,0,False,False,False
https://replay.pokemonshowdown.com/gen9randombattle-2497459305-rl8caxniol7vhjfvura3syklowk001dpw,ok,p2,bloodycheese,Porygon-Z,Nasty Plot; Shadow Ball,,,Ghost,False,RANDOM SINGLES,2026-09-28T20:47:10,,616,3,6,0,1,23,0,2,0,7,7,0,0,True,False,True
https://replay.pokemonshowdown.com/gen9randombattle-2497459305-rl8caxniol7vhjfvura3syklowk001dpw,ok,p2,bloodycheese,Mudsdale,Earthquake; Stealth Rock,Stamina,,,False,RANDOM SINGLES,2026-09-28T20:47:10,,616,3,6,0,1,23,0,2,0,7,7,0,0,False,False,False
https://replay.pokemonshowdown.com/gen9randombattle-2497459305-rl8caxniol7vhjfvura3syklowk001dpw,ok,p2,bloodycheese,Basculin,Double-Edge,,,,False,RANDOM SINGLES,2026-09-28T20:47:10,,616,3,6,0,1,23,0,2,0,7,7,0,0,False,False,False
https://replay.pokemonshowdown.com/gen9randombattle-2497459305-rl8caxniol7vhjfvura3syklowk001dpw,ok,p2,bloodycheese,Bombirdier,Brave Bird,,,,False,RANDOM SINGLES,2026-09-28T20:47:10,,616,3,6,0,1,23,0,2,0,7,7,0,0,False,False,False
https://replay.pokemonshowdown.com/gen9randombattle-2497459305-rl8caxniol7vhjfvura3syklowk001dpw,ok,p2,bloodycheese,Barraskewda,Flip Turn,,,,False,RANDOM SINGLES,2026-09-28T20:47:10,,616,3,6,0,1,23,0,2,0,7,7,0,0,False,False,False
https://replay.pokemonshowdown.com/gen9randombattle-2497459305-rl8caxniol7vhjfvura3syklowk001dpw,ok,p2,bloodycheese,Sylveon,Calm Mind; Hyper Voice; Protect; Wish,,,,False,RANDOM SINGLES,2026-09-28T20:47:10,,616,3,6,0,1,23,0,2,0,7,7,0,0,False,False,False
https://replay.pokemonshowdown.com/gen9nationaldex-2504168699-ecvm4hxq2po2kxyntdetd0kkri2fro2pw,ok,p1,bloodycheese,Mudsdale,Earthquake; Stealth Rock; Toxic,Stamina,,,True,NAT DEX,2026-09-28T20:47:11,,979,6,4,1,0,31,5,5,0,12,4,0,0,True,False,False
https://replay.pokemonshowdown.com/gen9nationaldex-2504168699-ecvm4hxq2po2kxyntdetd0kkri2fro2pw,ok,p1,bloodycheese,Zeraora,Close Combat; Plasma Fists,,,,True,NAT DEX,2026-09-28T20:47:11,,979,6,4,1,0,31,5,5,0,12,4,0,0,False,False,False
https://replay.pokemonshowdown.com/gen9nationaldex-2504168699-ecvm4hxq2po2kxyntdetd0kkri2fro2pw,ok,p1,bloodycheese,Incineroar,Knock Off; U-turn,Intimidate,,,True,NAT DEX,2026-09-28T20:47:11,,979,6,4,1,0,31,5,5,0,12,4,0,0,False,False,False
https://replay.pokemonshowdown.com/gen9nationaldex-2504168699-ecvm4hxq2po2kxyntdetd0kkri2fro2pw,ok,p1,bloodycheese,Primarina,Energy Ball; Hyper Voice,,Choice Specs,,True,NAT DEX,2026-09-28T20:47:11,,979,6,4,1,0,31,5,5,0,12,4,0,0,False,False,False
https://replay.pokemonshowdown.com/gen9nationaldex-2504168699-ecvm4hxq2po2kxyntdetd0kkri2fro2pw,ok,p1,bloodycheese,Kommo-o,Clanging Scales; Clangorous Soul; Clangorous Soulblaze,,,,True,NAT DEX,2026-09-28T20:47:11,,979,6,4,1,0,31,5,5,0,12,4,0,0,False,False,False
https://replay.pokemonshowdown.com/gen9nationaldex-2504168699-ecvm4hxq2po2kxyntdetd0kkri2fro2pw,ok,p1,bloodycheese,Dhelmise,Poltergeist,,Rocky Helmet,,True,NAT DEX,2026-09-28T20:47:11,,979,6,4,1,0,31,5,5,0,12,4,0,0,False,False,False
https://replay.pokemonshowdown.com/gen9nationaldex-2504168699-ecvm4hxq2po2kxyntdetd0kkri2fro2pw,ok,p2,HallacAs,Incineroar,Flare Blitz; Parting Shot; Will-O-Wisp,Intimidate,,,False,NAT DEX,2026-09-28T20:47:11,Gatito,979,4,6,0,1,31,2,3,0,1,4,0,0,True,False,False
https://replay.pokemonshowdown.com/gen9nationaldex-2504168699-ecvm4hxq2po2kxyntdetd0kkri2fro2pw,ok,p2,HallacAs,Xurkitree,,,,,False,NAT DEX,2026-09-28T20:47:11,Chuchuwa,979,4,6,0,1,31,2,3,0,1,4,0,0,False,False,False
https://replay.pokemonshowdown.com/gen9nationaldex-2504168699-ecvm4hxq2po2kxyntdetd0kkri2fro2pw,ok,p2,HallacAs,Toxapex,Haze; Knock Off; Recover; Toxic,,Payapa Berry,,False,NAT DEX,2026-09-28T20:47:11,Satanás,979,4,6,0,1,31,2,3,0,1,4,0,0,False,False,False
https://replay.pokemonshowdown.com/gen9nationaldex-2504168699-ecvm4hxq2po2kxyntdetd0kkri2fro2pw,ok,p2,HallacAs,Mimikyu,Play Rough; Swords Dance,,,,False,NAT DEX,2026-09-28T20:47:11,Pikachunt,979,4,6,0,1,31,2,3,0,1,4,0,0,False,False,False
https://replay.pokemonshowdown.com/gen9nationaldex-2504168699-ecvm4hxq2po2kxyntdetd0kkri2fro2pw,ok,p2,HallacAs,Decidueye,Leaf Blade; Spirit Shackle,,Choice Band,,False,NAT DEX,2026-09-28T20:47:11,Ojito,979,4,6,0,1,31,2,3,0,1,4,0,0,False,False,False
https://replay.pokemonshowdown.com/gen9nationaldex-2504168699-ecvm4hxq2po2kxyntdetd0kkri2fro2pw,ok,p2,HallacAs,Lycanroc,Close Combat; Rock Blast,,,,False,NAT DEX,2026-09-28T20:47:11,Edgyman,979,4,6,0,1,31,2,3,0,1,4,0,0,False,False,False
https://replay.pokemonshowdown.com/gen9vgc2026regfbo3-2504150931-xrpyredoeukweexi4vj73ugux130xsqpw,ok,p1,bloodycheese,Okidogi,Drain Punch; Gunk Shot; Knock Off; Upper Hand,Guard Dog,Assault Vest,Water,True,VGC,2026-09-28T20:47:12,,941,4,2,0,0,5,2,1,0,0,0,0,0,False,False,False
https://replay.pokemonshowdown.com/gen9vgc2026regfbo3-2504150931-xrpyredoeukweexi4vj73ugux130xsqpw,ok,p1,bloodycheese,Ogerpon-Wellspring,Follow Me; Horn Leech; Ivy Cudgel; Spiky Shield,Water Absorb,Wellspring Mask,Water,True,VGC,2026-09-28T20:47:12,,941,4,2,0,0,5,2,1,0,0,0,0,0,False,False,False
https://replay.pokemonshowdown.com/gen9vgc2026regfbo3-2504150931-xrpyredoeukweexi4vj73ugux130xsqpw,ok,p1,bloodycheese,Arcanine-Hisui,Extreme Speed; Flare Blitz; Head Smash; Rock Slide,Intimidate,Choice Band,Fairy,True,VGC,2026-09-28T20:47:12,Arcanine,941,4,2,0,0,5,2,1,0,0,0,0,0,True,False,False
https://replay.pokemonshowdown.com/gen9vgc2026regfbo3-2504150931-xrpyredoeukweexi4vj73ugux130xsqpw,ok,p1,bloodycheese,Landorus,Earth Power; Protect; Sludge Bomb; Substitute,Sheer Force,Life Orb,Steel,True,VGC,2026-09-28T20:47:12,,941,4,2,0,0,5,2,1,0,0,0,0,0,False,False,False
https://replay.pokemonshowdown.com/gen9vgc2026regfbo3-2504150931-xrpyredoeukweexi4vj73ugux130xsqpw,ok,p1,bloodycheese,Chien-Pao,Icicle Crash; Protect; Sacred Sword; Sucker Punch,Sword of Ruin,Focus Sash,Stellar,True,VGC,2026-09-28T20:47:12,,941,4,2,0,0,5,2,1,0,0,0,0,0,False,False,True
https://replay.pokemonshowdown.com/gen9vgc2026regfbo3-2504150931-xrpyredoeukweexi4vj73ugux130xsqpw,ok,p1,bloodycheese,Rillaboom,Fake Out; Grassy Glide; Taunt; Wood Hammer,Grassy Surge,Miracle Seed,Fire,True,VGC,2026-09-28T20:47:12,,941,4,2,0,0,5,2,1,0,0,0,0,0,False,False,False
https://replay.pokemonshowdown.com/gen9vgc2026regfbo3-2504150931-xrpyredoeukweexi4vj73ugux130xsqpw,ok,p2,Moirix,Lilligant-Hisui,After You; Close Combat; Sleep Powder; Solar Blade,Chlorophyll,Focus Sash,Ghost,False,VGC,2026-09-28T20:47:12,Zapeo,941,2,4,0,0,5,1,0,1,0,0,0,1,True,False,False
https://replay.pokemonshowdown.com/gen9vgc2026regfbo3-2504150931-xrpyredoeukweexi4vj73ugux130xsqpw,ok,p2,Moirix,Torkoal,Eruption; Helping Hand; Protect; Weather Ball,Drought,Flame Plate,Fire,False,VGC,2026-09-28T20:47:12,Furllantos,941,2,4,0,0,5,1,0,1,0,0,0,1,False,False,False
https://replay.pokemonshowdown.com/gen9vgc2026regfbo3-2504150931-xrpyredoeukweexi4vj73ugux130xsqpw,ok,p2,Moirix,Raging Bolt,Dragon Pulse; Thunderbolt; Thunderclap; Weather Ball,Protosynthesis,Assault Vest,Fire,False,VGC,2026-09-28T20:47:12,,941,2,4,0,0,5,1,0,1,0,0,0,1,False,False,False
https://replay.pokemonshowdown.com/gen9vgc2026regfbo3-2504150931-xrpyredoeukweexi4vj73ugux130xsqpw,ok,p2,Moirix,Flutter Mane,Dazzling Gleam; Moonblast; Power Gem; Shadow Ball,Protosynthesis,Choice Specs,Fairy,False,VGC,2026-09-28T20:47:12,Flutter mami,941,2,4,0,0,5,1,0,1,0,0,0,1,False,False,True
https://replay.pokemonshowdown.com/gen9vgc2026regfbo3-2504150931-xrpyredoeukweexi4vj73ugux130xsqpw,ok,p2,Moirix,Farigiraf,Hyper Voice; Protect; Psychic; Trick Room,Armor Tail,Throat Spray,Fairy,False,VGC,2026-09-28T20:47:12,,941,2,4,0,0,5,1,0,1,0,0,0,1,False,False,False
https://replay.pokemonshowdown.com/gen9vgc2026regfbo3-2504150931-xrpyredoeukweexi4vj73ugux130xsqpw,ok,p2,Moirix,Walking Wake,Draco Meteor; Flamethrower; Hydro Steam; Protect,Protosynthesis,Life Orb,Fire,False,VGC,2026-09-28T20:47:12,Chrisfpgrasa,941,2,4,0,0,5,1,0,1,0,0,0,1,False,False,False
https://replay.pokemonshowdown.com/gen9randombattle-2501061540-rdjd1vtywfhviu4d0c2a85g9i9rcervpw,ok,p1,Bloodycheese,Regieleki,Explosion; Volt Switch,,,,True,RANDOM SINGLES,2026-09-28T20:47:12,,353,6,2,1,0,14,2,3,1,2,0,0,0,True,False,False
https://replay.pokemonshowdown.com/gen9randombattle-2501061540-rdjd1vtywfhviu4d0c2a85g9i9rcervpw,ok,p1,Bloodycheese,Dragapult,Dragon Dance; Dragon Darts; Fire Blast; Tera Blast,,Life Orb,Ghost,True,RANDOM SINGLES,2026-09-28T20:47:12,,353,6,2,1,0,14,2,3,1,2,0,0,0,False,False,True
https://replay.pokemonshowdown.com/gen9randombattle-2501061540-rdjd1vtywfhviu4d0c2a85g9i9rcervpw,ok,p1,Bloodycheese,Crabominable,Close Combat,,,,True,RANDOM SINGLES,2026-09-28T20:47:12,,353,6,2,1,0,14,2,3,1,2,0,0,0,False,False,False
https://replay.pokemonshowdown.com/gen9randombattle-2501061540-rdjd1vtywfhviu4d0c2a85g9i9rcervpw,ok,p1,Bloodycheese,Ninetales-Alola,Blizzard,,,,True,RANDOM SINGLES,2026-09-28T20:47:12,Ninetales,353,6,2,1,0,14,2,3,1,2,0,0,0,False,False,False
https://replay.pokemonshowdown.com/gen9randombattle-2501061540-rdjd1vtywfhviu4d0c2a85g9i9rcervpw,ok,p2,MAF1010,Regieleki,Rapid Spin; Volt Switch,,,,False,RANDOM SINGLES,2026-09-28T20:47:12,,353,2,6,0,1,14,1,1,0,6,1,0,0,True,False,False
https://replay.pokemonshowdown.com/gen9randombattle-2501061540-rdjd1vtywfhviu4d0c2a85g9i9rcervpw,ok,p2,MAF1010,Leavanny,,,,,False,RANDOM SINGLES,2026-09-28T20:47:12,,353,2,6,0,1,14,1,1,0,6,1,0,0,False,False,False
https://replay.pokemonshowdown.com/gen9randombattle-2501061540-rdjd1vtywfhviu4d0c2a85g9i9rcervpw,ok,p2,MAF1010,Sandaconda,Coil,,,,False,RANDOM SINGLES,2026-09-28T20:47:12,,353,2,6,0,1,14,1,1,0,6,1,0,0,False,False,False
https://replay.pokemonshowdown.com/gen9randombattle-2501061540-rdjd1vtywfhviu4d0c2a85g9i9rcervpw,ok,p2,MAF1010,Ribombee,,,,,False,RANDOM SINGLES,2026-09-28T20:47:12,,353,2,6,0,1,14,1,1,0,6,1,0,0,False,False,False
https://replay.pokemonshowdown.com/gen9randombattle-2501061540-rdjd1vtywfhviu4d0c2a85g9i9rcervpw,ok,p2,MAF1010,Swampert,Knock Off; Yawn,,,Steel,False,RANDOM SINGLES,2026-09-28T20:47:12,,353,2,6,0,1,14,1,1,0,6,1,0,0,False,False,True
https://replay.pokemonshowdown.com/gen9randombattle-2501061540-rdjd1vtywfhviu4d0c2a85g9i9rcervpw,ok,p2,MAF1010,Pachirisu,Discharge; Super Fang,,,,False,RANDOM SINGLES,2026-09-28T20:47:12,,353,2,6,0,1,14,1,1,0,6,1,0,0,False,False,False
https://replay.pokemonshowdown.com/gen9vgc2026regfbo3-2506410535-sm3pqrqim37u1jnqaq0369n65l1559apw,ok,p1,bloodycheese,Okidogi,Drain Punch; Gunk Shot; Knock Off; Upper Hand,Guard Dog,Assault Vest,Water,True,VGC,2026-09-28T20:47:13,,633,4,1,1,1,7,3,1,0,1,4,0,0,True,False,False
https://replay.pokemonshowdown.com/gen9vgc2026regfbo3-2506410535-sm3pqrqim37u1jnqaq0369n65l1559apw,ok,p1,bloodycheese,Ogerpon-Wellspring,Follow Me; Horn Leech; Ivy Cudgel; Spiky Shield,Water Absorb,Wellspring Mask,Water,True,VGC,2026-09-28T20:47:13,Ogerpon,633,4,1,1,1,7,3,1,0,1,4,0,0,False,False,False
https://replay.pokemonshowdown.com/gen9vgc2026regfbo3-2506410535-sm3pqrqim37u1jnqaq0369n65l1559apw,ok,p1,bloodycheese,Arcanine-Hisui,Extreme Speed; Flare Blitz; Head Smash; Rock Slide,Intimidate,Choice Band,Fairy,True,VGC,2026-09-28T20:47:13,Arcanine,633,4,1,1,1,7,3,1,0,1,4,0,0,False,False,True
https://replay.pokemonshowdown.com/gen9vgc2026regfbo3-2506410535-sm3pqrqim37u1jnqaq0369n65l1559apw,ok,p1,bloodycheese,Landorus,Earth Power; Protect; Sludge Bomb; Substitute,Sheer Force,Life Orb,Steel,True,VGC,2026-09-28T20:47:13,,633,4,1,1,1,7,3,1,0,1,4,0,0,False,False,False
https://replay.pokemonshowdown.com/gen9vgc2026regfbo3-2506410535-sm3pqrqim37u1jnqaq0369n65l1559apw,ok,p1,bloodycheese,Chien-Pao,Icicle Crash; Protect; Sacred Sword; Sucker Punch,Sword of Ruin,Focus Sash,Stellar,True,VGC,2026-09-28T20:47:13,,633,4,1,1,1,7,3,1,0,1,4,0,0,False,False,False
https://replay.pokemonshowdown.com/gen9vgc2026regfbo3-2506410535-sm3pqrqim37u1jnqaq0369n65l1559apw,ok,p1,bloodycheese,Rillaboom,Fake Out; Grassy Glide; Taunt; Wood Hammer,Grassy Surge,Miracle Seed,Fire,True,VGC,2026-09-28T20:47:13,,633,4,1,1,1,7,3,1,0,1,4,0,0,False,False,False
https://replay.pokemonshowdown.com/gen9vgc2026regfbo3-2506410535-sm3pqrqim37u1jnqaq0369n65l1559apw,ok,p2,Angelowos,Rillaboom,Fake Out; Grassy Glide; U-turn; Wood Hammer,Grassy Surge,Assault Vest,Poison,False,VGC,2026-09-28T20:47:13,,633,1,4,1,1,7,2,2,0,1,2,0,0,True,False,True
https://replay.pokemonshowdown.com/gen9vgc2026regfbo3-2506410535-sm3pqrqim37u1jnqaq0369n65l1559apw,ok,p2,Angelowos,Incineroar,Fake Out; Flare Blitz; Knock Off; Parting Shot,Intimidate,Safety Goggles,Ghost,False,VGC,2026-09-28T20:47:13,,633,1,4,1,1,7,2,2,0,1,2,0,0,False,False,False
https://replay.pokemonshowdown.com/gen9vgc2026regfbo3-2506410535-sm3pqrqim37u1jnqaq0369n65l1559apw,ok,p2,Angelowos,Farigiraf,Hyper Voice; Protect; Psychic; Trick Room,Armor Tail,Throat Spray,Fairy,False,VGC,2026-09-28T20:47:13,,633,1,4,1,1,7,2,2,0,1,2,0,0,False,False,False
https://replay.pokemonshowdown.com/gen9vgc2026regfbo3-2506410535-sm3pqrqim37u1jnqaq0369n65l1559apw,ok,p2,Angelowos,Flutter Mane,Calm Mind; Moonblast; Protect; Shadow Ball,Protosynthesis,Booster Energy,Grass,False,VGC,2026-09-28T20:47:13,,633,1,4,1,1,7,2,2,0,1,2,0,0,False,False,False
https://replay.pokemonshowdown.com/gen9vgc2026regfbo3-2506410535-sm3pqrqim37u1jnqaq0369n65l1559apw,ok,p2,Angelowos,Urshifu-*,,,,,False,VGC,2026-09-28T20:47:13,,633,1,4,1,1,7,2,2,0,1,2,0,0,False,False,False
https://replay.pokemonshowdown.com/gen9vgc2026regfbo3-2506410535-sm3pqrqim37u1jnqaq0369n65l1559apw,ok,p2,Angelowos,Ogerpon-Hearthflame,Grassy Glide; Ivy Cudgel; Spiky Shield; Swords Dance,Mold Breaker,Hearthflame Mask,Fire,False,VGC,2026-09-28T20:47:13,,633,1,4,1,1,7,2,2,0,1,2,0,0,False,False,False
https://replay.pokemonshowdown.com/gen9vgc2026regfbo3-2506410535-sm3pqrqim37u1jnqaq0369n65l1559apw,ok,p2,Angelowos,Urshifu-Rapid-Strike,Aqua Jet; Close Combat; Surging Strikes; U-turn,Unseen Fist,Choice Scarf,Water,False,VGC,2026-09-28T20:47:13,Urshifu,633,1,4,1,1,7,2,2,0,1,2,0,0,False,False,False
https://replay.pokemonshowdown.com/gen9nationaldex-2505858538-rdtvnth1ia7jwop7qsc476oudn41mecpw,ok,p1,sammy_swetth,Lurantis,Seed Bomb; Swords Dance; X-Scissor,,,,True,NAT DEX,2026-09-28T20:47:14,,604,6,3,2,1,26,9,4,0,1,5,0,0,False,False,False
https://replay.pokemonshowdown.com/gen9nationaldex-2505858538-rdtvnth1ia7jwop7qsc476oudn41mecpw,ok,p1,sammy_swetth,Crabominable,Ice Hammer,,,,True,NAT DEX,2026-09-28T20:47:14,,604,6,3,2,1,26,9,4,0,1,5,0,0,False,False,False
https://replay.pokemonshowdown.com/gen9nationaldex-2505858538-rdtvnth1ia7jwop7qsc476oudn41mecpw,ok,p1,sammy_swetth,Mimikyu,Trick Room,,Leftovers,,True,NAT DEX,2026-09-28T20:47:14,,604,6,3,2,1,26,9,4,0,1,5,0,0,False,False,False
https://replay.pokemonshowdown.com/gen9nationaldex-2505858538-rdtvnth1ia7jwop7qsc476oudn41mecpw,ok,p1,sammy_swetth,Toucannon,Brave Bird; Bullet Seed,,,,True,NAT DEX,2026-09-28T20:47:14,,604,6,3,2,1,26,9,4,0,1,5,0,0,False,False,False
https://replay.pokemonshowdown.com/gen9nationaldex-2505858538-rdtvnth1ia7jwop7qsc476oudn41mecpw,ok,p1,sammy_swetth,Kartana,Leaf Blade; X-Scissor,,,,True,NAT DEX,2026-09-28T20:47:14,,604,6,3,2,1,26,9,4,0,1,5,0,0,True,False,False
https://replay.pokemonshowdown.com/gen9nationaldex-2505858538-rdtvnth1ia7jwop7qsc476oudn41mecpw,ok,p1,sammy_swetth,Toxapex,Baneful Bunker; Recover; Scald; Toxic,,Black Sludge,,True,NAT DEX,2026-09-28T20:47:14,,604,6,3,2,1,26,9,4,0,1,5,0,0,False,False,False
https://replay.pokemonshowdown.com/gen9nationaldex-2505858538-rdtvnth1ia7jwop7qsc476oudn41mecpw,ok,p2,bloodycheese,Mudsdale,Earthquake; Stealth Rock; Toxic,Stamina,,,False,NAT DEX,2026-09-28T20:47:14,,604,3,6,1,2,26,2,2,0,6,5,0,0,True,False,False
https://replay.pokemonshowdown.com/gen9nationaldex-2505858538-rdtvnth1ia7jwop7qsc476oudn41mecpw,ok,p2,bloodycheese,Zeraora,Acrobatics,,,,False,NAT DEX,2026-09-28T20:47:14,,604,3,6,1,2,26,2,2,0,6,5,0,0,False,False,False
https://replay.pokemonshowdown.com/gen9nationaldex-2505858538-rdtvnth1ia7jwop7qsc476oudn41mecpw,ok,p2,bloodycheese,Incineroar,Fake Out; Knock Off; U-turn,Intimidate,,,False,NAT DEX,2026-09-28T20:47:14,,604,3,6,1,2,26,2,2,0,6,5,0,0,False,False,False
https://replay.pokemonshowdown.com/gen9nationaldex-2505858538-rdtvnth1ia7jwop7qsc476oudn41mecpw,ok,p2,bloodycheese,Primarina,Energy Ball,,,,False,NAT DEX,2026-09-28T20:47:14,,604,3,6,1,2,26,2,2,0,6,5,0,0,False,False,False
https://replay.pokemonshowdown.com/gen9nationaldex-2505858538-rdtvnth1ia7jwop7qsc476oudn41mecpw,ok,p2,bloodycheese,Kommo-o,Poison Jab,,,,False,NAT DEX,2026-09-28T20:47:14,,604,3,6,1,2,26,2,2,0,6,5,0,0,False,False,False
https://replay.pokemonshowdown.com/gen9nationaldex-2505858538-rdtvnth1ia7jwop7qsc476oudn41mecpw,ok,p2,bloodycheese,Dhelmise,Poltergeist; Toxic,,,,False,NAT DEX,2026-09-28T20:47:14,,604,3,6,1,2,26,2,2,0,6,5,0,0,False,False,False
https://replay.pokemonshowdown.com/gen9vgc2026regfbo3-2506945540-xf42u89kfhtbtcw5idr76sgo5ce0f5qpw,ok,p1,Bloodycheese,Okidogi,Drain Punch; Gunk Shot; Knock Off; Upper Hand,Guard Dog,Assault Vest,Water,True,VGC,2026-09-28T20:47:14,,467,4,3,1,0,7,3,2,0,1,5,0,0,False,False,False
https://replay.pokemonshowdown.com/gen9vgc2026regfbo3-2506945540-xf42u89kfhtbtcw5idr76sgo5ce0f5qpw,ok,p1,Bloodycheese,Ogerpon-Wellspring,Follow Me; Horn Leech; Ivy Cudgel; Spiky Shield,Embody Aspect (Wellspring); Water Absorb,Wellspring Mask,Water,True,VGC,2026-09-28T20:47:14,Ogerpon,467,4,3,1,0,7,3,2,0,1,5,0,0,True,False,True
https://replay.pokemonshowdown.com/gen9vgc2026regfbo3-2506945540-xf42u89kfhtbtcw5idr76sgo5ce0f5qpw,ok,p1,Bloodycheese,Arcanine-Hisui,Extreme Speed; Flare Blitz; Head Smash; Rock Slide,Intimidate,Choice Band,Fairy,True,VGC,2026-09-28T20:47:14,Arcanine,467,4,3,1,0,7,3,2,0,1,5,0,0,False,False,False
https://replay.pokemonshowdown.com/gen9vgc2026regfbo3-2506945540-xf42u89kfhtbtcw5idr76sgo5ce0f5qpw,ok,p1,Bloodycheese,Landorus,Earth Power; Protect; Sludge Bomb; Substitute,Sheer Force,Life Orb,Steel,True,VGC,2026-09-28T20:47:14,,467,4,3,1,0,7,3,2,0,1,5,0,0,False,False,False
https://replay.pokemonshowdown.com/gen9vgc2026regfbo3-2506945540-xf42u89kfhtbtcw5idr76sgo5ce0f5qpw,ok,p1,Bloodycheese,Chien-Pao,Icicle Crash; Protect; Sacred Sword; Sucker Punch,Sword of Ruin,Focus Sash,Stellar,True,VGC,2026-09-28T20:47:14,,467,4,3,1,0,7,3,2,0,1,5,0,0,False,False,False
https://replay.pokemonshowdown.com/gen9vgc2026regfbo3-2506945540-xf42u89kfhtbtcw5idr76sgo5ce0f5qpw,ok,p1,Bloodycheese,Rillaboom,Fake Out; Grassy Glide; Taunt; Wood Hammer,Grassy Surge,Miracle Seed,Fire,True,VGC,2026-09-28T20:47:14,,467,4,3,1,0,7,3,2,0,1,5,0,0,False,False,False
https://replay.pokemonshowdown.com/gen9vgc2026regfbo3-2506945540-xf42u89kfhtbtcw5idr76sgo5ce0f5qpw,ok,p2,Multiliner Racoon,Indeedee-F,Dazzling Gleam; Follow Me; Helping Hand; Trick Room,Psychic Surge,Rocky Helmet,Steel,False,VGC,2026-09-28T20:47:14,,467,3,4,0,1,7,1,2,0,0,3,0,0,False,False,False
https://replay.pokemonshowdown.com/gen9vgc2026regfbo3-2506945540-xf42u89kfhtbtcw5idr76sgo5ce0f5qpw,ok,p2,Multiliner Racoon,Hatterene,Dazzling Gleam; Expanding Force; Protect; Trick Room,Magic Bounce,Life Orb,Fire,False,VGC,2026-09-28T20:47:14,,467,3,4,0,1,7,1,2,0,0,3,0,0,True,False,False
https://replay.pokemonshowdown.com/gen9vgc2026regfbo3-2506945540-xf42u89kfhtbtcw5idr76sgo5ce0f5qpw,ok,p2,Multiliner Racoon,Torkoal,Earth Power; Eruption; Heat Wave; Weather Ball,Drought,Choice Specs,Fire,False,VGC,2026-09-28T20:47:14,,467,3,4,0,1,7,1,2,0,0,3,0,0,False,False,False
https://replay.pokemonshowdown.com/gen9vgc2026regfbo3-2506945540-xf42u89kfhtbtcw5idr76sgo5ce0f5qpw,ok,p2,Multiliner Racoon,Gallade,Psycho Cut; Sacred Sword; Trick Room; Wide Guard,Sharpness,Clear Amulet,Grass,False,VGC,2026-09-28T20:47:14,,467,3,4,0,1,7,1,2,0,0,3,0,0,False,False,True
https://replay.pokemonshowdown.com/gen9vgc2026regfbo3-2506945540-xf42u89kfhtbtcw5idr76sgo5ce0f5qpw,ok,p2,Multiliner Racoon,Ursaluna,Earthquake; Facade; Headlong Rush; Protect,Guts,Flame Orb,Ghost,False,VGC,2026-09-28T20:47:14,,467,3,4,0,1,7,1,2,0,0,3,0,0,False,False,False
https://replay.pokemonshowdown.com/gen9vgc2026regfbo3-2506945540-xf42u89kfhtbtcw5idr76sgo5ce0f5qpw,ok,p2,Multiliner Racoon,Urshifu-*,,,,,False,VGC,2026-09-28T20:47:14,,467,3,4,0,1,7,1,2,0,0,3,0,0,False,False,False
https://replay.pokemonshowdown.com/gen9vgc2026regfbo3-2506945540-xf42u89kfhtbtcw5idr76sgo5ce0f5qpw,ok,p2,Multiliner Racoon,Urshifu,Close Combat; Tera Blast; U-turn; Wicked Blow,Unseen Fist,Choice Scarf,Stellar,False,VGC,2026-09-28T20:47:14,,467,3,4,0,1,7,1,2,0,0,3,0,0,False,False,False
https://replay.pokemonshowdown.com/gen9vgc2026regfbo3-2508050287-ocfy4j5766nbxsugpc863iy3awpxfcjpw,ok,p1,bloodycheese,Okidogi,Drain Punch; Gunk Shot; Knock Off; Upper Hand,Guard Dog,Assault Vest,Water,True,VGC,2026-09-28T20:47:15,,382,4,2,0,0,7,5,0,0,0,0,0,0,True,False,False
https://replay.pokemonshowdown.com/gen9vgc2026regfbo3-2508050287-ocfy4j5766nbxsugpc863iy3awpxfcjpw,ok,p1,bloodycheese,Ogerpon-Wellspring,Follow Me; Horn Leech; Ivy Cudgel; Spiky Shield,Water Absorb,Wellspring Mask,Water,True,VGC,2026-09-28T20:47:15,,382,4,2,0,0,7,5,0,0,0,0,0,0,False,False,False
https://replay.pokemonshowdown.com/gen9vgc2026regfbo3-2508050287-ocfy4j5766nbxsugpc863iy3awpxfcjpw,ok,p1,bloodycheese,Arcanine-Hisui,Extreme Speed; Flare Blitz; Head Smash; Rock Slide,Intimidate,Choice Band,Fairy,True,VGC,2026-09-28T20:47:15,Arcanine,382,4,2,0,0,7,5,0,0,0,0,0,0,False,False,False
https://replay.pokemonshowdown.com/gen9vgc2026regfbo3-2508050287-ocfy4j5766nbxsugpc863iy3awpxfcjpw,ok,p1,bloodycheese,Landorus,Earth Power; Protect; Sludge Bomb; Substitute,Sheer Force,Life Orb,Steel,True,VGC,2026-09-28T20:47:15,,382,4,2,0,0,7,5,0,0,0,0,0,0,False,False,True
https://replay.pokemonshowdown.com/gen9vgc2026regfbo3-2508050287-ocfy4j5766nbxsugpc863iy3awpxfcjpw,ok,p1,bloodycheese,Chien-Pao,Icicle Crash; Protect; Sacred Sword; Sucker Punch,Sword of Ruin,Focus Sash,Stellar,True,VGC,2026-09-28T20:47:15,,382,4,2,0,0,7,5,0,0,0,0,0,0,False,False,False
https://replay.pokemonshowdown.com/gen9vgc2026regfbo3-2508050287-ocfy4j5766nbxsugpc863iy3awpxfcjpw,ok,p1,bloodycheese,Rillaboom,Fake Out; Grassy Glide; Taunt; Wood Hammer,Grassy Surge,Miracle Seed,Fire,True,VGC,2026-09-28T20:47:15,,382,4,2,0,0,7,5,0,0,0,0,0,0,False,False,False
https://replay.pokemonshowdown.com/gen9vgc2026regfbo3-2508050287-ocfy4j5766nbxsugpc863iy3awpxfcjpw,ok,p2,gato-t,Incineroar,Fake Out; Knock Off; Parting Shot; Will-O-Wisp,Intimidate,Safety Goggles,Ghost,False,VGC,2026-09-28T20:47:15,,382,2,4,0,0,7,4,2,0,0,0,0,0,False,False,False
https://replay.pokemonshowdown.com/gen9vgc2026regfbo3-2508050287-ocfy4j5766nbxsugpc863iy3awpxfcjpw,ok,p2,gato-t,Amoonguss,Protect; Rage Powder; Sludge Bomb; Spore,Regenerator,Sitrus Berry,Water,False,VGC,2026-09-28T20:47:15,,382,2,4,0,0,7,4,2,0,0,0,0,0,False,False,False
https://replay.pokemonshowdown.com/gen9vgc2026regfbo3-2508050287-ocfy4j5766nbxsugpc863iy3awpxfcjpw,ok,p2,gato-t,Ogerpon-Hearthflame,Ivy Cudgel; Spiky Shield; Stomping Tantrum; Wood Hammer,Mold Breaker,Hearthflame Mask,Fire,False,VGC,2026-09-28T20:47:15,Ogerpon,382,2,4,0,0,7,4,2,0,0,0,0,0,False,False,False
https://replay.pokemonshowdown.com/gen9vgc2026regfbo3-2508050287-ocfy4j5766nbxsugpc863iy3awpxfcjpw,ok,p2,gato-t,Raging Bolt,Draco Meteor; Electroweb; Snarl; Thunderclap,Protosynthesis,Assault Vest,Fairy,False,VGC,2026-09-28T20:47:15,,382,2,4,0,0,7,4,2,0,0,0,0,0,False,False,False
https://replay.pokemonshowdown.com/gen9vgc2026regfbo3-2508050287-ocfy4j5766nbxsugpc863iy3awpxfcjpw,ok,p2,gato-t,Flutter Mane,Dazzling Gleam; Moonblast; Power Gem; Shadow Ball,Protosynthesis,Choice Specs,Fairy,False,VGC,2026-09-28T20:47:15,,382,2,4,0,0,7,4,2,0,0,0,0,0,True,False,True
https://replay.pokemonshowdown.com/gen9vgc2026regfbo3-2508050287-ocfy4j5766nbxsugpc863iy3awpxfcjpw,ok,p2,gato-t,Tornadus,Bleakwind Storm; Protect; Sunny Day; Tailwind,Prankster,Focus Sash,Ghost,False,VGC,2026-09-28T20:47:15,,382,2,4,0,0,7,4,2,0,0,0,0,0,False,False,False
https://replay.pokemonshowdown.com/gen9vgc2026regfbo3-2508058106-qqviimbuecxck4gdlar2ttkkw8nn23rpw,ok,p1,auroras25,Torkoal,Earth Power; Eruption; Heat Wave; Weather Ball,Drought,Choice Specs,Fire,True,VGC,2026-09-28T20:47:16,Fab fogozo,229,4,1,0,0,5,2,4,1,1,0,0,0,False,False,True
https://replay.pokemonshowdown.com/gen9vgc2026regfbo3-2508058106-qqviimbuecxck4gdlar2ttkkw8nn23rpw,ok,p1,auroras25,Farigiraf,Expanding Force; Hyper Voice; Psychic Noise; Trick Room,Armor Tail,Throat Spray,Fire,True,VGC,2026-09-28T20:47:16,Fab cuello,229,4,1,0,0,5,2,4,1,1,0,0,0,False,False,False
https://replay.pokemonshowdown.com/gen9vgc2026regfbo3-2508058106-qqviimbuecxck4gdlar2ttkkw8nn23rpw,ok,p1,auroras25,Indeedee-F,Dazzling Gleam; Follow Me; Helping Hand; Trick Room,Psychic Surge,Safety Goggles,Dragon,True,VGC,2026-09-28T20:47:16,,229,4,1,0,0,5,2,4,1,1,0,0,0,False,False,False
https://replay.pokemonshowdown.com/gen9vgc2026regfbo3-2508058106-qqviimbuecxck4gdlar2ttkkw8nn23rpw,ok,p1,auroras25,Smeargle,Decorate; Fake Out; Follow Me; Spore,Technician,Focus Sash,Grass,True,VGC,2026-09-28T20:47:16,Fabinci,229,4,1,0,0,5,2,4,1,1,0,0,0,True,False,False
https://replay.pokemonshowdown.com/gen9vgc2026regfbo3-2508058106-qqviimbuecxck4gdlar2ttkkw8nn23rpw,ok,p1,auroras25,Urshifu-*,,,,,True,VGC,2026-09-28T20:47:16,,229,4,1,0,0,5,2,4,1,1,0,0,0,False,False,False
https://replay.pokemonshowdown.com/gen9vgc2026regfbo3-2508058106-qqviimbuecxck4gdlar2ttkkw8nn23rpw,ok,p1,auroras25,Hatterene,Dazzling Gleam; Expanding Force; Psychic; Trick Room,Magic Bounce,Covert Cloak,Fire,True,VGC,2026-09-28T20:47:16,,229,4,1,0,0,5,2,4,1,1,0,0,0,False,False,False
https://replay.pokemonshowdown.com/gen9vgc2026regfbo3-2508058106-qqviimbuecxck4gdlar2ttkkw8nn23rpw,ok,p1,auroras25,Urshifu,Close Combat; Sucker Punch; U-turn; Wicked Blow,Unseen Fist,Choice Band,Grass,True,VGC,2026-09-28T20:47:16,,229,4,1,0,0,5,2,4,1,1,0,0,0,False,False,False
https://replay.pokemonshowdown.com/gen9vgc2026regfbo3-2508058106-qqviimbuecxck4gdlar2ttkkw8nn23rpw,ok,p2,bloodycheese,Okidogi,Drain Punch; Gunk Shot; Knock Off; Upper Hand,Guard Dog,Assault Vest,Water,False,VGC,2026-09-28T20:47:16,,229,1,4,0,0,5,0,0,0,0,0,0,0,False,False,False
https://replay.pokemonshowdown.com/gen9vgc2026regfbo3-2508058106-qqviimbuecxck4gdlar2ttkkw8nn23rpw,ok,p2,bloodycheese,Ogerpon-Wellspring,Follow Me; Horn Leech; Ivy Cudgel; Spiky Shield,Water Absorb,Wellspring Mask,Water,False,VGC,2026-09-28T20:47:16,,229,1,4,0,0,5,0,0,0,0,0,0,0,False,False,False
https://replay.pokemonshowdown.com/gen9vgc2026regfbo3-2508058106-qqviimbuecxck4gdlar2ttkkw8nn23rpw,ok,p2,bloodycheese,Arcanine-Hisui,Extreme Speed; Flare Blitz; Head Smash; Rock Slide,Intimidate,Choice Band,Fairy,False,VGC,2026-09-28T20:47:16,Arcanine,229,1,4,0,0,5,0,0,0,0,0,0,0,False,False,False
https://replay.pokemonshowdown.com/gen9vgc2026regfbo3-2508058106-qqviimbuecxck4gdlar2ttkkw8nn23rpw,ok,p2,bloodycheese,Landorus,Earth Power; Protect; Sludge Bomb; Substitute,Sheer Force,Life Orb,Steel,False,VGC,2026-09-28T20:47:16,,229,1,4,0,0,5,0,0,0,0,0,0,0,True,False,True
https://replay.pokemonshowdown.com/gen9vgc2026regfbo3-2508058106-qqviimbuecxck4gdlar2ttkkw8nn23rpw,ok,p2,bloodycheese,Chien-Pao,Icicle Crash; Protect; Sacred Sword; Sucker Punch,Sword of Ruin,Focus Sash,Stellar,False,VGC,2026-09-28T20:47:16,,229,1,4,0,0,5,0,0,0,0,0,0,0,False,False,False
https://replay.pokemonshowdown.com/gen9vgc2026regfbo3-2508058106-qqviimbuecxck4gdlar2ttkkw8nn23rpw,ok,p2,bloodycheese,Rillaboom,Fake Out; Grassy Glide; Taunt; Wood Hammer,Grassy Surge,Miracle Seed,Fire,False,VGC,2026-09-28T20:47:16,,229,1,4,0,0,5,0,0,0,0,0,0,0,False,False,False
https://replay.pokemonshowdown.com/gen9randombattle-2514039674-6tavsgl1fn8ml9p2waufbeicq1o2v53pw,ok,p1,Bloodycheese,Torkoal,Lava Plume; Yawn,,Heavy-Duty Boots,,True,RANDOM SINGLES,2026-09-28T20:47:16,,769,6,5,1,1,27,9,1,2,2,7,0,0,True,False,False
https://replay.pokemonshowdown.com/gen9randombattle-2514039674-6tavsgl1fn8ml9p2waufbeicq1o2v53pw,ok,p1,Bloodycheese,Brambleghast,Leech Seed,,Leftovers,,True,RANDOM SINGLES,2026-09-28T20:47:16,,769,6,5,1,1,27,9,1,2,2,7,0,0,False,False,False
https://replay.pokemonshowdown.com/gen9randombattle-2514039674-6tavsgl1fn8ml9p2waufbeicq1o2v53pw,ok,p1,Bloodycheese,Slither Wing,Close Combat,,,,True,RANDOM SINGLES,2026-09-28T20:47:16,,769,6,5,1,1,27,9,1,2,2,7,0,0,False,False,False
https://replay.pokemonshowdown.com/gen9randombattle-2514039674-6tavsgl1fn8ml9p2waufbeicq1o2v53pw,ok,p1,Bloodycheese,Drifblim,Calm Mind; Shadow Ball,,,,True,RANDOM SINGLES,2026-09-28T20:47:16,,769,6,5,1,1,27,9,1,2,2,7,0,0,False,False,False
https://replay.pokemonshowdown.com/gen9randombattle-2514039674-6tavsgl1fn8ml9p2waufbeicq1o2v53pw,ok,p1,Bloodycheese,Tsareena,Knock Off; Power Whip; Synthesis,,,Fighting,True,RANDOM SINGLES,2026-09-28T20:47:16,,769,6,5,1,1,27,9,1,2,2,7,0,0,False,False,True
https://replay.pokemonshowdown.com/gen9randombattle-2514039674-6tavsgl1fn8ml9p2waufbeicq1o2v53pw,ok,p1,Bloodycheese,Iron Bundle,Freeze-Dry; Ice Beam; Substitute,,,,True,RANDOM SINGLES,2026-09-28T20:47:16,,769,6,5,1,1,27,9,1,2,2,7,0,0,False,False,False
https://replay.pokemonshowdown.com/gen9randombattle-2514039674-6tavsgl1fn8ml9p2waufbeicq1o2v53pw,ok,p2,Angello7796,Politoed,Ice Beam; Surf,,,,False,RANDOM SINGLES,2026-09-28T20:47:16,,769,5,6,1,1,27,5,0,4,0,3,0,0,True,False,False
https://replay.pokemonshowdown.com/gen9randombattle-2514039674-6tavsgl1fn8ml9p2waufbeicq1o2v53pw,ok,p2,Angello7796,Torkoal,Lava Plume; Yawn,,,,False,RANDOM SINGLES,2026-09-28T20:47:16,,769,5,6,1,1,27,5,0,4,0,3,0,0,False,False,False
https://replay.pokemonshowdown.com/gen9randombattle-2514039674-6tavsgl1fn8ml9p2waufbeicq1o2v53pw,ok,p2,Angello7796,Meowscarada,Flower Trick; Knock Off,,,,False,RANDOM SINGLES,2026-09-28T20:47:16,,769,5,6,1,1,27,5,0,4,0,3,0,0,False,False,False
https://replay.pokemonshowdown.com/gen9randombattle-2514039674-6tavsgl1fn8ml9p2waufbeicq1o2v53pw,ok,p2,Angello7796,Blaziken,,,,,False,RANDOM SINGLES,2026-09-28T20:47:16,,769,5,6,1,1,27,5,0,4,0,3,0,0,False,False,False
https://replay.pokemonshowdown.com/gen9randombattle-2514039674-6tavsgl1fn8ml9p2waufbeicq1o2v53pw,ok,p2,Angello7796,Trevenant,Poltergeist,,Life Orb,,False,RANDOM SINGLES,2026-09-28T20:47:16,,769,5,6,1,1,27,5,0,4,0,3,0,0,False,False,False
https://replay.pokemonshowdown.com/gen9randombattle-2514039674-6tavsgl1fn8ml9p2waufbeicq1o2v53pw,ok,p2,Angello7796,Luvdisc,Substitute; Surf; Whirlpool,,,,False,RANDOM SINGLES,2026-09-28T20:47:16,,769,5,6,1,1,27,5,0,4,0,3,0,0,False,False,False
https://replay.pokemonshowdown.com/gen9randombattle-2518720793,ok,p1,Cl_moonligth,Phione,Scald; Take Heart,,,Steel,True,RANDOM SINGLES,2026-09-28T20:47:17,,467,6,3,0,0,24,5,1,0,2,15,0,0,True,False,True
https://replay.pokemonshowdown.com/gen9randombattle-2518720793,ok,p1,Cl_moonligth,Spidops,,,Heavy-Duty Boots,,True,RANDOM SINGLES,2026-09-28T20:47:17,,467,6,3,0,0,24,5,1,0,2,15,0,0,False,False,False
https://replay.pokemonshowdown.com/gen9randombattle-2518720793,ok,p1,Cl_moonligth,Raichu-Alola,Focus Blast; Psychic,,Choice Specs,,True,RANDOM SINGLES,2026-09-28T20:47:17,Raichu,467,6,3,0,0,24,5,1,0,2,15,0,0,False,False,False
https://replay.pokemonshowdown.com/gen9randombattle-2518720793,ok,p1,Cl_moonligth,Pawmot,Double Shock; Knock Off; Revival Blessing,,,,True,RANDOM SINGLES,2026-09-28T20:47:17,,467,6,3,0,0,24,5,1,0,2,15,0,0,False,False,False
https://replay.pokemonshowdown.com/gen9randombattle-2518720793,ok,p1,Cl_moonligth,Arboliva,Energy Ball; Hyper Voice,,,,True,RANDOM SINGLES,2026-09-28T20:47:17,,467,6,3,0,0,24,5,1,0,2,15,0,0,False,False,False
https://replay.pokemonshowdown.com/gen9randombattle-2518720793,ok,p2,bloodycheese,Venusaur,Knock Off; Sleep Powder; Sludge Bomb,,,Dark,False,RANDOM SINGLES,2026-09-28T20:47:17,,467,3,6,0,0,24,3,1,0,5,7,0,0,True,False,True
https://replay.pokemonshowdown.com/gen9randombattle-2518720793,ok,p2,bloodycheese,Cresselia,Calm Mind,,Leftovers,,False,RANDOM SINGLES,2026-09-28T20:47:17,,467,3,6,0,0,24,3,1,0,5,7,0,0,False,False,False
https://replay.pokemonshowdown.com/gen9randombattle-2518720793,ok,p2,bloodycheese,Talonflame,Brave Bird,,,,False,RANDOM SINGLES,2026-09-28T20:47:17,,467,3,6,0,0,24,3,1,0,5,7,0,0,False,False,False
https://replay.pokemonshowdown.com/gen9randombattle-2518720793,ok,p2,bloodycheese,Ting-Lu,Earthquake; Throat Chop,Vessel of Ruin,,,False,RANDOM SINGLES,2026-09-28T20:47:17,,467,3,6,0,0,24,3,1,0,5,7,0,0,False,False,False
https://replay.pokemonshowdown.com/gen9randombattle-2518720793,ok,p2,bloodycheese,Iron Jugulis,Hurricane,,,,False,RANDOM SINGLES,2026-09-28T20:47:17,,467,3,6,0,0,24,3,1,0,5,7,0,0,False,False,False
https://replay.pokemonshowdown.com/gen9randombattle-2518720793,ok,p2,bloodycheese,Terapagos,Calm Mind; Dark Pulse; Rapid Spin,,,,False,RANDOM SINGLES,2026-09-28T20:47:17,,467,3,6,0,0,24,3,1,0,5,7,0,0,False,False,False
https://replay.pokemonshowdown.com/gen9nationaldex-2524339469-u3v3qmmybb1rfr5wbs5fkn5yt3tnodnpw,ok,p1,Buenocomoeloro,Mudsdale,Toxic,,,,True,NAT DEX,2026-09-28T20:47:18,,484,6,3,1,0,23,6,4,0,5,4,0,0,False,False,False
https://replay.pokemonshowdown.com/gen9nationaldex-2524339469-u3v3qmmybb1rfr5wbs5fkn5yt3tnodnpw,ok,p1,Buenocomoeloro,Zeraora,Acrobatics,,,,True,NAT DEX,2026-09-28T20:47:18,,484,6,3,1,0,23,6,4,0,5,4,0,0,False,False,False
https://replay.pokemonshowdown.com/gen9nationaldex-2524339469-u3v3qmmybb1rfr5wbs5fkn5yt3tnodnpw,ok,p1,Buenocomoeloro,Incineroar,Fake Out; U-turn,Intimidate,,,True,NAT DEX,2026-09-28T20:47:18,,484,6,3,1,0,23,6,4,0,5,4,0,0,True,False,False
https://replay.pokemonshowdown.com/gen9nationaldex-2524339469-u3v3qmmybb1rfr5wbs5fkn5yt3tnodnpw,ok,p1,Buenocomoeloro,Primarina,Hyper Voice,,,,True,NAT DEX,2026-09-28T20:47:18,,484,6,3,1,0,23,6,4,0,5,4,0,0,False,False,False
https://replay.pokemonshowdown.com/gen9nationaldex-2524339469-u3v3qmmybb1rfr5wbs5fkn5yt3tnodnpw,ok,p1,Buenocomoeloro,Kommo-o,Clangorous Soul; Drain Punch; Earthquake; Poison Jab,,,,True,NAT DEX,2026-09-28T20:47:18,,484,6,3,1,0,23,6,4,0,5,4,0,0,False,False,False
https://replay.pokemonshowdown.com/gen9nationaldex-2524339469-u3v3qmmybb1rfr5wbs5fkn5yt3tnodnpw,ok,p1,Buenocomoeloro,Dhelmise,Poltergeist,,,,True,NAT DEX,2026-09-28T20:47:18,,484,6,3,1,0,23,6,4,0,5,4,0,0,False,False,False
https://replay.pokemonshowdown.com/gen9nationaldex-2524339469-u3v3qmmybb1rfr5wbs5fkn5yt3tnodnpw,ok,p2,MafiaPolar6242,Kartana,Leaf Blade,Beast Boost,,,False,NAT DEX,2026-09-28T20:47:18,,484,3,6,0,1,23,1,8,0,3,4,0,0,False,False,False
https://replay.pokemonshowdown.com/gen9nationaldex-2524339469-u3v3qmmybb1rfr5wbs5fkn5yt3tnodnpw,ok,p2,MafiaPolar6242,Toxapex,Haze,,,,False,NAT DEX,2026-09-28T20:47:18,,484,3,6,0,1,23,1,8,0,3,4,0,0,False,False,False
https://replay.pokemonshowdown.com/gen9nationaldex-2524339469-u3v3qmmybb1rfr5wbs5fkn5yt3tnodnpw,ok,p2,MafiaPolar6242,Mudsdale,,Stamina,,,False,NAT DEX,2026-09-28T20:47:18,,484,3,6,0,1,23,1,8,0,3,4,0,0,False,False,False
https://replay.pokemonshowdown.com/gen9nationaldex-2524339469-u3v3qmmybb1rfr5wbs5fkn5yt3tnodnpw,ok,p2,MafiaPolar6242,Salazzle,Flamethrower; Sludge Wave,,,,False,NAT DEX,2026-09-28T20:47:18,,484,3,6,0,1,23,1,8,0,3,4,0,0,False,False,False
https://replay.pokemonshowdown.com/gen9nationaldex-2524339469-u3v3qmmybb1rfr5wbs5fkn5yt3tnodnpw,ok,p2,MafiaPolar6242,Decidueye,Leaf Blade; Shadow Sneak; Spirit Shackle; Swords Dance,,,,False,NAT DEX,2026-09-28T20:47:18,,484,3,6,0,1,23,1,8,0,3,4,0,0,False,False,False
https://replay.pokemonshowdown.com/gen9nationaldex-2524339469-u3v3qmmybb1rfr5wbs5fkn5yt3tnodnpw,ok,p2,MafiaPolar6242,Araquanid,Leech Life; Liquidation,,,,False,NAT DEX,2026-09-28T20:47:18,,484,3,6,0,1,23,1,8,0,3,4,0,0,True,False,False
https://replay.pokemonshowdown.com/gen9nationaldex-2531568450-ctiu2fht749asxl36r0jksosexnyeo6pw,ok,p1,skll02,Ribombee,Moonblast; Psychic Noise; Sticky Web,,Focus Sash,,False,NAT DEX,2026-09-28T20:47:18,,372,3,6,0,0,29,1,2,0,5,14,0,0,False,False,False
https://replay.pokemonshowdown.com/gen9nationaldex-2531568450-ctiu2fht749asxl36r0jksosexnyeo6pw,ok,p1,skll02,Incineroar,Fake Out; Parting Shot,Intimidate,,,False,NAT DEX,2026-09-28T20:47:18,,372,3,6,0,0,29,1,2,0,5,14,0,0,False,False,False
https://replay.pokemonshowdown.com/gen9nationaldex-2531568450-ctiu2fht749asxl36r0jksosexnyeo6pw,ok,p1,skll02,Toxapex,Baneful Bunker; Recover; Scald; Toxic,,,,False,NAT DEX,2026-09-28T20:47:18,,372,3,6,0,0,29,1,2,0,5,14,0,0,False,False,False
https://replay.pokemonshowdown.com/gen9nationaldex-2531568450-ctiu2fht749asxl36r0jksosexnyeo6pw,ok,p1,skll02,Lurantis,Leaf Storm; Pollen Puff; Superpower,,,,False,NAT DEX,2026-09-28T20:47:18,,372,3,6,0,0,29,1,2,0,5,14,0,0,True,False,False
https://replay.pokemonshowdown.com/gen9nationaldex-2531568450-ctiu2fht749asxl36r0jksosexnyeo6pw,ok,p1,skll02,Celesteela,Leech Seed; Protect,,,,False,NAT DEX,2026-09-28T20:47:18,,372,3,6,0,0,29,1,2,0,5,14,0,0,False,False,False
https://replay.pokemonshowdown.com/gen9nationaldex-2531568450-ctiu2fht749asxl36r0jksosexnyeo6pw,ok,p1,skll02,Lycanroc-Dusk,Endeavor; Stealth Rock,,Focus Sash,,False,NAT DEX,2026-09-28T20:47:18,Lycanroc,372,3,6,0,0,29,1,2,0,5,14,0,0,False,False,False
https://replay.pokemonshowdown.com/gen9nationaldex-2531568450-ctiu2fht749asxl36r0jksosexnyeo6pw,ok,p2,bloodycheese,Mudsdale,Body Press; Stealth Rock; Toxic,Stamina,,,True,NAT DEX,2026-09-28T20:47:18,,372,6,3,0,0,29,4,2,0,3,4,0,0,False,False,False
https://replay.pokemonshowdown.com/gen9nationaldex-2531568450-ctiu2fht749asxl36r0jksosexnyeo6pw,ok,p2,bloodycheese,Zeraora,Plasma Fists,,,,True,NAT DEX,2026-09-28T20:47:18,,372,6,3,0,0,29,4,2,0,3,4,0,0,False,False,False
https://replay.pokemonshowdown.com/gen9nationaldex-2531568450-ctiu2fht749asxl36r0jksosexnyeo6pw,ok,p2,bloodycheese,Incineroar,Flare Blitz; Knock Off; U-turn,Intimidate,,,True,NAT DEX,2026-09-28T20:47:18,,372,6,3,0,0,29,4,2,0,3,4,0,0,False,False,False
https://replay.pokemonshowdown.com/gen9nationaldex-2531568450-ctiu2fht749asxl36r0jksosexnyeo6pw,ok,p2,bloodycheese,Primarina,,,,,True,NAT DEX,2026-09-28T20:47:18,,372,6,3,0,0,29,4,2,0,3,4,0,0,False,False,False
https://replay.pokemonshowdown.com/gen9nationaldex-2531568450-ctiu2fht749asxl36r0jksosexnyeo6pw,ok,p2,bloodycheese,Kommo-o,,,,,True,NAT DEX,2026-09-28T20:47:18,,372,6,3,0,0,29,4,2,0,3,4,0,0,False,False,False
https://replay.pokemonshowdown.com/gen9nationaldex-2531568450-ctiu2fht749asxl36r0jksosexnyeo6pw,ok,p2,bloodycheese,Dhelmise,Power Whip; Rapid Spin; Toxic,,,,True,NAT DEX,2026-09-28T20:47:18,,372,6,3,0,0,29,4,2,0,3,4,0,0,True,False,False
https://replay.pokemonshowdown.com/gen9nationaldex-2536259806-4a53borh7rxpvffafqwwtpn4p8ffllypw,ok,p1,bloodycheese,Mudsdale,Body Press; Stealth Rock; Toxic,Stamina,,,True,NAT DEX,2026-09-28T20:47:19,,498,6,4,0,0,21,3,1,0,6,6,0,0,False,False,False
https://replay.pokemonshowdown.com/gen9nationaldex-2536259806-4a53borh7rxpvffafqwwtpn4p8ffllypw,ok,p1,bloodycheese,Zeraora,Plasma Fists,,,,True,NAT DEX,2026-09-28T20:47:19,,498,6,4,0,0,21,3,1,0,6,6,0,0,False,False,False
https://replay.pokemonshowdown.com/gen9nationaldex-2536259806-4a53borh7rxpvffafqwwtpn4p8ffllypw,ok,p1,bloodycheese,Incineroar,Fake Out; Flare Blitz; Knock Off,Intimidate,Assault Vest,,True,NAT DEX,2026-09-28T20:47:19,,498,6,4,0,0,21,3,1,0,6,6,0,0,False,False,False
https://replay.pokemonshowdown.com/gen9nationaldex-2536259806-4a53borh7rxpvffafqwwtpn4p8ffllypw,ok,p1,bloodycheese,Primarina,Hyper Voice,,,,True,NAT DEX,2026-09-28T20:47:19,,498,6,4,0,0,21,3,1,0,6,6,0,0,True,False,False
https://replay.pokemonshowdown.com/gen9nationaldex-2536259806-4a53borh7rxpvffafqwwtpn4p8ffllypw,ok,p1,bloodycheese,Kommo-o,,,,,True,NAT DEX,2026-09-28T20:47:19,,498,6,4,0,0,21,3,1,0,6,6,0,0,False,False,False
https://replay.pokemonshowdown.com/gen9nationaldex-2536259806-4a53borh7rxpvffafqwwtpn4p8ffllypw,ok,p1,bloodycheese,Dhelmise,Gyro Ball; Rapid Spin,,Rocky Helmet,,True,NAT DEX,2026-09-28T20:47:19,,498,6,4,0,0,21,3,1,0,6,6,0,0,False,False,False
https://replay.pokemonshowdown.com/gen9nationaldex-2536259806-4a53borh7rxpvffafqwwtpn4p8ffllypw,ok,p2,Davarv,Komala,Rapid Spin,Comatose,,,False,NAT DEX,2026-09-28T20:47:19,,498,4,6,0,0,21,5,2,0,4,1,0,0,False,False,False
https://replay.pokemonshowdown.com/gen9nationaldex-2536259806-4a53borh7rxpvffafqwwtpn4p8ffllypw,ok,p2,Davarv,Ribombee,Sticky Web; Stun Spore,,Focus Sash,,False,NAT DEX,2026-09-28T20:47:19,,498,4,6,0,0,21,5,2,0,4,1,0,0,True,False,False
https://replay.pokemonshowdown.com/gen9nationaldex-2536259806-4a53borh7rxpvffafqwwtpn4p8ffllypw,ok,p2,Davarv,Muk-Alola,Knock Off; Shadow Sneak,,,,False,NAT DEX,2026-09-28T20:47:19,Muk,498,4,6,0,0,21,5,2,0,4,1,0,0,False,False,False
https://replay.pokemonshowdown.com/gen9nationaldex-2536259806-4a53borh7rxpvffafqwwtpn4p8ffllypw,ok,p2,Davarv,Celesteela,Flamethrower,,,,False,NAT DEX,2026-09-28T20:47:19,,498,4,6,0,0,21,5,2,0,4,1,0,0,False,False,False
https://replay.pokemonshowdown.com/gen9nationaldex-2536259806-4a53borh7rxpvffafqwwtpn4p8ffllypw,ok,p2,Davarv,Golisopod,Drill Run; Liquidation,,,,False,NAT DEX,2026-09-28T20:47:19,,498,4,6,0,0,21,5,2,0,4,1,0,0,False,False,False
https://replay.pokemonshowdown.com/gen9nationaldex-2536259806-4a53borh7rxpvffafqwwtpn4p8ffllypw,ok,p2,Davarv,Mudsdale,Earthquake,Stamina,Chesto Berry,,False,NAT DEX,2026-09-28T20:47:19,,498,4,6,0,0,21,5,2,0,4,1,0,0,False,False,False
https://replay.pokemonshowdown.com/gen9nationaldex-2540489916-p8cjkx8ylejhv5ykal3njapjbipdch7pw,ok,p1,buenocomoeloro,Mudsdale,Body Press; Earthquake; Stealth Rock,Stamina,,,True,NAT DEX,2026-09-28T20:47:20,,816,6,3,1,0,27,6,4,0,9,9,0,0,True,False,False
https://replay.pokemonshowdown.com/gen9nationaldex-2540489916-p8cjkx8ylejhv5ykal3njapjbipdch7pw,ok,p1,buenocomoeloro,Zeraora,,,,,True,NAT DEX,2026-09-28T20:47:20,,816,6,3,1,0,27,6,4,0,9,9,0,0,False,False,False
https://replay.pokemonshowdown.com/gen9nationaldex-2540489916-p8cjkx8ylejhv5ykal3njapjbipdch7pw,ok,p1,buenocomoeloro,Incineroar,Flare Blitz; Knock Off; U-turn,Intimidate,,,True,NAT DEX,2026-09-28T20:47:20,,816,6,3,1,0,27,6,4,0,9,9,0,0,False,False,False
https://replay.pokemonshowdown.com/gen9nationaldex-2540489916-p8cjkx8ylejhv5ykal3njapjbipdch7pw,ok,p1,buenocomoeloro,Primarina,Hyper Voice,,,,True,NAT DEX,2026-09-28T20:47:20,,816,6,3,1,0,27,6,4,0,9,9,0,0,False,False,False
https://replay.pokemonshowdown.com/gen9nationaldex-2540489916-p8cjkx8ylejhv5ykal3njapjbipdch7pw,ok,p1,buenocomoeloro,Kommo-o,Clangorous Soulblaze; Earthquake; Poison Jab,,,,True,NAT DEX,2026-09-28T20:47:20,,816,6,3,1,0,27,6,4,0,9,9,0,0,False,False,False
https://replay.pokemonshowdown.com/gen9nationaldex-2540489916-p8cjkx8ylejhv5ykal3njapjbipdch7pw,ok,p1,buenocomoeloro,Dhelmise,Gyro Ball,,,,True,NAT DEX,2026-09-28T20:47:20,,816,6,3,1,0,27,6,4,0,9,9,0,0,False,False,False
https://replay.pokemonshowdown.com/gen9nationaldex-2540489916-p8cjkx8ylejhv5ykal3njapjbipdch7pw,ok,p2,Sasori07,Raichu-Alola,Nasty Plot; Psychic; Surf,,,,False,NAT DEX,2026-09-28T20:47:20,Raichu,816,3,6,0,1,27,5,0,0,1,9,0,0,False,False,False
https://replay.pokemonshowdown.com/gen9nationaldex-2540489916-p8cjkx8ylejhv5ykal3njapjbipdch7pw,ok,p2,Sasori07,Incineroar,Drain Punch; Parting Shot,Intimidate,Heavy-Duty Boots,,False,NAT DEX,2026-09-28T20:47:20,,816,3,6,0,1,27,5,0,0,1,9,0,0,False,False,False
https://replay.pokemonshowdown.com/gen9nationaldex-2540489916-p8cjkx8ylejhv5ykal3njapjbipdch7pw,ok,p2,Sasori07,Tapu Lele,Moonblast,,,,False,NAT DEX,2026-09-28T20:47:20,,816,3,6,0,1,27,5,0,0,1,9,0,0,False,False,False
https://replay.pokemonshowdown.com/gen9nationaldex-2540489916-p8cjkx8ylejhv5ykal3njapjbipdch7pw,ok,p2,Sasori07,Muk-Alola,Poison Jab,,,,False,NAT DEX,2026-09-28T20:47:20,Muk,816,3,6,0,1,27,5,0,0,1,9,0,0,False,False,False
https://replay.pokemonshowdown.com/gen9nationaldex-2540489916-p8cjkx8ylejhv5ykal3njapjbipdch7pw,ok,p2,Sasori07,Tsareena,,,,,False,NAT DEX,2026-09-28T20:47:20,,816,3,6,0,1,27,5,0,0,1,9,0,0,False,False,False
https://replay.pokemonshowdown.com/gen9nationaldex-2540489916-p8cjkx8ylejhv5ykal3njapjbipdch7pw,ok,p2,Sasori07,Toxapex,Baneful Bunker; Haze; Scald,,,,False,NAT DEX,2026-09-28T20:47:20,,816,3,6,0,1,27,5,0,0,1,9,0,0,True,False,False
https://replay.pokemonshowdown.com/gen9nationaldex-2540498664-7i9j94wnjyohidy7anww7a08jry9mhgpw,ok,p1,CaradeCoso,Decidueye,Roost; Shadow Sneak; Spirit Shackle,,,,False,NAT DEX,2026-09-28T20:47:20,Yodueye,1530,2,6,0,0,22,3,0,0,1,2,0,0,True,False,False
https://replay.pokemonshowdown.com/gen9nationaldex-2540498664-7i9j94wnjyohidy7anww7a08jry9mhgpw,ok,p1,CaradeCoso,Ribombee,Moonblast; Sticky Web,,,,False,NAT DEX,2026-09-28T20:47:20,Bicharraco,1530,2,6,0,0,22,3,0,0,1,2,0,0,False,False,False
https://replay.pokemonshowdown.com/gen9nationaldex-2540498664-7i9j94wnjyohidy7anww7a08jry9mhgpw,ok,p1,CaradeCoso,Turtonator,Flamethrower; Rapid Spin,,,,False,NAT DEX,2026-09-28T20:47:20,Turtoranko,1530,2,6,0,0,22,3,0,0,1,2,0,0,False,False,False
https://replay.pokemonshowdown.com/gen9nationaldex-2540498664-7i9j94wnjyohidy7anww7a08jry9mhgpw,ok,p1,CaradeCoso,Nihilego,Power Gem; Sludge Wave,,,,False,NAT DEX,2026-09-28T20:47:20,Nihoirix,1530,2,6,0,0,22,3,0,0,1,2,0,0,False,False,False
https://replay.pokemonshowdown.com/gen9nationaldex-2540498664-7i9j94wnjyohidy7anww7a08jry9mhgpw,ok,p1,CaradeCoso,Lycanroc-Dusk,,,,,False,NAT DEX,2026-09-28T20:47:20,LycanDusk FPS,1530,2,6,0,0,22,3,0,0,1,2,0,0,False,False,False
https://replay.pokemonshowdown.com/gen9nationaldex-2540498664-7i9j94wnjyohidy7anww7a08jry9mhgpw,ok,p1,CaradeCoso,Toucannon,,,Heavy-Duty Boots,,False,NAT DEX,2026-09-28T20:47:20,TouWatón,1530,2,6,0,0,22,3,0,0,1,2,0,0,False,False,False
https://replay.pokemonshowdown.com/gen9nationaldex-2540498664-7i9j94wnjyohidy7anww7a08jry9mhgpw,ok,p2,buenocomoeloro,Mudsdale,Earthquake; Stealth Rock; Toxic,Stamina,,,True,NAT DEX,2026-09-28T20:47:20,,1530,6,2,0,0,22,3,8,0,10,6,0,0,False,False,False
https://replay.pokemonshowdown.com/gen9nationaldex-2540498664-7i9j94wnjyohidy7anww7a08jry9mhgpw,ok,p2,buenocomoeloro,Zeraora,Volt Switch,,,,True,NAT DEX,2026-09-28T20:47:20,,1530,6,2,0,0,22,3,8,0,10,6,0,0,True,False,False
https://replay.pokemonshowdown.com/gen9nationaldex-2540498664-7i9j94wnjyohidy7anww7a08jry9mhgpw,ok,p2,buenocomoeloro,Incineroar,Fake Out; Flare Blitz; Knock Off,Intimidate,,,True,NAT DEX,2026-09-28T20:47:20,,1530,6,2,0,0,22,3,8,0,10,6,0,0,False,False,False
https://replay.pokemonshowdown.com/gen9nationaldex-2540498664-7i9j94wnjyohidy7anww7a08jry9mhgpw,ok,p2,buenocomoeloro,Primarina,,,,,True,NAT DEX,2026-09-28T20:47:20,,1530,6,2,0,0,22,3,8,0,10,6,0,0,False,False,False
https://replay.pokemonshowdown.com/gen9nationaldex-2540498664-7i9j94wnjyohidy7anww7a08jry9mhgpw,ok,p2,buenocomoeloro,Kommo-o,Clangorous Soulblaze; Drain Punch; Earthquake; Poison Jab,,,,True,NAT DEX,2026-09-28T20:47:20,,1530,6,2,0,0,22,3,8,0,10,6,0,0,False,False,False
https://replay.pokemonshowdown.com/gen9nationaldex-2540498664-7i9j94wnjyohidy7anww7a08jry9mhgpw,ok,p2,buenocomoeloro,Dhelmise,Gyro Ball; Rapid Spin,,,,True,NAT DEX,2026-09-28T20:47:20,,1530,6,2,0,0,22,3,8,0,10,6,0,0,False,False,False
https://replay.pokemonshowdown.com/gen1stadiumou-2521531110-uy8af7aisd9h0oxf28ga2worf5lft87pw,ok,p1,bloodycheese,Alakazam,Psychic; Recover; Substitute; Thunder Wave,,,,False,STADIUM OU GEN 1,2026-09-28T20:47:21,,740,2,6,3,3,163,3,4,0,0,19,0,0,False,False,False
https://replay.pokemonshowdown.com/gen1stadiumou-2521531110-uy8af7aisd9h0oxf28ga2worf5lft87pw,ok,p1,bloodycheese,Chansey,Reflect; Seismic Toss; Soft-Boiled; Thunder Wave,,,,False,STADIUM OU GEN 1,2026-09-28T20:47:21,,740,2,6,3,3,163,3,4,0,0,19,0,0,False,False,False
https://replay.pokemonshowdown.com/gen1stadiumou-2521531110-uy8af7aisd9h0oxf28ga2worf5lft87pw,ok,p1,bloodycheese,Starmie,Blizzard; Thunder Wave; Thunderbolt,,,,False,STADIUM OU GEN 1,2026-09-28T20:47:21,,740,2,6,3,3,163,3,4,0,0,19,0,0,False,False,False
https://replay.pokemonshowdown.com/gen1stadiumou-2521531110-uy8af7aisd9h0oxf28ga2worf5lft87pw,ok,p1,bloodycheese,Exeggutor,Explosion,,,,False,STADIUM OU GEN 1,2026-09-28T20:47:21,,740,2,6,3,3,163,3,4,0,0,19,0,0,False,False,False
https://replay.pokemonshowdown.com/gen1stadiumou-2521531110-uy8af7aisd9h0oxf28ga2worf5lft87pw,ok,p1,bloodycheese,Tauros,Double-Edge,,,,False,STADIUM OU GEN 1,2026-09-28T20:47:21,,740,2,6,3,3,163,3,4,0,0,19,0,0,False,False,False
https://replay.pokemonshowdown.com/gen1stadiumou-2521531110-uy8af7aisd9h0oxf28ga2worf5lft87pw,ok,p1,bloodycheese,Snorlax,Reflect,,,,False,STADIUM OU GEN 1,2026-09-28T20:47:21,,740,2,6,3,3,163,3,4,0,0,19,0,0,True,False,False
https://replay.pokemonshowdown.com/gen1stadiumou-2521531110-uy8af7aisd9h0oxf28ga2worf5lft87pw,ok,p2,EmperorGambit,Exeggutor,Double-Edge; Psychic; Rest; Stun Spore,,,,True,STADIUM OU GEN 1,2026-09-28T20:47:21,,740,6,2,3,3,163,0,0,0,4,19,0,0,False,False,False
https://replay.pokemonshowdown.com/gen1stadiumou-2521531110-uy8af7aisd9h0oxf28ga2worf5lft87pw,ok,p2,EmperorGambit,Starmie,,,,,True,STADIUM OU GEN 1,2026-09-28T20:47:21,,740,6,2,3,3,163,0,0,0,4,19,0,0,False,False,False
https://replay.pokemonshowdown.com/gen1stadiumou-2521531110-uy8af7aisd9h0oxf28ga2worf5lft87pw,ok,p2,EmperorGambit,Zapdos,Rest; Thunder Wave; Thunderbolt,,,,True,STADIUM OU GEN 1,2026-09-28T20:47:21,,740,6,2,3,3,163,0,0,0,4,19,0,0,True,False,False
https://replay.pokemonshowdown.com/gen1stadiumou-2521531110-uy8af7aisd9h0oxf28ga2worf5lft87pw,ok,p2,EmperorGambit,Chansey,Ice Beam; Seismic Toss; Soft-Boiled; Thunder Wave,,,,True,STADIUM OU GEN 1,2026-09-28T20:47:21,,740,6,2,3,3,163,0,0,0,4,19,0,0,False,False,False
https://replay.pokemonshowdown.com/gen1stadiumou-2521531110-uy8af7aisd9h0oxf28ga2worf5lft87pw,ok,p2,EmperorGambit,Snorlax,Amnesia; Blizzard; Body Slam; Rest,,,,True,STADIUM OU GEN 1,2026-09-28T20:47:21,,740,6,2,3,3,163,0,0,0,4,19,0,0,False,False,False
https://replay.pokemonshowdown.com/gen1stadiumou-2521531110-uy8af7aisd9h0oxf28ga2worf5lft87pw,ok,p2,EmperorGambit,Tauros,Body Slam; Substitute,,,,True,STADIUM OU GEN 1,2026-09-28T20:47:21,,740,6,2,3,3,163,0,0,0,4,19,0,0,False,False,False
https://replay.pokemonshowdown.com/gen1stadiumou-2518481387,ok,p1,WlDino,Alakazam,Psychic; Thunder Wave,,,,False,STADIUM OU GEN 1,2026-09-28T20:47:22,,652,3,6,6,3,67,0,2,0,0,12,0,0,False,False,False
https://replay.pokemonshowdown.com/gen1stadiumou-2518481387,ok,p1,WlDino,Tauros,Hyper Beam,,,,False,STADIUM OU GEN 1,2026-09-28T20:47:22,,652,3,6,6,3,67,0,2,0,0,12,0,0,False,False,False
https://replay.pokemonshowdown.com/gen1stadiumou-2518481387,ok,p1,WlDino,Snorlax,Body Slam; Ice Beam; Reflect; Rest,,,,False,STADIUM OU GEN 1,2026-09-28T20:47:22,,652,3,6,6,3,67,0,2,0,0,12,0,0,False,False,False
https://replay.pokemonshowdown.com/gen1stadiumou-2518481387,ok,p1,WlDino,Chansey,Ice Beam; Thunder Wave,,,,False,STADIUM OU GEN 1,2026-09-28T20:47:22,,652,3,6,6,3,67,0,2,0,0,12,0,0,True,False,False
https://replay.pokemonshowdown.com/gen1stadiumou-2518481387,ok,p1,WlDino,Starmie,Blizzard; Recover; Thunder Wave; Thunderbolt,,,,False,STADIUM OU GEN 1,2026-09-28T20:47:22,,652,3,6,6,3,67,0,2,0,0,12,0,0,False,False,False
https://replay.pokemonshowdown.com/gen1stadiumou-2518481387,ok,p1,WlDino,Exeggutor,Double-Edge; Explosion; Sleep Powder,,,,False,STADIUM OU GEN 1,2026-09-28T20:47:22,,652,3,6,6,3,67,0,2,0,0,12,0,0,False,False,False
https://replay.pokemonshowdown.com/gen1stadiumou-2518481387,ok,p2,Bloodycheese,Alakazam,Psychic; Recover; Substitute; Thunder Wave,,,,True,STADIUM OU GEN 1,2026-09-28T20:47:22,,652,6,3,3,6,67,1,4,0,0,5,0,0,True,False,False
https://replay.pokemonshowdown.com/gen1stadiumou-2518481387,ok,p2,Bloodycheese,Chansey,Reflect; Seismic Toss; Soft-Boiled,,,,True,STADIUM OU GEN 1,2026-09-28T20:47:22,,652,6,3,3,6,67,1,4,0,0,5,0,0,False,False,False
https://replay.pokemonshowdown.com/gen1stadiumou-2518481387,ok,p2,Bloodycheese,Starmie,Blizzard; Thunderbolt,,,,True,STADIUM OU GEN 1,2026-09-28T20:47:22,,652,6,3,3,6,67,1,4,0,0,5,0,0,False,False,False
https://replay.pokemonshowdown.com/gen1stadiumou-2518481387,ok,p2,Bloodycheese,Exeggutor,Explosion,,,,True,STADIUM OU GEN 1,2026-09-28T20:47:22,,652,6,3,3,6,67,1,4,0,0,5,0,0,False,False,False
https://replay.pokemonshowdown.com/gen1stadiumou-2518481387,ok,p2,Bloodycheese,Tauros,Body Slam; Double-Edge; Substitute,,,,True,STADIUM OU GEN 1,2026-09-28T20:47:22,,652,6,3,3,6,67,1,4,0,0,5,0,0,False,False,False
https://replay.pokemonshowdown.com/gen1stadiumou-2518481387,ok,p2,Bloodycheese,Snorlax,,,,,True,STADIUM OU GEN 1,2026-09-28T20:47:22,,652,6,3,3,6,67,1,4,0,0,5,0,0,False,False,False
https://replay.pokemonshowdown.com/gen1stadiumou-2528148327-9os9hsm0ogp67pn39930w12o84igpg4pw,ok,p1,Cl_moonligth,Exeggutor,Double-Edge; Explosion; Sleep Powder,,,,True,STADIUM OU GEN 1,2026-09-28T20:47:23,,793,6,5,4,3,69,2,3,0,0,0,0,0,False,False,False
https://replay.pokemonshowdown.com/gen1stadiumou-2528148327-9os9hsm0ogp67pn39930w12o84igpg4pw,ok,p1,Cl_moonligth,Jolteon,Double Kick; Thunder Wave; Thunderbolt,,,,True,STADIUM OU GEN 1,2026-09-28T20:47:23,,793,6,5,4,3,69,2,3,0,0,0,0,0,False,False,False
https://replay.pokemonshowdown.com/gen1stadiumou-2528148327-9os9hsm0ogp67pn39930w12o84igpg4pw,ok,p1,Cl_moonligth,Rhydon,Earthquake; Rock Slide; Substitute,,,,True,STADIUM OU GEN 1,2026-09-28T20:47:23,,793,6,5,4,3,69,2,3,0,0,0,0,0,False,False,False
https://replay.pokemonshowdown.com/gen1stadiumou-2528148327-9os9hsm0ogp67pn39930w12o84igpg4pw,ok,p1,Cl_moonligth,Tauros,Blizzard,,,,True,STADIUM OU GEN 1,2026-09-28T20:47:23,,793,6,5,4,3,69,2,3,0,0,0,0,0,False,False,False
https://replay.pokemonshowdown.com/gen1stadiumou-2528148327-9os9hsm0ogp67pn39930w12o84igpg4pw,ok,p1,Cl_moonligth,Dragonite,Hyper Beam; Thunder Wave; Wrap,,,,True,STADIUM OU GEN 1,2026-09-28T20:47:23,,793,6,5,4,3,69,2,3,0,0,0,0,0,True,False,False
https://replay.pokemonshowdown.com/gen1stadiumou-2528148327-9os9hsm0ogp67pn39930w12o84igpg4pw,ok,p1,Cl_moonligth,Cloyster,Blizzard; Clamp; Explosion,,,,True,STADIUM OU GEN 1,2026-09-28T20:47:23,,793,6,5,4,3,69,2,3,0,0,0,0,0,False,False,False
https://replay.pokemonshowdown.com/gen1stadiumou-2528148327-9os9hsm0ogp67pn39930w12o84igpg4pw,ok,p2,bloodycheese,Alakazam,Psychic; Recover; Seismic Toss; Thunder Wave,,,,False,STADIUM OU GEN 1,2026-09-28T20:47:23,,793,5,6,3,4,69,1,9,0,0,10,0,0,False,False,False
https://replay.pokemonshowdown.com/gen1stadiumou-2528148327-9os9hsm0ogp67pn39930w12o84igpg4pw,ok,p2,bloodycheese,Exeggutor,Explosion,,,,False,STADIUM OU GEN 1,2026-09-28T20:47:23,,793,5,6,3,4,69,1,9,0,0,10,0,0,False,False,False
https://replay.pokemonshowdown.com/gen1stadiumou-2528148327-9os9hsm0ogp67pn39930w12o84igpg4pw,ok,p2,bloodycheese,Starmie,,,,,False,STADIUM OU GEN 1,2026-09-28T20:47:23,,793,5,6,3,4,69,1,9,0,0,10,0,0,False,False,False
https://replay.pokemonshowdown.com/gen1stadiumou-2528148327-9os9hsm0ogp67pn39930w12o84igpg4pw,ok,p2,bloodycheese,Chansey,Ice Beam; Thunder Wave,,,,False,STADIUM OU GEN 1,2026-09-28T20:47:23,,793,5,6,3,4,69,1,9,0,0,10,0,0,True,False,False
https://replay.pokemonshowdown.com/gen1stadiumou-2528148327-9os9hsm0ogp67pn39930w12o84igpg4pw,ok,p2,bloodycheese,Snorlax,Body Slam; Reflect; Rest,,,,False,STADIUM OU GEN 1,2026-09-28T20:47:23,,793,5,6,3,4,69,1,9,0,0,10,0,0,False,False,False
https://replay.pokemonshowdown.com/gen1stadiumou-2528148327-9os9hsm0ogp67pn39930w12o84igpg4pw,ok,p2,bloodycheese,Tauros,Body Slam,,,,False,STADIUM OU GEN 1,2026-09-28T20:47:23,,793,5,6,3,4,69,1,9,0,0,10,0,0,False,False,False
https://replay.pokemonshowdown.com/gen9doublesou-2524777155-ekn2xy3sy1kl4wwlwystjvbxvjlhgc5pw,ok,p1,bloodycheese,Thundurus,Eerie Impulse; Protect; Scary Face; Thunderbolt,,Aguav Berry,,False,DOU,2026-09-28T20:47:23,,474,5,6,0,1,16,4,2,0,5,12,0,0,False,False,False
https://replay.pokemonshowdown.com/gen9doublesou-2524777155-ekn2xy3sy1kl4wwlwystjvbxvjlhgc5pw,ok,p1,bloodycheese,Incineroar,Flare Blitz; Knock Off; Taunt,Intimidate,,,False,DOU,2026-09-28T20:47:23,MorningElegy,474,5,6,0,1,16,4,2,0,5,12,0,0,True,False,False
https://replay.pokemonshowdown.com/gen9doublesou-2524777155-ekn2xy3sy1kl4wwlwystjvbxvjlhgc5pw,ok,p1,bloodycheese,Enamorus,Dazzling Gleam; Earth Power; Protect,,,Fairy,False,DOU,2026-09-28T20:47:23,,474,5,6,0,1,16,4,2,0,5,12,0,0,False,False,True
https://replay.pokemonshowdown.com/gen9doublesou-2524777155-ekn2xy3sy1kl4wwlwystjvbxvjlhgc5pw,ok,p1,bloodycheese,Rillaboom,Grassy Glide; Wood Hammer,,,,False,DOU,2026-09-28T20:47:23,,474,5,6,0,1,16,4,2,0,5,12,0,0,False,False,False
https://replay.pokemonshowdown.com/gen9doublesou-2524777155-ekn2xy3sy1kl4wwlwystjvbxvjlhgc5pw,ok,p1,bloodycheese,Ogerpon-Wellspring,,,,,False,DOU,2026-09-28T20:47:23,Ogerpon,474,5,6,0,1,16,4,2,0,5,12,0,0,False,False,False
https://replay.pokemonshowdown.com/gen9doublesou-2524777155-ekn2xy3sy1kl4wwlwystjvbxvjlhgc5pw,ok,p1,bloodycheese,Raging Bolt,Calm Mind; Draco Meteor; Thunderbolt; Thunderclap,,,,False,DOU,2026-09-28T20:47:23,,474,5,6,0,1,16,4,2,0,5,12,0,0,False,False,False
https://replay.pokemonshowdown.com/gen9doublesou-2524777155-ekn2xy3sy1kl4wwlwystjvbxvjlhgc5pw,ok,p2,Sasori07,Oricorio-Sensu,Revelation Dance,,,,True,DOU,2026-09-28T20:47:23,Oricorio,474,6,5,1,0,16,2,1,1,2,10,0,0,False,False,False
https://replay.pokemonshowdown.com/gen9doublesou-2524777155-ekn2xy3sy1kl4wwlwystjvbxvjlhgc5pw,ok,p2,Sasori07,Kommo-o,Boomburst; Protect,,Throat Spray,Normal,True,DOU,2026-09-28T20:47:23,,474,6,5,1,0,16,2,1,1,2,10,0,0,False,False,True
https://replay.pokemonshowdown.com/gen9doublesou-2524777155-ekn2xy3sy1kl4wwlwystjvbxvjlhgc5pw,ok,p2,Sasori07,Tyranitar,Crunch; Rock Slide; Snarl,,,,True,DOU,2026-09-28T20:47:23,,474,6,5,1,0,16,2,1,1,2,10,0,0,False,False,False
https://replay.pokemonshowdown.com/gen9doublesou-2524777155-ekn2xy3sy1kl4wwlwystjvbxvjlhgc5pw,ok,p2,Sasori07,Bastiodon,Body Press; Iron Defense; Wide Guard,,,,True,DOU,2026-09-28T20:47:23,,474,6,5,1,0,16,2,1,1,2,10,0,0,False,False,False
https://replay.pokemonshowdown.com/gen9doublesou-2524777155-ekn2xy3sy1kl4wwlwystjvbxvjlhgc5pw,ok,p2,Sasori07,Oranguru,Protect; Trick Room,,Covert Cloak,,True,DOU,2026-09-28T20:47:23,,474,6,5,1,0,16,2,1,1,2,10,0,0,True,False,False
https://replay.pokemonshowdown.com/gen9doublesou-2524777155-ekn2xy3sy1kl4wwlwystjvbxvjlhgc5pw,ok,p2,Sasori07,Excadrill,High Horsepower; Protect,,,,True,DOU,2026-09-28T20:47:23,,474,6,5,1,0,16,2,1,1,2,10,0,0,False,False,False
https://replay.pokemonshowdown.com/gen9doublesou-2528133511-1cfnfq6qi0fgpxxg21yh3u9u8y7l9m9pw,ok,p1,labiamg,Charizard,,,,,False,DOU,2026-09-28T20:47:24,,408,3,6,1,1,12,3,1,2,2,8,0,0,False,False,False
https://replay.pokemonshowdown.com/gen9doublesou-2528133511-1cfnfq6qi0fgpxxg21yh3u9u8y7l9m9pw,ok,p1,labiamg,Torkoal,Overheat; Protect,,Eject Pack,,False,DOU,2026-09-28T20:47:24,,408,3,6,1,1,12,3,1,2,2,8,0,0,True,False,False
https://replay.pokemonshowdown.com/gen9doublesou-2528133511-1cfnfq6qi0fgpxxg21yh3u9u8y7l9m9pw,ok,p1,labiamg,Porygon2,Ice Beam,Download,,,False,DOU,2026-09-28T20:47:24,,408,3,6,1,1,12,3,1,2,2,8,0,0,False,False,False
https://replay.pokemonshowdown.com/gen9doublesou-2528133511-1cfnfq6qi0fgpxxg21yh3u9u8y7l9m9pw,ok,p1,labiamg,Incineroar,Fake Out; Flare Blitz,Intimidate,,,False,DOU,2026-09-28T20:47:24,,408,3,6,1,1,12,3,1,2,2,8,0,0,False,False,False
https://replay.pokemonshowdown.com/gen9doublesou-2528133511-1cfnfq6qi0fgpxxg21yh3u9u8y7l9m9pw,ok,p1,labiamg,Jumpluff,Sleep Powder; Tailwind,,,,False,DOU,2026-09-28T20:47:24,,408,3,6,1,1,12,3,1,2,2,8,0,0,False,False,False
https://replay.pokemonshowdown.com/gen9doublesou-2528133511-1cfnfq6qi0fgpxxg21yh3u9u8y7l9m9pw,ok,p1,labiamg,Ursaluna,Earthquake; Facade,,,Ghost,False,DOU,2026-09-28T20:47:24,,408,3,6,1,1,12,3,1,2,2,8,0,0,False,False,True
https://replay.pokemonshowdown.com/gen9doublesou-2528133511-1cfnfq6qi0fgpxxg21yh3u9u8y7l9m9pw,ok,p2,bloodycheese,Thundurus,Eerie Impulse,,,,True,DOU,2026-09-28T20:47:24,,408,6,3,1,1,12,3,2,0,2,13,0,0,False,False,False
https://replay.pokemonshowdown.com/gen9doublesou-2528133511-1cfnfq6qi0fgpxxg21yh3u9u8y7l9m9pw,ok,p2,bloodycheese,Incineroar,Taunt,Intimidate,,,True,DOU,2026-09-28T20:47:24,MorningElegy,408,6,3,1,1,12,3,2,0,2,13,0,0,True,False,False
https://replay.pokemonshowdown.com/gen9doublesou-2528133511-1cfnfq6qi0fgpxxg21yh3u9u8y7l9m9pw,ok,p2,bloodycheese,Enamorus,Dazzling Gleam; Earth Power; Protect,,,Fairy,True,DOU,2026-09-28T20:47:24,,408,6,3,1,1,12,3,2,0,2,13,0,0,False,False,True
https://replay.pokemonshowdown.com/gen9doublesou-2528133511-1cfnfq6qi0fgpxxg21yh3u9u8y7l9m9pw,ok,p2,bloodycheese,Rillaboom,Fake Out; Grassy Glide; U-turn; Wood Hammer,,,,True,DOU,2026-09-28T20:47:24,,408,6,3,1,1,12,3,2,0,2,13,0,0,False,False,False
https://replay.pokemonshowdown.com/gen9doublesou-2528133511-1cfnfq6qi0fgpxxg21yh3u9u8y7l9m9pw,ok,p2,bloodycheese,Ogerpon-Wellspring,Follow Me; Ivy Cudgel,,,,True,DOU,2026-09-28T20:47:24,Ogerpon,408,6,3,1,1,12,3,2,0,2,13,0,0,False,False,False
https://replay.pokemonshowdown.com/gen9doublesou-2528133511-1cfnfq6qi0fgpxxg21yh3u9u8y7l9m9pw,ok,p2,bloodycheese,Raging Bolt,Thunderbolt; Thunderclap,,,,True,DOU,2026-09-28T20:47:24,,408,6,3,1,1,12,3,2,0,2,13,0,0,False,False,False
https://replay.pokemonshowdown.com/gen9doublesou-2547241632-713jh9rhfjv8hkxt9jfff9pk8q8hpnppw,ok,p1,Fur4nk0,Gholdengo,Make It Rain; Protect,,Leftovers,,False,DOU,2026-09-28T20:47:25,CaraDeOro,1047,2,5,0,2,12,2,2,0,0,3,0,0,False,False,False
https://replay.pokemonshowdown.com/gen9doublesou-2547241632-713jh9rhfjv8hkxt9jfff9pk8q8hpnppw,ok,p1,Fur4nk0,Ogerpon-Wellspring,Follow Me; Horn Leech; Spiky Shield,,,,False,DOU,2026-09-28T20:47:25,Sukita,1047,2,5,0,2,12,2,2,0,0,3,0,0,False,False,False
https://replay.pokemonshowdown.com/gen9doublesou-2547241632-713jh9rhfjv8hkxt9jfff9pk8q8hpnppw,ok,p1,Fur4nk0,Incineroar,Fake Out; Flare Blitz; Knock Off; Parting Shot,Intimidate,Sitrus Berry,Ghost,False,DOU,2026-09-28T20:47:25,Atila Prime,1047,2,5,0,2,12,2,2,0,0,3,0,0,False,False,True
https://replay.pokemonshowdown.com/gen9doublesou-2547241632-713jh9rhfjv8hkxt9jfff9pk8q8hpnppw,ok,p1,Fur4nk0,Raging Bolt,Thunderclap,,,,False,DOU,2026-09-28T20:47:25,ZAPEEEEEEEO,1047,2,5,0,2,12,2,2,0,0,3,0,0,False,False,False
https://replay.pokemonshowdown.com/gen9doublesou-2547241632-713jh9rhfjv8hkxt9jfff9pk8q8hpnppw,ok,p1,Fur4nk0,Chien-Pao,Icicle Crash; Protect; Sacred Sword,Sword of Ruin,,,False,DOU,2026-09-28T20:47:25,Moirix,1047,2,5,0,2,12,2,2,0,0,3,0,0,False,False,False
https://replay.pokemonshowdown.com/gen9doublesou-2547241632-713jh9rhfjv8hkxt9jfff9pk8q8hpnppw,ok,p1,Fur4nk0,Tornadus,Bleakwind Storm; Tailwind,,,,False,DOU,2026-09-28T20:47:25,El Chiqui Tapia,1047,2,5,0,2,12,2,2,0,0,3,0,0,True,False,False
https://replay.pokemonshowdown.com/gen9doublesou-2547241632-713jh9rhfjv8hkxt9jfff9pk8q8hpnppw,ok,p2,bloodycheese,Thundurus,Protect; Thunderbolt,,Aguav Berry,,True,DOU,2026-09-28T20:47:25,,1047,5,2,2,0,12,5,0,0,2,6,0,0,False,False,False
https://replay.pokemonshowdown.com/gen9doublesou-2547241632-713jh9rhfjv8hkxt9jfff9pk8q8hpnppw,ok,p2,bloodycheese,Incineroar,Flare Blitz; Knock Off,Intimidate,,,True,DOU,2026-09-28T20:47:25,MorningElegy,1047,5,2,2,0,12,5,0,0,2,6,0,0,False,False,False
https://replay.pokemonshowdown.com/gen9doublesou-2547241632-713jh9rhfjv8hkxt9jfff9pk8q8hpnppw,ok,p2,bloodycheese,Enamorus,Dazzling Gleam; Earth Power; Protect,,,Fairy,True,DOU,2026-09-28T20:47:25,,1047,5,2,2,0,12,5,0,0,2,6,0,0,True,False,True
https://replay.pokemonshowdown.com/gen9doublesou-2547241632-713jh9rhfjv8hkxt9jfff9pk8q8hpnppw,ok,p2,bloodycheese,Rillaboom,U-turn; Wood Hammer,,,,True,DOU,2026-09-28T20:47:25,,1047,5,2,2,0,12,5,0,0,2,6,0,0,False,False,False
https://replay.pokemonshowdown.com/gen9doublesou-2547241632-713jh9rhfjv8hkxt9jfff9pk8q8hpnppw,ok,p2,bloodycheese,Ogerpon-Wellspring,Brick Break; Follow Me; Spiky Shield,,,,True,DOU,2026-09-28T20:47:25,Ogerpon,1047,5,2,2,0,12,5,0,0,2,6,0,0,False,False,False
https://replay.pokemonshowdown.com/gen9doublesou-2547241632-713jh9rhfjv8hkxt9jfff9pk8q8hpnppw,ok,p2,bloodycheese,Raging Bolt,,,,,True,DOU,2026-09-28T20:47:25,,1047,5,2,2,0,12,5,0,0,2,6,0,0,False,False,False
https://replay.pokemonshowdown.com/gen9doublesou-2550633236-is2rfj1s18t2tx905mo5yljgakfb3q2pw,ok,p1,bloodycheese,Hoopa-Unbound,Protect,,Psychic Seed,,False,DOU,2026-09-28T20:47:25,Hoopa,855,1,6,0,1,12,2,3,1,2,5,0,0,False,False,False
https://replay.pokemonshowdown.com/gen9doublesou-2550633236-is2rfj1s18t2tx905mo5yljgakfb3q2pw,ok,p1,bloodycheese,Indeedee-F,Follow Me; Helping Hand,,,,False,DOU,2026-09-28T20:47:25,Indeedee,855,1,6,0,1,12,2,3,1,2,5,0,0,True,False,False
https://replay.pokemonshowdown.com/gen9doublesou-2550633236-is2rfj1s18t2tx905mo5yljgakfb3q2pw,ok,p1,bloodycheese,Torkoal,Earth Power; Eruption; Heat Wave,,Charcoal,,False,DOU,2026-09-28T20:47:25,,855,1,6,0,1,12,2,3,1,2,5,0,0,False,False,False
https://replay.pokemonshowdown.com/gen9doublesou-2550633236-is2rfj1s18t2tx905mo5yljgakfb3q2pw,ok,p1,bloodycheese,Diancie,Diamond Storm; Trick Room,,,Grass,False,DOU,2026-09-28T20:47:25,,855,1,6,0,1,12,2,3,1,2,5,0,0,False,False,True
https://replay.pokemonshowdown.com/gen9doublesou-2550633236-is2rfj1s18t2tx905mo5yljgakfb3q2pw,ok,p1,bloodycheese,Hatterene,,,,,False,DOU,2026-09-28T20:47:25,,855,1,6,0,1,12,2,3,1,2,5,0,0,False,False,False
https://replay.pokemonshowdown.com/gen9doublesou-2550633236-is2rfj1s18t2tx905mo5yljgakfb3q2pw,ok,p1,bloodycheese,Ursaluna,Protect,,,,False,DOU,2026-09-28T20:47:25,,855,1,6,0,1,12,2,3,1,2,5,0,0,False,False,False
https://replay.pokemonshowdown.com/gen9doublesou-2550633236-is2rfj1s18t2tx905mo5yljgakfb3q2pw,ok,p2,Angello7796,Thundurus,Eerie Impulse; Protect,,,,True,DOU,2026-09-28T20:47:25,,855,6,1,1,0,12,3,2,0,0,9,0,0,True,False,False
https://replay.pokemonshowdown.com/gen9doublesou-2550633236-is2rfj1s18t2tx905mo5yljgakfb3q2pw,ok,p2,Angello7796,Incineroar,Fake Out; Flare Blitz; Knock Off,Intimidate,,,True,DOU,2026-09-28T20:47:25,,855,6,1,1,0,12,3,2,0,0,9,0,0,False,False,False
https://replay.pokemonshowdown.com/gen9doublesou-2550633236-is2rfj1s18t2tx905mo5yljgakfb3q2pw,ok,p2,Angello7796,Enamorus,Dazzling Gleam,,,Fairy,True,DOU,2026-09-28T20:47:25,,855,6,1,1,0,12,3,2,0,0,9,0,0,False,False,True
https://replay.pokemonshowdown.com/gen9doublesou-2550633236-is2rfj1s18t2tx905mo5yljgakfb3q2pw,ok,p2,Angello7796,Rillaboom,Fake Out; U-turn,,,,True,DOU,2026-09-28T20:47:25,,855,6,1,1,0,12,3,2,0,0,9,0,0,False,False,False
https://replay.pokemonshowdown.com/gen9doublesou-2550633236-is2rfj1s18t2tx905mo5yljgakfb3q2pw,ok,p2,Angello7796,Ogerpon-Wellspring,Ivy Cudgel; Spiky Shield,,,,True,DOU,2026-09-28T20:47:25,Ogerpon,855,6,1,1,0,12,3,2,0,0,9,0,0,False,False,False
https://replay.pokemonshowdown.com/gen9doublesou-2550633236-is2rfj1s18t2tx905mo5yljgakfb3q2pw,ok,p2,Angello7796,Raging Bolt,Thunderbolt; Thunderclap,,,,True,DOU,2026-09-28T20:47:25,,855,6,1,1,0,12,3,2,0,0,9,0,0,False,False,False
https://replay.pokemonshowdown.com/gen9multirandombattle-2530986039-2tb3g30yqkjtv6bq34hnin4s2yf3ku8pw,ok,p1,bloodycheese,Bronzong,Body Press; Iron Head; Trick Room,,Leftovers,,,MultiRandomBattle,2026-09-28T20:47:26,,1313,0,3,0,0,9,3,0,0,0,0,0,0,True,False,False
https://replay.pokemonshowdown.com/gen9multirandombattle-2530986039-2tb3g30yqkjtv6bq34hnin4s2yf3ku8pw,ok,p1,bloodycheese,Umbreon,Foul Play,,,,,MultiRandomBattle,2026-09-28T20:47:26,,1313,0,3,0,0,9,3,0,0,0,0,0,0,False,False,False
https://replay.pokemonshowdown.com/gen9multirandombattle-2530986039-2tb3g30yqkjtv6bq34hnin4s2yf3ku8pw,ok,p1,bloodycheese,Leavanny,Leaf Blade,,,Rock,,MultiRandomBattle,2026-09-28T20:47:26,,1313,0,3,0,0,9,3,0,0,0,0,0,0,False,False,True
https://replay.pokemonshowdown.com/gen9multirandombattle-2530986039-2tb3g30yqkjtv6bq34hnin4s2yf3ku8pw,ok,p2,gatita golosa 123,Scream Tail,Helping Hand; Thunder Wave,,Sitrus Berry,,,MultiRandomBattle,2026-09-28T20:47:26,,1313,0,3,0,1,9,1,1,0,0,1,0,0,True,False,False
https://replay.pokemonshowdown.com/gen9multirandombattle-2530986039-2tb3g30yqkjtv6bq34hnin4s2yf3ku8pw,ok,p2,gatita golosa 123,Mew,Fire Blast,,,,,MultiRandomBattle,2026-09-28T20:47:26,,1313,0,3,0,1,9,1,1,0,0,1,0,0,False,False,False
https://replay.pokemonshowdown.com/gen9multirandombattle-2530986039-2tb3g30yqkjtv6bq34hnin4s2yf3ku8pw,ok,p2,gatita golosa 123,Dodrio,Double-Edge,,,Normal,,MultiRandomBattle,2026-09-28T20:47:26,,1313,0,3,0,1,9,1,1,0,0,1,0,0,False,False,True
https://replay.pokemonshowdown.com/gen9multirandombattle-2530986039-2tb3g30yqkjtv6bq34hnin4s2yf3ku8pw,ok,p3,ultraquesito,Volcarona,Heat Wave,,,,,MultiRandomBattle,2026-09-28T20:47:26,,1313,0,1,1,0,9,1,1,0,0,0,0,0,True,False,False
https://replay.pokemonshowdown.com/gen9multirandombattle-2530986039-2tb3g30yqkjtv6bq34hnin4s2yf3ku8pw,ok,p3,ultraquesito,Terrakion,Rock Slide,,,Fighting,,MultiRandomBattle,2026-09-28T20:47:26,,1313,0,1,1,0,9,1,1,0,0,0,0,0,False,False,True
https://replay.pokemonshowdown.com/gen9multirandombattle-2530986039-2tb3g30yqkjtv6bq34hnin4s2yf3ku8pw,ok,p4,Puchamon03,Malamar,Knock Off; Protect; Superpower,,Sitrus Berry,,,MultiRandomBattle,2026-09-28T20:47:26,,1313,0,3,0,0,9,3,1,0,4,1,0,0,True,False,False
https://replay.pokemonshowdown.com/gen9multirandombattle-2530986039-2tb3g30yqkjtv6bq34hnin4s2yf3ku8pw,ok,p4,Puchamon03,Blaziken,Overheat; Protect; Stone Edge,Speed Boost,,Stellar,,MultiRandomBattle,2026-09-28T20:47:26,,1313,0,3,0,0,9,3,1,0,4,1,0,0,False,False,True
https://replay.pokemonshowdown.com/gen9multirandombattle-2530986039-2tb3g30yqkjtv6bq34hnin4s2yf3ku8pw,ok,p4,Puchamon03,Vivillon-High Plains,,,,,,MultiRandomBattle,2026-09-28T20:47:26,Vivillon,1313,0,3,0,0,9,3,1,0,4,1,0,0,False,False,False
https://replay.pokemonshowdown.com/gen9freeforallrandombattle-2530996784-ow4y46imnlc9odhdbwdmexee6efpiwdpw,ok,p1,bloodycheese,Garganacl,Body Press; Salt Cure,,,,True,Free For all Randoms,2026-09-28T20:47:27,,1405,0,3,2,0,28,8,3,2,0,6,0,0,True,False,False
https://replay.pokemonshowdown.com/gen9freeforallrandombattle-2530996784-ow4y46imnlc9odhdbwdmexee6efpiwdpw,ok,p1,bloodycheese,Pelipper,Hurricane; Protect; Surf,,,Ground,True,Free For all Randoms,2026-09-28T20:47:27,,1405,0,3,2,0,28,8,3,2,0,6,0,0,False,False,True
https://replay.pokemonshowdown.com/gen9freeforallrandombattle-2530996784-ow4y46imnlc9odhdbwdmexee6efpiwdpw,ok,p1,bloodycheese,Iron Hands,,,,,True,Free For all Randoms,2026-09-28T20:47:27,,1405,0,3,2,0,28,8,3,2,0,6,0,0,False,False,False
https://replay.pokemonshowdown.com/gen9freeforallrandombattle-2530996784-ow4y46imnlc9odhdbwdmexee6efpiwdpw,ok,p1,bloodycheese,Samurott,Grass Knot; Sacred Sword,,Assault Vest,,True,Free For all Randoms,2026-09-28T20:47:27,,1405,0,3,2,0,28,8,3,2,0,6,0,0,False,False,False
https://replay.pokemonshowdown.com/gen9freeforallrandombattle-2530996784-ow4y46imnlc9odhdbwdmexee6efpiwdpw,ok,p1,bloodycheese,Sudowoodo,High Horsepower,,,,True,Free For all Randoms,2026-09-28T20:47:27,,1405,0,3,2,0,28,8,3,2,0,6,0,0,False,False,False
https://replay.pokemonshowdown.com/gen9freeforallrandombattle-2530996784-ow4y46imnlc9odhdbwdmexee6efpiwdpw,ok,p2,gatita golosa 123,Mudsdale,Earthquake; Heavy Slam,Stamina,,,False,Free For all Randoms,2026-09-28T20:47:27,,1405,0,6,1,0,28,4,3,0,7,1,0,0,True,False,False
https://replay.pokemonshowdown.com/gen9freeforallrandombattle-2530996784-ow4y46imnlc9odhdbwdmexee6efpiwdpw,ok,p2,gatita golosa 123,Feraligatr,Dragon Dance; Liquidation; Protect,,,,False,Free For all Randoms,2026-09-28T20:47:27,,1405,0,6,1,0,28,4,3,0,7,1,0,0,False,False,False
https://replay.pokemonshowdown.com/gen9freeforallrandombattle-2530996784-ow4y46imnlc9odhdbwdmexee6efpiwdpw,ok,p2,gatita golosa 123,Magcargo,Lava Plume; Protect,,Heavy-Duty Boots,,False,Free For all Randoms,2026-09-28T20:47:27,,1405,0,6,1,0,28,4,3,0,7,1,0,0,False,False,False
https://replay.pokemonshowdown.com/gen9freeforallrandombattle-2530996784-ow4y46imnlc9odhdbwdmexee6efpiwdpw,ok,p2,gatita golosa 123,Veluza,Aqua Cutter,,Sitrus Berry,,False,Free For all Randoms,2026-09-28T20:47:27,,1405,0,6,1,0,28,4,3,0,7,1,0,0,False,False,False
https://replay.pokemonshowdown.com/gen9freeforallrandombattle-2530996784-ow4y46imnlc9odhdbwdmexee6efpiwdpw,ok,p2,gatita golosa 123,Zamazenta-Crowned,Body Press; Protect,Dauntless Shield,Rusted Shield,,False,Free For all Randoms,2026-09-28T20:47:27,Zamazenta,1405,0,6,1,0,28,4,3,0,7,1,0,0,False,False,False
https://replay.pokemonshowdown.com/gen9freeforallrandombattle-2530996784-ow4y46imnlc9odhdbwdmexee6efpiwdpw,ok,p2,gatita golosa 123,Vivillon-Elegant,Hurricane; Quiver Dance,,,Ground,False,Free For all Randoms,2026-09-28T20:47:27,Vivillon,1405,0,6,1,0,28,4,3,0,7,1,0,0,False,False,True
https://replay.pokemonshowdown.com/gen9freeforallrandombattle-2530996784-ow4y46imnlc9odhdbwdmexee6efpiwdpw,ok,p3,ultraquesito,Bronzong,Body Press; Iron Defense; Iron Head,,,,False,Free For all Randoms,2026-09-28T20:47:27,,1405,0,5,0,1,28,1,6,0,3,6,0,0,True,False,False
https://replay.pokemonshowdown.com/gen9freeforallrandombattle-2530996784-ow4y46imnlc9odhdbwdmexee6efpiwdpw,ok,p3,ultraquesito,Lucario,Close Combat; Protect,,,,False,Free For all Randoms,2026-09-28T20:47:27,,1405,0,5,0,1,28,1,6,0,3,6,0,0,False,False,False
https://replay.pokemonshowdown.com/gen9freeforallrandombattle-2530996784-ow4y46imnlc9odhdbwdmexee6efpiwdpw,ok,p3,ultraquesito,Salamence,Dragon Claw; Dragon Dance; Dual Wingbeat; Protect,Intimidate,,Flying,False,Free For all Randoms,2026-09-28T20:47:27,,1405,0,5,0,1,28,1,6,0,3,6,0,0,False,False,True
https://replay.pokemonshowdown.com/gen9freeforallrandombattle-2530996784-ow4y46imnlc9odhdbwdmexee6efpiwdpw,ok,p3,ultraquesito,Sneasler,Throat Chop,,,,False,Free For all Randoms,2026-09-28T20:47:27,,1405,0,5,0,1,28,1,6,0,3,6,0,0,False,False,False
https://replay.pokemonshowdown.com/gen9freeforallrandombattle-2530996784-ow4y46imnlc9odhdbwdmexee6efpiwdpw,ok,p3,ultraquesito,Furret,Double-Edge; Knock Off,,Sitrus Berry,,False,Free For all Randoms,2026-09-28T20:47:27,,1405,0,5,0,1,28,1,6,0,3,6,0,0,False,False,False
https://replay.pokemonshowdown.com/gen9freeforallrandombattle-2530996784-ow4y46imnlc9odhdbwdmexee6efpiwdpw,ok,p4,Puchamon03,Araquanid,Sticky Web; Surf,,,,False,Free For all Randoms,2026-09-28T20:47:27,,1405,0,6,0,2,28,6,4,0,1,5,0,0,True,False,False
https://replay.pokemonshowdown.com/gen9freeforallrandombattle-2530996784-ow4y46imnlc9odhdbwdmexee6efpiwdpw,ok,p4,Puchamon03,Raichu-Alola,Discharge; Psychic,,,,False,Free For all Randoms,2026-09-28T20:47:27,Raichu,1405,0,6,0,2,28,6,4,0,1,5,0,0,False,False,False
https://replay.pokemonshowdown.com/gen9freeforallrandombattle-2530996784-ow4y46imnlc9odhdbwdmexee6efpiwdpw,ok,p4,Puchamon03,Granbull,Encore; Play Rough; Stomping Tantrum,Intimidate,,,False,Free For all Randoms,2026-09-28T20:47:27,,1405,0,6,0,2,28,6,4,0,1,5,0,0,False,False,False
https://replay.pokemonshowdown.com/gen9freeforallrandombattle-2530996784-ow4y46imnlc9odhdbwdmexee6efpiwdpw,ok,p4,Puchamon03,Lapras,Blizzard; Freeze-Dry; Sparkling Aria,,Blunder Policy,Ground,False,Free For all Randoms,2026-09-28T20:47:27,,1405,0,6,0,2,28,6,4,0,1,5,0,0,False,False,True
https://replay.pokemonshowdown.com/gen9freeforallrandombattle-2530996784-ow4y46imnlc9odhdbwdmexee6efpiwdpw,ok,p4,Puchamon03,Slaking,Roar,,Silk Scarf,,False,Free For all Randoms,2026-09-28T20:47:27,,1405,0,6,0,2,28,6,4,0,1,5,0,0,False,False,False
https://replay.pokemonshowdown.com/gen9freeforallrandombattle-2530996784-ow4y46imnlc9odhdbwdmexee6efpiwdpw,ok,p4,Puchamon03,Emboar,Knock Off; Wild Charge,,Choice Band,,False,Free For all Randoms,2026-09-28T20:47:27,,1405,0,6,0,2,28,6,4,0,1,5,0,0,False,False,False
https://replay.pokemonshowdown.com/gen9freeforall-2531009416-glc7e02rnpibff0bul0fjm4n7fbmvbupw,ok,p1,bloodycheese,Gliscor,Earthquake; Knock Off; Protect,,,,True,Free For all,2026-09-28T20:47:28,,2407,0,4,0,3,42,8,3,0,0,12,0,0,True,False,False
https://replay.pokemonshowdown.com/gen9freeforall-2531009416-glc7e02rnpibff0bul0fjm4n7fbmvbupw,ok,p1,bloodycheese,Alomomola,Flip Turn; Play Rough,,Choice Band,,True,Free For all,2026-09-28T20:47:28,,2407,0,4,0,3,42,8,3,0,0,12,0,0,False,False,False
https://replay.pokemonshowdown.com/gen9freeforall-2531009416-glc7e02rnpibff0bul0fjm4n7fbmvbupw,ok,p1,bloodycheese,Pecharunt,Foul Play; Parting Shot; Sludge Bomb,,Heavy-Duty Boots,Dark,True,Free For all,2026-09-28T20:47:28,,2407,0,4,0,3,42,8,3,0,0,12,0,0,False,False,True
https://replay.pokemonshowdown.com/gen9freeforall-2531009416-glc7e02rnpibff0bul0fjm4n7fbmvbupw,ok,p1,bloodycheese,Great Tusk,Headlong Rush,,,,True,Free For all,2026-09-28T20:47:28,,2407,0,4,0,3,42,8,3,0,0,12,0,0,False,False,False
https://replay.pokemonshowdown.com/gen9freeforall-2531009416-glc7e02rnpibff0bul0fjm4n7fbmvbupw,ok,p1,bloodycheese,Weavile,Knock Off,Pressure,,,True,Free For all,2026-09-28T20:47:28,,2407,0,4,0,3,42,8,3,0,0,12,0,0,False,False,False
https://replay.pokemonshowdown.com/gen9freeforall-2531009416-glc7e02rnpibff0bul0fjm4n7fbmvbupw,ok,p1,bloodycheese,Iron Crown,Psyshock; Tachyon Cutter,,,,True,Free For all,2026-09-28T20:47:28,,2407,0,4,0,3,42,8,3,0,0,12,0,0,False,False,False
https://replay.pokemonshowdown.com/gen9freeforall-2531009416-glc7e02rnpibff0bul0fjm4n7fbmvbupw,ok,p2,gatita golosa 123,Blaziken,Aura Sphere; Focus Energy; Protect,Speed Boost,,Grass,False,Free For all,2026-09-28T20:47:28,Puncher chicken,2407,0,6,3,0,42,4,1,0,7,6,0,0,False,False,True
https://replay.pokemonshowdown.com/gen9freeforall-2531009416-glc7e02rnpibff0bul0fjm4n7fbmvbupw,ok,p2,gatita golosa 123,Iron Crown,Calm Mind; Tachyon Cutter,,Booster Energy,,False,Free For all,2026-09-28T20:47:28,Iron Clown,2407,0,6,3,0,42,4,1,0,7,6,0,0,False,False,False
https://replay.pokemonshowdown.com/gen9freeforall-2531009416-glc7e02rnpibff0bul0fjm4n7fbmvbupw,ok,p2,gatita golosa 123,Great Tusk,Ice Spinner; Roar,,Leftovers,,False,Free For all,2026-09-28T20:47:28,Dr. Falopio,2407,0,6,3,0,42,4,1,0,7,6,0,0,False,False,False
https://replay.pokemonshowdown.com/gen9freeforall-2531009416-glc7e02rnpibff0bul0fjm4n7fbmvbupw,ok,p2,gatita golosa 123,Kingambit,Sucker Punch; Swords Dance,,,,False,Free For all,2026-09-28T20:47:28,Kingay,2407,0,6,3,0,42,4,1,0,7,6,0,0,False,False,False
https://replay.pokemonshowdown.com/gen9freeforall-2531009416-glc7e02rnpibff0bul0fjm4n7fbmvbupw,ok,p2,gatita golosa 123,Gengar,Trick,,Assault Vest; Choice Band,,False,Free For all,2026-09-28T20:47:28,Gengariano,2407,0,6,3,0,42,4,1,0,7,6,0,0,True,False,False
https://replay.pokemonshowdown.com/gen9freeforall-2531009416-glc7e02rnpibff0bul0fjm4n7fbmvbupw,ok,p2,gatita golosa 123,Araquanid,Leech Life; Liquidation; Poison Jab; Sticky Web,,,,False,Free For all,2026-09-28T20:47:28,Emikukis,2407,0,6,3,0,42,4,1,0,7,6,0,0,False,False,False
https://replay.pokemonshowdown.com/gen9freeforall-2531009416-glc7e02rnpibff0bul0fjm4n7fbmvbupw,ok,p3,Puchamon03,Incineroar,Fake Out; Flare Blitz; Knock Off; Parting Shot,Intimidate,,,False,Free For all,2026-09-28T20:47:28,,2407,0,6,0,0,42,7,7,2,0,9,0,0,True,False,False
https://replay.pokemonshowdown.com/gen9freeforall-2531009416-glc7e02rnpibff0bul0fjm4n7fbmvbupw,ok,p3,Puchamon03,Dragonite,Ice Spinner,,Choice Specs,,False,Free For all,2026-09-28T20:47:28,,2407,0,6,0,0,42,7,7,2,0,9,0,0,False,False,False
https://replay.pokemonshowdown.com/gen9freeforall-2531009416-glc7e02rnpibff0bul0fjm4n7fbmvbupw,ok,p3,Puchamon03,Gholdengo,Make It Rain; Shadow Ball,,Choice Scarf,Steel,False,Free For all,2026-09-28T20:47:28,,2407,0,6,0,0,42,7,7,2,0,9,0,0,False,False,True
https://replay.pokemonshowdown.com/gen9freeforall-2531009416-glc7e02rnpibff0bul0fjm4n7fbmvbupw,ok,p3,Puchamon03,Rillaboom,Fake Out; Grassy Glide; U-turn,,,,False,Free For all,2026-09-28T20:47:28,,2407,0,6,0,0,42,7,7,2,0,9,0,0,False,False,False
https://replay.pokemonshowdown.com/gen9freeforall-2531009416-glc7e02rnpibff0bul0fjm4n7fbmvbupw,ok,p3,Puchamon03,Grimmsnarl,Parting Shot; Reflect; Spirit Break,,,,False,Free For all,2026-09-28T20:47:28,,2407,0,6,0,0,42,7,7,2,0,9,0,0,False,False,False
https://replay.pokemonshowdown.com/gen9freeforall-2531009416-glc7e02rnpibff0bul0fjm4n7fbmvbupw,ok,p3,Puchamon03,Ninetales-Alola,Aurora Veil,,,,False,Free For all,2026-09-28T20:47:28,Ninetales,2407,0,6,0,0,42,7,7,2,0,9,0,0,False,False,False
https://replay.pokemonshowdown.com/gen9freeforall-2531009416-glc7e02rnpibff0bul0fjm4n7fbmvbupw,ok,p4,ultraquesito,Kyurem,Dragon Dance; Scale Shot,Pressure,,,False,Free For all,2026-09-28T20:47:28,,2407,0,4,0,0,42,10,4,0,9,18,0,0,True,False,False
https://replay.pokemonshowdown.com/gen9freeforall-2531009416-glc7e02rnpibff0bul0fjm4n7fbmvbupw,ok,p4,ultraquesito,Iron Moth,Dazzling Gleam; Psychic; Sludge Wave,,Booster Energy,,False,Free For all,2026-09-28T20:47:28,,2407,0,4,0,0,42,10,4,0,9,18,0,0,False,False,False
https://replay.pokemonshowdown.com/gen9freeforall-2531009416-glc7e02rnpibff0bul0fjm4n7fbmvbupw,ok,p4,ultraquesito,Kingambit,Sucker Punch; Swords Dance,,,Ghost,False,Free For all,2026-09-28T20:47:28,,2407,0,4,0,0,42,10,4,0,9,18,0,0,False,False,True
https://replay.pokemonshowdown.com/gen9freeforall-2531009416-glc7e02rnpibff0bul0fjm4n7fbmvbupw,ok,p4,ultraquesito,Landorus-Therian,Earthquake; Grass Knot,Intimidate,,,False,Free For all,2026-09-28T20:47:28,Landorus,2407,0,4,0,0,42,10,4,0,9,18,0,0,False,False,False
https://replay.pokemonshowdown.com/gen9freeforall-2531009416-glc7e02rnpibff0bul0fjm4n7fbmvbupw,ok,p4,ultraquesito,Hatterene,Nuzzle,,,,False,Free For all,2026-09-28T20:47:28,,2407,0,4,0,0,42,10,4,0,9,18,0,0,False,False,False
https://replay.pokemonshowdown.com/gen9freeforall-2531009416-glc7e02rnpibff0bul0fjm4n7fbmvbupw,ok,p4,ultraquesito,Zamazenta-*,,,,,False,Free For all,2026-09-28T20:47:28,,2407,0,4,0,0,42,10,4,0,9,18,0,0,False,False,False
https://replay.pokemonshowdown.com/gen9multirandombattle-2549845212-isf8xj2ey74dk7iocyjgurlatbm2fy7pw,ok,p1,Bloodycheese,Delibird,Brave Bird,,,,,MultiRandomBattle,2026-09-28T20:47:28,,1510,0,3,0,0,21,1,1,0,0,1,0,0,True,False,False
https://replay.pokemonshowdown.com/gen9multirandombattle-2549845212-isf8xj2ey74dk7iocyjgurlatbm2fy7pw,ok,p1,Bloodycheese,Hypno,Helping Hand; Low Sweep; Poison Gas,,Sitrus Berry,,,MultiRandomBattle,2026-09-28T20:47:28,,1510,0,3,0,0,21,1,1,0,0,1,0,0,False,False,False
https://replay.pokemonshowdown.com/gen9multirandombattle-2549845212-isf8xj2ey74dk7iocyjgurlatbm2fy7pw,ok,p1,Bloodycheese,Dialga,Draco Meteor; Heavy Slam; Protect,,Sitrus Berry,Steel,,MultiRandomBattle,2026-09-28T20:47:28,,1510,0,3,0,0,21,1,1,0,0,1,0,0,False,False,True
https://replay.pokemonshowdown.com/gen9multirandombattle-2549845212-isf8xj2ey74dk7iocyjgurlatbm2fy7pw,ok,p2,Chris FPS,Meganium,Encore; Energy Ball; Heal Pulse; Knock Off,,Sitrus Berry,,,MultiRandomBattle,2026-09-28T20:47:28,,1510,0,1,1,0,21,4,1,0,1,1,0,0,True,False,False
https://replay.pokemonshowdown.com/gen9multirandombattle-2549845212-isf8xj2ey74dk7iocyjgurlatbm2fy7pw,ok,p2,Chris FPS,Iron Treads,High Horsepower; Iron Head; Rapid Spin,,,,,MultiRandomBattle,2026-09-28T20:47:28,,1510,0,1,1,0,21,4,1,0,1,1,0,0,False,False,False
https://replay.pokemonshowdown.com/gen9multirandombattle-2549845212-isf8xj2ey74dk7iocyjgurlatbm2fy7pw,ok,p3,ultraquesito,Corviknight,Brave Bird; Iron Head; Tailwind,Mirror Armor,Sitrus Berry,,,MultiRandomBattle,2026-09-28T20:47:28,,1510,0,3,0,1,21,4,3,0,1,2,0,0,True,False,False
https://replay.pokemonshowdown.com/gen9multirandombattle-2549845212-isf8xj2ey74dk7iocyjgurlatbm2fy7pw,ok,p3,ultraquesito,Hydrapple,Leaf Storm; Protect,,Sitrus Berry,,,MultiRandomBattle,2026-09-28T20:47:28,,1510,0,3,0,1,21,4,3,0,1,2,0,0,False,False,False
https://replay.pokemonshowdown.com/gen9multirandombattle-2549845212-isf8xj2ey74dk7iocyjgurlatbm2fy7pw,ok,p3,ultraquesito,Glastrier,Icicle Crash,Chilling Neigh,Assault Vest,Steel,,MultiRandomBattle,2026-09-28T20:47:28,,1510,0,3,0,1,21,4,3,0,1,2,0,0,False,False,True
https://replay.pokemonshowdown.com/gen9multirandombattle-2549845212-isf8xj2ey74dk7iocyjgurlatbm2fy7pw,ok,p4,Cl_Moonligth,Masquerain,Bug Buzz; Hurricane; Tailwind,Intimidate,,,,MultiRandomBattle,2026-09-28T20:47:28,,1510,0,3,0,0,21,3,1,0,0,3,0,0,True,False,False
https://replay.pokemonshowdown.com/gen9multirandombattle-2549845212-isf8xj2ey74dk7iocyjgurlatbm2fy7pw,ok,p4,Cl_Moonligth,Spiritomb,Helping Hand; Will-O-Wisp,,Sitrus Berry,Steel,,MultiRandomBattle,2026-09-28T20:47:28,,1510,0,3,0,0,21,3,1,0,0,3,0,0,False,False,True
https://replay.pokemonshowdown.com/gen9multirandombattle-2549845212-isf8xj2ey74dk7iocyjgurlatbm2fy7pw,ok,p4,Cl_Moonligth,Rhydon,High Horsepower; Protect; Rock Slide,,,,,MultiRandomBattle,2026-09-28T20:47:28,,1510,0,3,0,0,21,3,1,0,0,3,0,0,False,False,False
https://replay.pokemonshowdown.com/gen9vgc2026regfbo3-2534442041-soki0jp57s4cydf322poq95a6nrml0ipw,ok,p1,bloodycheese,Tyranitar,Knock Off; Low Kick; Rock Slide; Tera Blast,Sand Stream,Choice Band,Flying,True,VGC,2026-09-28T20:47:29,AngelloLadrón,237,4,0,0,1,6,4,0,1,0,1,0,0,False,False,False
https://replay.pokemonshowdown.com/gen9vgc2026regfbo3-2534442041-soki0jp57s4cydf322poq95a6nrml0ipw,ok,p1,bloodycheese,Excadrill,Earthquake; High Horsepower; Iron Head; Protect,Sand Rush,Focus Sash,Stellar,True,VGC,2026-09-28T20:47:29,CarlosTopo,237,4,0,0,1,6,4,0,1,0,1,0,0,True,False,False
https://replay.pokemonshowdown.com/gen9vgc2026regfbo3-2534442041-soki0jp57s4cydf322poq95a6nrml0ipw,ok,p1,bloodycheese,Salamence,Air Slash; Draco Meteor; Roost; Tailwind,Intimidate,Rocky Helmet,Poison,True,VGC,2026-09-28T20:47:29,VolveFAB,237,4,0,0,1,6,4,0,1,0,1,0,0,False,False,False
https://replay.pokemonshowdown.com/gen9vgc2026regfbo3-2534442041-soki0jp57s4cydf322poq95a6nrml0ipw,ok,p1,bloodycheese,Okidogi,Drain Punch; Gunk Shot; Knock Off; Upper Hand,Guard Dog,Assault Vest,Flying,True,VGC,2026-09-28T20:47:29,,237,4,0,0,1,6,4,0,1,0,1,0,0,False,False,False
https://replay.pokemonshowdown.com/gen9vgc2026regfbo3-2534442041-soki0jp57s4cydf322poq95a6nrml0ipw,ok,p1,bloodycheese,Corviknight,Brave Bird; Roost; Taunt; U-turn,Mirror Armor,Wiki Berry,Flying,True,VGC,2026-09-28T20:47:29,,237,4,0,0,1,6,4,0,1,0,1,0,0,False,False,False
https://replay.pokemonshowdown.com/gen9vgc2026regfbo3-2534442041-soki0jp57s4cydf322poq95a6nrml0ipw,ok,p1,bloodycheese,Brute Bonnet,Rage Powder; Seed Bomb; Spore; Sucker Punch,Protosynthesis,Covert Cloak,Water,True,VGC,2026-09-28T20:47:29,,237,4,0,0,1,6,4,0,1,0,1,0,0,False,False,False
https://replay.pokemonshowdown.com/gen9vgc2026regfbo3-2534442041-soki0jp57s4cydf322poq95a6nrml0ipw,ok,p2,multiliner racoon,Lokix,First Impression; Knock Off; Sucker Punch; U-turn,Tinted Lens,Focus Sash,Dark,False,VGC,2026-09-28T20:47:29,,237,0,4,1,0,6,1,1,1,0,0,0,0,True,False,True
https://replay.pokemonshowdown.com/gen9vgc2026regfbo3-2534442041-soki0jp57s4cydf322poq95a6nrml0ipw,ok,p2,multiliner racoon,Walking Wake,Draco Meteor; Flamethrower; Hydro Steam; Protect,Protosynthesis,Life Orb,Water,False,VGC,2026-09-28T20:47:29,,237,0,4,1,0,6,1,1,1,0,0,0,0,False,False,False
https://replay.pokemonshowdown.com/gen9vgc2026regfbo3-2534442041-soki0jp57s4cydf322poq95a6nrml0ipw,ok,p2,multiliner racoon,Ninetales,Encore; Overheat; Scorching Sands; Solar Beam,Drought,Eject Pack,Fire,False,VGC,2026-09-28T20:47:29,,237,0,4,1,0,6,1,1,1,0,0,0,0,False,False,False
https://replay.pokemonshowdown.com/gen9vgc2026regfbo3-2534442041-soki0jp57s4cydf322poq95a6nrml0ipw,ok,p2,multiliner racoon,Lilligant-Hisui,Close Combat; Poison Jab; Protect; Solar Blade,Chlorophyll,Clear Amulet,Grass,False,VGC,2026-09-28T20:47:29,,237,0,4,1,0,6,1,1,1,0,0,0,0,False,False,False
https://replay.pokemonshowdown.com/gen9vgc2026regfbo3-2534442041-soki0jp57s4cydf322poq95a6nrml0ipw,ok,p2,multiliner racoon,Sandy Shocks,Earth Power; Flash Cannon; Tera Blast; Volt Switch,Protosynthesis,Covert Cloak,Electric,False,VGC,2026-09-28T20:47:29,,237,0,4,1,0,6,1,1,1,0,0,0,0,False,False,False
https://replay.pokemonshowdown.com/gen9vgc2026regfbo3-2534442041-soki0jp57s4cydf322poq95a6nrml0ipw,ok,p2,multiliner racoon,Spectrier,Dark Pulse; Shadow Ball; Snarl; Tera Blast,Grim Neigh,Choice Scarf,Fairy,False,VGC,2026-09-28T20:47:29,,237,0,4,1,0,6,1,1,1,0,0,0,0,False,False,False
https://replay.pokemonshowdown.com/gen9vgc2026regfbo3-2540428397-aco8ex3pydor1ce01k9yxdw9ffg38dhpw,ok,p1,K-TrachoVgc2189,Talonflame,Brave Bird; Flare Blitz; Tailwind; Will-O-Wisp,Gale Wings,Covert Cloak,Flying,False,VGC,2026-09-28T20:47:30,,212,2,4,0,1,6,1,0,0,0,1,0,0,False,False,False
https://replay.pokemonshowdown.com/gen9vgc2026regfbo3-2540428397-aco8ex3pydor1ce01k9yxdw9ffg38dhpw,ok,p1,K-TrachoVgc2189,Garchomp,Dragon Claw; Earthquake; Protect; Stomping Tantrum,Rough Skin,Life Orb,Fire,False,VGC,2026-09-28T20:47:30,,212,2,4,0,1,6,1,0,0,0,1,0,0,False,False,False
https://replay.pokemonshowdown.com/gen9vgc2026regfbo3-2540428397-aco8ex3pydor1ce01k9yxdw9ffg38dhpw,ok,p1,K-TrachoVgc2189,Gardevoir,Dazzling Gleam; Expanding Force; Moonblast; Vacuum Wave,Telepathy,Choice Specs,Fairy,False,VGC,2026-09-28T20:47:30,,212,2,4,0,1,6,1,0,0,0,1,0,0,False,False,False
https://replay.pokemonshowdown.com/gen9vgc2026regfbo3-2540428397-aco8ex3pydor1ce01k9yxdw9ffg38dhpw,ok,p1,K-TrachoVgc2189,Pawmot,Close Combat; Double Shock; Fake Out; Revival Blessing,Natural Cure,Focus Sash,Electric,False,VGC,2026-09-28T20:47:30,,212,2,4,0,1,6,1,0,0,0,1,0,0,False,False,False
https://replay.pokemonshowdown.com/gen9vgc2026regfbo3-2540428397-aco8ex3pydor1ce01k9yxdw9ffg38dhpw,ok,p1,K-TrachoVgc2189,Annihilape,Bulk Up; Drain Punch; Protect; Rage Fist,Defiant,Safety Goggles,Fire,False,VGC,2026-09-28T20:47:30,,212,2,4,0,1,6,1,0,0,0,1,0,0,False,False,False
https://replay.pokemonshowdown.com/gen9vgc2026regfbo3-2540428397-aco8ex3pydor1ce01k9yxdw9ffg38dhpw,ok,p1,K-TrachoVgc2189,Maushold-Four,Beat Up; Follow Me; Population Bomb; Protect,Technician,Wide Lens,Ghost,False,VGC,2026-09-28T20:47:30,Maushold,212,2,4,0,1,6,1,0,0,0,1,0,0,True,False,False
https://replay.pokemonshowdown.com/gen9vgc2026regfbo3-2540428397-aco8ex3pydor1ce01k9yxdw9ffg38dhpw,ok,p2,bloodycheese,Tyranitar,Knock Off; Low Kick; Rock Slide; Tera Blast,Sand Stream,Choice Band,Flying,True,VGC,2026-09-28T20:47:30,AngelloLadrón,212,4,2,1,0,6,2,0,1,0,0,0,0,True,False,True
https://replay.pokemonshowdown.com/gen9vgc2026regfbo3-2540428397-aco8ex3pydor1ce01k9yxdw9ffg38dhpw,ok,p2,bloodycheese,Excadrill,Earthquake; High Horsepower; Iron Head; Protect,Sand Rush,Focus Sash,Stellar,True,VGC,2026-09-28T20:47:30,CarlosTopo,212,4,2,1,0,6,2,0,1,0,0,0,0,False,False,False
https://replay.pokemonshowdown.com/gen9vgc2026regfbo3-2540428397-aco8ex3pydor1ce01k9yxdw9ffg38dhpw,ok,p2,bloodycheese,Salamence,Air Slash; Draco Meteor; Roost; Tailwind,Intimidate,Rocky Helmet,Poison,True,VGC,2026-09-28T20:47:30,,212,4,2,1,0,6,2,0,1,0,0,0,0,False,False,False
https://replay.pokemonshowdown.com/gen9vgc2026regfbo3-2540428397-aco8ex3pydor1ce01k9yxdw9ffg38dhpw,ok,p2,bloodycheese,Okidogi,Drain Punch; Gunk Shot; Knock Off; Upper Hand,Guard Dog,Assault Vest,Flying,True,VGC,2026-09-28T20:47:30,OkeyDrogui,212,4,2,1,0,6,2,0,1,0,0,0,0,False,False,False
https://replay.pokemonshowdown.com/gen9vgc2026regfbo3-2540428397-aco8ex3pydor1ce01k9yxdw9ffg38dhpw,ok,p2,bloodycheese,Corviknight,Brave Bird; Roost; Taunt; U-turn,Mirror Armor,Wiki Berry,Flying,True,VGC,2026-09-28T20:47:30,,212,4,2,1,0,6,2,0,1,0,0,0,0,False,False,False
https://replay.pokemonshowdown.com/gen9vgc2026regfbo3-2540428397-aco8ex3pydor1ce01k9yxdw9ffg38dhpw,ok,p2,bloodycheese,Brute Bonnet,Rage Powder; Seed Bomb; Spore; Sucker Punch,Protosynthesis,Covert Cloak,Water,True,VGC,2026-09-28T20:47:30,El Bruto De Bon,212,4,2,1,0,6,2,0,1,0,0,0,0,False,False,False
https://replay.pokemonshowdown.com/gen9vgc2026regfbo3-2550591083-gnuwuphm8e58kp34omxs707wetsbp0opw,ok,p1,bloodycheese,Tyranitar,Knock Off; Low Kick; Rock Slide; Tera Blast,Sand Stream,Choice Band,Flying,True,VGC,2026-09-28T20:47:30,AngelloLadrón,201,4,1,0,0,6,2,3,1,0,1,0,0,False,False,True
https://replay.pokemonshowdown.com/gen9vgc2026regfbo3-2550591083-gnuwuphm8e58kp34omxs707wetsbp0opw,ok,p1,bloodycheese,Excadrill,Earthquake; High Horsepower; Iron Head; Protect,Sand Rush,Focus Sash,Stellar,True,VGC,2026-09-28T20:47:30,CarlosTopo,201,4,1,0,0,6,2,3,1,0,1,0,0,True,False,False
https://replay.pokemonshowdown.com/gen9vgc2026regfbo3-2550591083-gnuwuphm8e58kp34omxs707wetsbp0opw,ok,p1,bloodycheese,Salamence,Air Slash; Draco Meteor; Roost; Tailwind,Intimidate,Rocky Helmet,Poison,True,VGC,2026-09-28T20:47:30,,201,4,1,0,0,6,2,3,1,0,1,0,0,False,False,False
https://replay.pokemonshowdown.com/gen9vgc2026regfbo3-2550591083-gnuwuphm8e58kp34omxs707wetsbp0opw,ok,p1,bloodycheese,Okidogi,Drain Punch; Gunk Shot; Knock Off; Upper Hand,Guard Dog,Assault Vest,Flying,True,VGC,2026-09-28T20:47:30,OkeyDrogui,201,4,1,0,0,6,2,3,1,0,1,0,0,False,False,False
https://replay.pokemonshowdown.com/gen9vgc2026regfbo3-2550591083-gnuwuphm8e58kp34omxs707wetsbp0opw,ok,p1,bloodycheese,Corviknight,Brave Bird; Roost; Taunt; U-turn,Mirror Armor,Leftovers,Flying,True,VGC,2026-09-28T20:47:30,Ultrahuevito,201,4,1,0,0,6,2,3,1,0,1,0,0,False,False,False
https://replay.pokemonshowdown.com/gen9vgc2026regfbo3-2550591083-gnuwuphm8e58kp34omxs707wetsbp0opw,ok,p1,bloodycheese,Brute Bonnet,Rage Powder; Seed Bomb; Spore; Sucker Punch,Protosynthesis,Covert Cloak,Water,True,VGC,2026-09-28T20:47:30,,201,4,1,0,0,6,2,3,1,0,1,0,0,False,False,False
https://replay.pokemonshowdown.com/gen9vgc2026regfbo3-2550591083-gnuwuphm8e58kp34omxs707wetsbp0opw,ok,p2,skll02,Pelipper,Hurricane; U-turn; Weather Ball; Wide Guard,Drizzle,Damp Rock,Water,False,VGC,2026-09-28T20:47:30,garganta profunda,201,1,4,0,0,6,2,0,1,4,0,0,1,True,False,False
https://replay.pokemonshowdown.com/gen9vgc2026regfbo3-2550591083-gnuwuphm8e58kp34omxs707wetsbp0opw,ok,p2,skll02,Enamorus,Dazzling Gleam; Earth Power; Superpower; Tera Blast,Contrary,Life Orb,Stellar,False,VGC,2026-09-28T20:47:30,moira,201,1,4,0,0,6,2,0,1,4,0,0,1,False,False,False
https://replay.pokemonshowdown.com/gen9vgc2026regfbo3-2550591083-gnuwuphm8e58kp34omxs707wetsbp0opw,ok,p2,skll02,Thundurus,Eerie Impulse; Electroweb; Scary Face; Snarl,Prankster,Covert Cloak,Dark,False,VGC,2026-09-28T20:47:30,furanko,201,1,4,0,0,6,2,0,1,4,0,0,1,False,False,True
https://replay.pokemonshowdown.com/gen9vgc2026regfbo3-2550591083-gnuwuphm8e58kp34omxs707wetsbp0opw,ok,p2,skll02,Annihilape,Close Combat; Earthquake; Rage Fist; U-turn,Vital Spirit,Choice Band,Ground,False,VGC,2026-09-28T20:47:30,,201,1,4,0,0,6,2,0,1,4,0,0,1,False,False,False
https://replay.pokemonshowdown.com/gen9vgc2026regfbo3-2550591083-gnuwuphm8e58kp34omxs707wetsbp0opw,ok,p2,skll02,Whimsicott,Encore; Light Screen; Moonblast; Trick Room,Prankster,Light Clay,Grass,False,VGC,2026-09-28T20:47:30,,201,1,4,0,0,6,2,0,1,4,0,0,1,False,False,False
https://replay.pokemonshowdown.com/gen9vgc2026regfbo3-2550591083-gnuwuphm8e58kp34omxs707wetsbp0opw,ok,p2,skll02,Archaludon,Body Press; Dragon Pulse; Electro Shot; Flash Cannon,Stamina,Assault Vest,Fairy,False,VGC,2026-09-28T20:47:30,911,201,1,4,0,0,6,2,0,1,4,0,0,1,False,False,False
https://replay.pokemonshowdown.com/gen9vgc2026regfbo3-2551149665-0cik3v6s9fems7s7ffvqpp6w1ao94u3pw,ok,p1,bloodycheese,Tyranitar,Knock Off; Low Kick; Rock Slide; Tera Blast,Sand Stream,Choice Band,Flying,True,VGC,2026-09-28T20:47:31,AngelloLadrón,259,4,2,0,0,5,2,0,1,0,2,0,0,True,False,True
https://replay.pokemonshowdown.com/gen9vgc2026regfbo3-2551149665-0cik3v6s9fems7s7ffvqpp6w1ao94u3pw,ok,p1,bloodycheese,Excadrill,Earthquake; High Horsepower; Iron Head; Protect,Sand Rush,Focus Sash,Stellar,True,VGC,2026-09-28T20:47:31,CarlosTopo,259,4,2,0,0,5,2,0,1,0,2,0,0,False,False,False
https://replay.pokemonshowdown.com/gen9vgc2026regfbo3-2551149665-0cik3v6s9fems7s7ffvqpp6w1ao94u3pw,ok,p1,bloodycheese,Salamence,Air Slash; Draco Meteor; Roost; Tailwind,Intimidate,Rocky Helmet,Poison,True,VGC,2026-09-28T20:47:31,,259,4,2,0,0,5,2,0,1,0,2,0,0,False,False,False
https://replay.pokemonshowdown.com/gen9vgc2026regfbo3-2551149665-0cik3v6s9fems7s7ffvqpp6w1ao94u3pw,ok,p1,bloodycheese,Okidogi,Drain Punch; Gunk Shot; Knock Off; Upper Hand,Guard Dog,Assault Vest,Flying,True,VGC,2026-09-28T20:47:31,OkeyDrogui,259,4,2,0,0,5,2,0,1,0,2,0,0,False,False,False
https://replay.pokemonshowdown.com/gen9vgc2026regfbo3-2551149665-0cik3v6s9fems7s7ffvqpp6w1ao94u3pw,ok,p1,bloodycheese,Corviknight,Brave Bird; Roost; Taunt; U-turn,Mirror Armor,Leftovers,Flying,True,VGC,2026-09-28T20:47:31,Ultrahuevito,259,4,2,0,0,5,2,0,1,0,2,0,0,False,False,False
https://replay.pokemonshowdown.com/gen9vgc2026regfbo3-2551149665-0cik3v6s9fems7s7ffvqpp6w1ao94u3pw,ok,p1,bloodycheese,Brute Bonnet,Rage Powder; Seed Bomb; Spore; Sucker Punch,Protosynthesis,Covert Cloak,Water,True,VGC,2026-09-28T20:47:31,,259,4,2,0,0,5,2,0,1,0,2,0,0,False,False,False
https://replay.pokemonshowdown.com/gen9vgc2026regfbo3-2551149665-0cik3v6s9fems7s7ffvqpp6w1ao94u3pw,ok,p2,EmperorGambit,Magmar,Flamethrower; Follow Me; Helping Hand; Protect,Vital Spirit,Eviolite,Ghost,False,VGC,2026-09-28T20:47:31,,259,2,4,0,0,5,1,1,0,0,0,0,0,False,False,False
https://replay.pokemonshowdown.com/gen9vgc2026regfbo3-2551149665-0cik3v6s9fems7s7ffvqpp6w1ao94u3pw,ok,p2,EmperorGambit,Kingambit,Iron Head; Kowtow Cleave; Low Kick; Sucker Punch,Defiant,Assault Vest,Dragon,False,VGC,2026-09-28T20:47:31,,259,2,4,0,0,5,1,1,0,0,0,0,0,False,False,False
https://replay.pokemonshowdown.com/gen9vgc2026regfbo3-2551149665-0cik3v6s9fems7s7ffvqpp6w1ao94u3pw,ok,p2,EmperorGambit,Glimmora,Earth Power; Meteor Beam; Sludge Bomb; Spiky Shield,Toxic Debris,Power Herb,Grass,False,VGC,2026-09-28T20:47:31,,259,2,4,0,0,5,1,1,0,0,0,0,0,False,False,False
https://replay.pokemonshowdown.com/gen9vgc2026regfbo3-2551149665-0cik3v6s9fems7s7ffvqpp6w1ao94u3pw,ok,p2,EmperorGambit,Zapdos-Galar,Brave Bird; Close Combat; Knock Off; U-turn,Defiant,Choice Scarf,Flying,False,VGC,2026-09-28T20:47:31,Zapdos,259,2,4,0,0,5,1,1,0,0,0,0,0,True,False,True
https://replay.pokemonshowdown.com/gen9vgc2026regfbo3-2551149665-0cik3v6s9fems7s7ffvqpp6w1ao94u3pw,ok,p2,EmperorGambit,Sneasler,Close Combat; Dire Claw; Fake Out; Protect,Unburden,Focus Sash,Fighting,False,VGC,2026-09-28T20:47:31,,259,2,4,0,0,5,1,1,0,0,0,0,0,False,False,False
https://replay.pokemonshowdown.com/gen9vgc2026regfbo3-2551149665-0cik3v6s9fems7s7ffvqpp6w1ao94u3pw,ok,p2,EmperorGambit,Walking Wake,Draco Meteor; Hydro Steam; Snarl; Sunny Day,Protosynthesis,Life Orb,Water,False,VGC,2026-09-28T20:47:31,,259,2,4,0,0,5,1,1,0,0,0,0,0,False,False,False
https://replay.pokemonshowdown.com/gen9vgc2026regfbo3-2559853670-i6xf1nq553y4hee5p3m8v97trkk98icpw,ok,p1,CHIN CHAMPIONS,Charizard,Air Slash; Heat Wave; Overheat; Weather Ball,Solar Power,Choice Specs,Ghost,False,VGC,2026-09-28T20:47:32,,509,2,3,1,1,11,1,4,3,3,0,0,0,True,False,False
https://replay.pokemonshowdown.com/gen9vgc2026regfbo3-2559853670-i6xf1nq553y4hee5p3m8v97trkk98icpw,ok,p1,CHIN CHAMPIONS,Torkoal,Eruption; Helping Hand; Overheat; Protect,Drought,Eject Pack,Fire,False,VGC,2026-09-28T20:47:32,,509,2,3,1,1,11,1,4,3,3,0,0,0,False,False,False
https://replay.pokemonshowdown.com/gen9vgc2026regfbo3-2559853670-i6xf1nq553y4hee5p3m8v97trkk98icpw,ok,p1,CHIN CHAMPIONS,Porygon2,Ice Beam; Recover; Tera Blast; Trick Room,Download,Eviolite,Flying,False,VGC,2026-09-28T20:47:32,,509,2,3,1,1,11,1,4,3,3,0,0,0,False,False,True
https://replay.pokemonshowdown.com/gen9vgc2026regfbo3-2559853670-i6xf1nq553y4hee5p3m8v97trkk98icpw,ok,p1,CHIN CHAMPIONS,Iron Hands,Drain Punch; Fake Out; Volt Switch; Wild Charge,Quark Drive,Assault Vest,Water,False,VGC,2026-09-28T20:47:32,,509,2,3,1,1,11,1,4,3,3,0,0,0,False,False,False
https://replay.pokemonshowdown.com/gen9vgc2026regfbo3-2559853670-i6xf1nq553y4hee5p3m8v97trkk98icpw,ok,p1,CHIN CHAMPIONS,Jumpluff,Rage Powder; Sleep Powder; Sunny Day; Tailwind,Chlorophyll,Covert Cloak,Poison,False,VGC,2026-09-28T20:47:32,,509,2,3,1,1,11,1,4,3,3,0,0,0,False,False,False
https://replay.pokemonshowdown.com/gen9vgc2026regfbo3-2559853670-i6xf1nq553y4hee5p3m8v97trkk98icpw,ok,p1,CHIN CHAMPIONS,Golurk,Curse; Earthquake; Protect; Thunder Punch,Iron Fist,Leftovers,Grass,False,VGC,2026-09-28T20:47:32,,509,2,3,1,1,11,1,4,3,3,0,0,0,False,False,False
https://replay.pokemonshowdown.com/gen9vgc2026regfbo3-2559853670-i6xf1nq553y4hee5p3m8v97trkk98icpw,ok,p2,saperoko10,Archaludon,Body Press; Draco Meteor; Electro Shot; Flash Cannon,Stamina,Assault Vest,Fighting,True,VGC,2026-09-28T20:47:32,,509,3,2,1,1,11,1,2,2,2,10,0,0,False,False,False
https://replay.pokemonshowdown.com/gen9vgc2026regfbo3-2559853670-i6xf1nq553y4hee5p3m8v97trkk98icpw,ok,p2,saperoko10,Pelipper,Hurricane; Protect; Weather Ball; Wide Guard,Drizzle,Focus Sash,Ghost,True,VGC,2026-09-28T20:47:32,,509,3,2,1,1,11,1,2,2,2,10,0,0,False,False,False
https://replay.pokemonshowdown.com/gen9vgc2026regfbo3-2559853670-i6xf1nq553y4hee5p3m8v97trkk98icpw,ok,p2,saperoko10,Sinistcha,Life Dew; Matcha Gotcha; Rage Powder; Trick Room,Hospitality,Sitrus Berry,Dark,True,VGC,2026-09-28T20:47:32,,509,3,2,1,1,11,1,2,2,2,10,0,0,False,False,False
https://replay.pokemonshowdown.com/gen9vgc2026regfbo3-2559853670-i6xf1nq553y4hee5p3m8v97trkk98icpw,ok,p2,saperoko10,Basculegion,Aqua Jet; Flip Turn; Last Respects; Wave Crash,Swift Swim,Choice Band,Grass,True,VGC,2026-09-28T20:47:32,,509,3,2,1,1,11,1,2,2,2,10,0,0,False,False,False
https://replay.pokemonshowdown.com/gen9vgc2026regfbo3-2559853670-i6xf1nq553y4hee5p3m8v97trkk98icpw,ok,p2,saperoko10,Annihilape,Bulk Up; Drain Punch; Protect; Rage Fist,Defiant,Leftovers,Fire,True,VGC,2026-09-28T20:47:32,,509,3,2,1,1,11,1,2,2,2,10,0,0,True,False,True
https://replay.pokemonshowdown.com/gen9vgc2026regfbo3-2559853670-i6xf1nq553y4hee5p3m8v97trkk98icpw,ok,p2,saperoko10,Maushold-Four,Beat Up; Follow Me; Protect; Taunt,Friend Guard,Safety Goggles,Ghost,True,VGC,2026-09-28T20:47:32,Maushold,509,3,2,1,1,11,1,2,2,2,10,0,0,False,False,False
https://replay.pokemonshowdown.com/gen9nationaldex-2540413251-1va8fo8ilmml725uhqr4ketuednxqhdpw,ok,p1,bloodycheese,Hatterene,Leech Seed; Mystical Fire; Nuzzle,,Leftovers,,True,NAT DEX,2026-09-28T20:47:32,,337,6,3,2,2,13,4,1,0,0,3,0,0,False,False,False
https://replay.pokemonshowdown.com/gen9nationaldex-2540413251-1va8fo8ilmml725uhqr4ketuednxqhdpw,ok,p1,bloodycheese,Rillaboom,Wood Hammer,,,,True,NAT DEX,2026-09-28T20:47:32,,337,6,3,2,2,13,4,1,0,0,3,0,0,False,False,False
https://replay.pokemonshowdown.com/gen9nationaldex-2540413251-1va8fo8ilmml725uhqr4ketuednxqhdpw,ok,p1,bloodycheese,Corviknight,Brave Bird; U-turn,Pressure,Rocky Helmet,,True,NAT DEX,2026-09-28T20:47:32,,337,6,3,2,2,13,4,1,0,0,3,0,0,False,False,False
https://replay.pokemonshowdown.com/gen9nationaldex-2540413251-1va8fo8ilmml725uhqr4ketuednxqhdpw,ok,p1,bloodycheese,Cinderace,High Jump Kick; Sucker Punch,,,,True,NAT DEX,2026-09-28T20:47:32,,337,6,3,2,2,13,4,1,0,0,3,0,0,False,False,False
https://replay.pokemonshowdown.com/gen9nationaldex-2540413251-1va8fo8ilmml725uhqr4ketuednxqhdpw,ok,p1,bloodycheese,Regieleki,Volt Switch,,,,True,NAT DEX,2026-09-28T20:47:32,,337,6,3,2,2,13,4,1,0,0,3,0,0,True,False,False
https://replay.pokemonshowdown.com/gen9nationaldex-2540413251-1va8fo8ilmml725uhqr4ketuednxqhdpw,ok,p1,bloodycheese,Kleavor,U-turn,,Focus Sash,,True,NAT DEX,2026-09-28T20:47:32,,337,6,3,2,2,13,4,1,0,0,3,0,0,False,False,False
https://replay.pokemonshowdown.com/gen9nationaldex-2540413251-1va8fo8ilmml725uhqr4ketuednxqhdpw,ok,p2,eden king,Urshifu-*,,,,,False,NAT DEX,2026-09-28T20:47:32,,337,3,6,2,2,13,2,1,0,0,6,0,0,False,False,False
https://replay.pokemonshowdown.com/gen9nationaldex-2540413251-1va8fo8ilmml725uhqr4ketuednxqhdpw,ok,p2,eden king,Samurott-Hisui,Aqua Cutter; Knock Off,,,,False,NAT DEX,2026-09-28T20:47:32,Samurott,337,3,6,2,2,13,2,1,0,0,6,0,0,False,False,False
https://replay.pokemonshowdown.com/gen9nationaldex-2540413251-1va8fo8ilmml725uhqr4ketuednxqhdpw,ok,p2,eden king,Rillaboom,Knock Off; Leech Seed,,,,False,NAT DEX,2026-09-28T20:47:32,,337,3,6,2,2,13,2,1,0,0,6,0,0,False,False,False
https://replay.pokemonshowdown.com/gen9nationaldex-2540413251-1va8fo8ilmml725uhqr4ketuednxqhdpw,ok,p2,eden king,Hatterene,Protect,,,,False,NAT DEX,2026-09-28T20:47:32,,337,3,6,2,2,13,2,1,0,0,6,0,0,False,False,False
https://replay.pokemonshowdown.com/gen9nationaldex-2540413251-1va8fo8ilmml725uhqr4ketuednxqhdpw,ok,p2,eden king,Falinks,First Impression,,Focus Sash,,False,NAT DEX,2026-09-28T20:47:32,,337,3,6,2,2,13,2,1,0,0,6,0,0,False,False,False
https://replay.pokemonshowdown.com/gen9nationaldex-2540413251-1va8fo8ilmml725uhqr4ketuednxqhdpw,ok,p2,eden king,Cinderace,Pyro Ball,,,,False,NAT DEX,2026-09-28T20:47:32,,337,3,6,2,2,13,2,1,0,0,6,0,0,True,False,False
https://replay.pokemonshowdown.com/gen9nationaldex-2548453084-9ivajpk55thphu7qseg9nikntq0frxupw,ok,p1,bloodycheese,Hatterene,Mystical Fire; Nuzzle,,,,True,NAT DEX,2026-09-28T20:47:33,,500,6,4,0,0,19,4,4,0,0,3,0,0,False,False,False
https://replay.pokemonshowdown.com/gen9nationaldex-2548453084-9ivajpk55thphu7qseg9nikntq0frxupw,ok,p1,bloodycheese,Rillaboom,,,,,True,NAT DEX,2026-09-28T20:47:33,,500,6,4,0,0,19,4,4,0,0,3,0,0,False,False,False
https://replay.pokemonshowdown.com/gen9nationaldex-2548453084-9ivajpk55thphu7qseg9nikntq0frxupw,ok,p1,bloodycheese,Corviknight,Brave Bird,Pressure,,,True,NAT DEX,2026-09-28T20:47:33,,500,6,4,0,0,19,4,4,0,0,3,0,0,False,False,False
https://replay.pokemonshowdown.com/gen9nationaldex-2548453084-9ivajpk55thphu7qseg9nikntq0frxupw,ok,p1,bloodycheese,Cinderace,Pyro Ball,,Heavy-Duty Boots,,True,NAT DEX,2026-09-28T20:47:33,,500,6,4,0,0,19,4,4,0,0,3,0,0,False,False,False
https://replay.pokemonshowdown.com/gen9nationaldex-2548453084-9ivajpk55thphu7qseg9nikntq0frxupw,ok,p1,bloodycheese,Regieleki,Thunderbolt; Volt Switch,,,,True,NAT DEX,2026-09-28T20:47:33,,500,6,4,0,0,19,4,4,0,0,3,0,0,False,False,False
https://replay.pokemonshowdown.com/gen9nationaldex-2548453084-9ivajpk55thphu7qseg9nikntq0frxupw,ok,p1,bloodycheese,Kleavor,Stone Axe; Stone Edge,,,,True,NAT DEX,2026-09-28T20:47:33,,500,6,4,0,0,19,4,4,0,0,3,0,0,True,False,False
https://replay.pokemonshowdown.com/gen9nationaldex-2548453084-9ivajpk55thphu7qseg9nikntq0frxupw,ok,p2,Hallacas,Corviknight,Brave Bird,Pressure,,,False,NAT DEX,2026-09-28T20:47:33,,500,4,6,0,0,19,2,0,0,2,3,0,0,False,False,False
https://replay.pokemonshowdown.com/gen9nationaldex-2548453084-9ivajpk55thphu7qseg9nikntq0frxupw,ok,p2,Hallacas,Hatterene,Calm Mind; Draining Kiss; Mystical Fire,,,,False,NAT DEX,2026-09-28T20:47:33,,500,4,6,0,0,19,2,0,0,2,3,0,0,True,False,False
https://replay.pokemonshowdown.com/gen9nationaldex-2548453084-9ivajpk55thphu7qseg9nikntq0frxupw,ok,p2,Hallacas,Slowking-Galar,Toxic,,,,False,NAT DEX,2026-09-28T20:47:33,Slowking,500,4,6,0,0,19,2,0,0,2,3,0,0,False,False,False
https://replay.pokemonshowdown.com/gen9nationaldex-2548453084-9ivajpk55thphu7qseg9nikntq0frxupw,ok,p2,Hallacas,Urshifu-*,,,,,False,NAT DEX,2026-09-28T20:47:33,,500,4,6,0,0,19,2,0,0,2,3,0,0,False,False,False
https://replay.pokemonshowdown.com/gen9nationaldex-2548453084-9ivajpk55thphu7qseg9nikntq0frxupw,ok,p2,Hallacas,Typhlosion-Hisui,,,,,False,NAT DEX,2026-09-28T20:47:33,Typhlosion,500,4,6,0,0,19,2,0,0,2,3,0,0,False,False,False
https://replay.pokemonshowdown.com/gen9nationaldex-2548453084-9ivajpk55thphu7qseg9nikntq0frxupw,ok,p2,Hallacas,Dracozolt,Bolt Beak; Draco Meteor; Fire Blast; Substitute,,,,False,NAT DEX,2026-09-28T20:47:33,,500,4,6,0,0,19,2,0,0,2,3,0,0,False,False,False
https://replay.pokemonshowdown.com/gen9nationaldex-2551123639-hiqxkaf425x0rjhw2vo3p2vd4lln8ubpw,ok,p1,Chris FPS,Inteleon,Focus Energy; Ice Beam,,,,True,NAT DEX,2026-09-28T20:47:34,LaSeroSero7,503,6,5,2,2,21,3,1,1,0,2,0,0,False,False,False
https://replay.pokemonshowdown.com/gen9nationaldex-2551123639-hiqxkaf425x0rjhw2vo3p2vd4lln8ubpw,ok,p1,Chris FPS,Grimmsnarl,Parting Shot; Sucker Punch,,,,True,NAT DEX,2026-09-28T20:47:34,Le'Maniac,503,6,5,2,2,21,3,1,1,0,2,0,0,False,False,False
https://replay.pokemonshowdown.com/gen9nationaldex-2551123639-hiqxkaf425x0rjhw2vo3p2vd4lln8ubpw,ok,p1,Chris FPS,Cinderace,Iron Head; Sucker Punch; U-turn,,,,True,NAT DEX,2026-09-28T20:47:34,Tuti,503,6,5,2,2,21,3,1,1,0,2,0,0,True,False,False
https://replay.pokemonshowdown.com/gen9nationaldex-2551123639-hiqxkaf425x0rjhw2vo3p2vd4lln8ubpw,ok,p1,Chris FPS,Dracozolt,Bolt Beak,,,,True,NAT DEX,2026-09-28T20:47:34,DraquínSexín,503,6,5,2,2,21,3,1,1,0,2,0,0,False,False,False
https://replay.pokemonshowdown.com/gen9nationaldex-2551123639-hiqxkaf425x0rjhw2vo3p2vd4lln8ubpw,ok,p1,Chris FPS,Sandaconda,,,Eject Button,,True,NAT DEX,2026-09-28T20:47:34,SandaCollin,503,6,5,2,2,21,3,1,1,0,2,0,0,False,False,False
https://replay.pokemonshowdown.com/gen9nationaldex-2551123639-hiqxkaf425x0rjhw2vo3p2vd4lln8ubpw,ok,p1,Chris FPS,Moltres-Galar,Fiery Wrath,,,,True,NAT DEX,2026-09-28T20:47:34,DaMufª'S,503,6,5,2,2,21,3,1,1,0,2,0,0,False,False,False
https://replay.pokemonshowdown.com/gen9nationaldex-2551123639-hiqxkaf425x0rjhw2vo3p2vd4lln8ubpw,ok,p2,bloodycheese,Hatterene,Nuzzle; Parting Shot,,,,False,NAT DEX,2026-09-28T20:47:34,,503,5,6,2,2,21,1,5,0,0,5,0,0,False,False,False
https://replay.pokemonshowdown.com/gen9nationaldex-2551123639-hiqxkaf425x0rjhw2vo3p2vd4lln8ubpw,ok,p2,bloodycheese,Rillaboom,Wood Hammer,,,,False,NAT DEX,2026-09-28T20:47:34,,503,5,6,2,2,21,1,5,0,0,5,0,0,False,False,False
https://replay.pokemonshowdown.com/gen9nationaldex-2551123639-hiqxkaf425x0rjhw2vo3p2vd4lln8ubpw,ok,p2,bloodycheese,Corviknight,,Pressure,,,False,NAT DEX,2026-09-28T20:47:34,,503,5,6,2,2,21,1,5,0,0,5,0,0,False,False,False
https://replay.pokemonshowdown.com/gen9nationaldex-2551123639-hiqxkaf425x0rjhw2vo3p2vd4lln8ubpw,ok,p2,bloodycheese,Cinderace,Pyro Ball; Sucker Punch,,,,False,NAT DEX,2026-09-28T20:47:34,,503,5,6,2,2,21,1,5,0,0,5,0,0,False,False,False
https://replay.pokemonshowdown.com/gen9nationaldex-2551123639-hiqxkaf425x0rjhw2vo3p2vd4lln8ubpw,ok,p2,bloodycheese,Regieleki,Thunderbolt,,,,False,NAT DEX,2026-09-28T20:47:34,,503,5,6,2,2,21,1,5,0,0,5,0,0,False,False,False
https://replay.pokemonshowdown.com/gen9nationaldex-2551123639-hiqxkaf425x0rjhw2vo3p2vd4lln8ubpw,ok,p2,bloodycheese,Kleavor,Stone Axe,,Focus Sash,,False,NAT DEX,2026-09-28T20:47:34,,503,5,6,2,2,21,1,5,0,0,5,0,0,True,False,False
https://replay.pokemonshowdown.com/gen9randombattle-2528141859-i7mb2k6pita3hf5f3eyqthwna20jjicpw,ok,p1,bloodycheese,Lycanroc-Dusk,Accelerock; Stone Edge,,,,True,RANDOM SINGLES,2026-09-28T20:47:34,Lycanroc,402,6,5,1,1,38,6,3,0,4,25,0,0,True,False,False
https://replay.pokemonshowdown.com/gen9randombattle-2528141859-i7mb2k6pita3hf5f3eyqthwna20jjicpw,ok,p1,bloodycheese,Sceptile,Focus Blast; Giga Drain; Leech Seed; Substitute,,,Steel,True,RANDOM SINGLES,2026-09-28T20:47:34,,402,6,5,1,1,38,6,3,0,4,25,0,0,False,False,True
https://replay.pokemonshowdown.com/gen9randombattle-2528141859-i7mb2k6pita3hf5f3eyqthwna20jjicpw,ok,p1,bloodycheese,Seviper,Gunk Shot,,,,True,RANDOM SINGLES,2026-09-28T20:47:34,,402,6,5,1,1,38,6,3,0,4,25,0,0,False,False,False
https://replay.pokemonshowdown.com/gen9randombattle-2528141859-i7mb2k6pita3hf5f3eyqthwna20jjicpw,ok,p1,bloodycheese,Glaceon,Freeze-Dry; Protect,,,,True,RANDOM SINGLES,2026-09-28T20:47:34,,402,6,5,1,1,38,6,3,0,4,25,0,0,False,False,False
https://replay.pokemonshowdown.com/gen9randombattle-2528141859-i7mb2k6pita3hf5f3eyqthwna20jjicpw,ok,p1,bloodycheese,Suicune,Calm Mind; Ice Beam; Substitute,Pressure,,,True,RANDOM SINGLES,2026-09-28T20:47:34,,402,6,5,1,1,38,6,3,0,4,25,0,0,False,False,False
https://replay.pokemonshowdown.com/gen9randombattle-2528141859-i7mb2k6pita3hf5f3eyqthwna20jjicpw,ok,p1,bloodycheese,Crawdaunt,Knock Off,,,,True,RANDOM SINGLES,2026-09-28T20:47:34,,402,6,5,1,1,38,6,3,0,4,25,0,0,False,False,False
https://replay.pokemonshowdown.com/gen9randombattle-2528141859-i7mb2k6pita3hf5f3eyqthwna20jjicpw,ok,p2,minipapus,Kilowattrel,Discharge; U-turn,,,,False,RANDOM SINGLES,2026-09-28T20:47:34,,402,5,6,1,1,38,13,5,1,2,16,0,0,True,False,False
https://replay.pokemonshowdown.com/gen9randombattle-2528141859-i7mb2k6pita3hf5f3eyqthwna20jjicpw,ok,p2,minipapus,Lanturn,Scald; Thunder Wave; Thunderbolt,,,,False,RANDOM SINGLES,2026-09-28T20:47:34,,402,5,6,1,1,38,13,5,1,2,16,0,0,False,False,False
https://replay.pokemonshowdown.com/gen9randombattle-2528141859-i7mb2k6pita3hf5f3eyqthwna20jjicpw,ok,p2,minipapus,Torkoal,Fire Blast,,,,False,RANDOM SINGLES,2026-09-28T20:47:34,,402,5,6,1,1,38,13,5,1,2,16,0,0,False,False,False
https://replay.pokemonshowdown.com/gen9randombattle-2528141859-i7mb2k6pita3hf5f3eyqthwna20jjicpw,ok,p2,minipapus,Comfey,Calm Mind; Synthesis; Tera Blast,,,Ground,False,RANDOM SINGLES,2026-09-28T20:47:34,,402,5,6,1,1,38,13,5,1,2,16,0,0,False,False,True
https://replay.pokemonshowdown.com/gen9randombattle-2528141859-i7mb2k6pita3hf5f3eyqthwna20jjicpw,ok,p2,minipapus,Sceptile,Earthquake; Rock Slide,,,,False,RANDOM SINGLES,2026-09-28T20:47:34,,402,5,6,1,1,38,13,5,1,2,16,0,0,False,False,False
https://replay.pokemonshowdown.com/gen9randombattle-2528141859-i7mb2k6pita3hf5f3eyqthwna20jjicpw,ok,p2,minipapus,Mewtwo,Dark Pulse; Psystrike,Unnerve,Life Orb,,False,RANDOM SINGLES,2026-09-28T20:47:34,,402,5,6,1,1,38,13,5,1,2,16,0,0,False,False,False
https://replay.pokemonshowdown.com/gen9randombattle-2542378980-db4j3n62kao40ff6wso1b2kqk69taccpw,ok,p1,bloodycheese,Eternatus,Dynamax Cannon; Flamethrower; Recover; Toxic,Pressure,,,True,RANDOM SINGLES,2026-09-28T20:47:35,,383,6,4,1,0,30,4,3,0,4,8,0,0,True,False,False
https://replay.pokemonshowdown.com/gen9randombattle-2542378980-db4j3n62kao40ff6wso1b2kqk69taccpw,ok,p1,bloodycheese,Comfey,Calm Mind; Draining Kiss; Giga Drain; Stored Power,,Leftovers,Poison,True,RANDOM SINGLES,2026-09-28T20:47:35,,383,6,4,1,0,30,4,3,0,4,8,0,0,False,False,True
https://replay.pokemonshowdown.com/gen9randombattle-2542378980-db4j3n62kao40ff6wso1b2kqk69taccpw,ok,p1,bloodycheese,Rhyperior,,,,,True,RANDOM SINGLES,2026-09-28T20:47:35,,383,6,4,1,0,30,4,3,0,4,8,0,0,False,False,False
https://replay.pokemonshowdown.com/gen9randombattle-2542378980-db4j3n62kao40ff6wso1b2kqk69taccpw,ok,p1,bloodycheese,Lilligant-Hisui,Close Combat; Ice Spinner,,,,True,RANDOM SINGLES,2026-09-28T20:47:35,Lilligant,383,6,4,1,0,30,4,3,0,4,8,0,0,False,False,False
https://replay.pokemonshowdown.com/gen9randombattle-2542378980-db4j3n62kao40ff6wso1b2kqk69taccpw,ok,p1,bloodycheese,Sudowoodo,Sucker Punch,,,,True,RANDOM SINGLES,2026-09-28T20:47:35,,383,6,4,1,0,30,4,3,0,4,8,0,0,False,False,False
https://replay.pokemonshowdown.com/gen9randombattle-2542378980-db4j3n62kao40ff6wso1b2kqk69taccpw,ok,p2,yago13,Houndoom,Dark Pulse; Sucker Punch,,,,False,RANDOM SINGLES,2026-09-28T20:47:35,,383,4,6,0,1,30,5,4,0,2,7,0,0,True,False,False
https://replay.pokemonshowdown.com/gen9randombattle-2542378980-db4j3n62kao40ff6wso1b2kqk69taccpw,ok,p2,yago13,Meganium,Dragon Tail; Energy Ball; Knock Off,,,Steel,False,RANDOM SINGLES,2026-09-28T20:47:35,,383,4,6,0,1,30,5,4,0,2,7,0,0,False,False,True
https://replay.pokemonshowdown.com/gen9randombattle-2542378980-db4j3n62kao40ff6wso1b2kqk69taccpw,ok,p2,yago13,Sunflora,Earth Power; Sludge Bomb,,,,False,RANDOM SINGLES,2026-09-28T20:47:35,,383,4,6,0,1,30,5,4,0,2,7,0,0,False,False,False
https://replay.pokemonshowdown.com/gen9randombattle-2542378980-db4j3n62kao40ff6wso1b2kqk69taccpw,ok,p2,yago13,Mandibuzz,Foul Play; U-turn,,,,False,RANDOM SINGLES,2026-09-28T20:47:35,,383,4,6,0,1,30,5,4,0,2,7,0,0,False,False,False
https://replay.pokemonshowdown.com/gen9randombattle-2542378980-db4j3n62kao40ff6wso1b2kqk69taccpw,ok,p2,yago13,Chandelure,Calm Mind; Shadow Ball,,,,False,RANDOM SINGLES,2026-09-28T20:47:35,,383,4,6,0,1,30,5,4,0,2,7,0,0,False,False,False
https://replay.pokemonshowdown.com/gen9randombattle-2542378980-db4j3n62kao40ff6wso1b2kqk69taccpw,ok,p2,yago13,Pachirisu,Super Fang; U-turn,,,,False,RANDOM SINGLES,2026-09-28T20:47:35,,383,4,6,0,1,30,5,4,0,2,7,0,0,False,False,False
https://replay.pokemonshowdown.com/gen9randombattle-2557046392-4mto2l2qmcptdj1gma7wgfr8s0mhpvkpw,ok,p1,Haseooo,Ting-Lu,Earthquake; Ruination,Vessel of Ruin,,,True,RANDOM SINGLES,2026-09-28T20:47:36,,382,6,5,0,0,24,3,1,0,3,0,0,0,True,False,False
https://replay.pokemonshowdown.com/gen9randombattle-2557046392-4mto2l2qmcptdj1gma7wgfr8s0mhpvkpw,ok,p1,Haseooo,Sneasler,Acrobatics; Close Combat; Swords Dance,,White Herb,,True,RANDOM SINGLES,2026-09-28T20:47:36,,382,6,5,0,0,24,3,1,0,3,0,0,0,False,False,False
https://replay.pokemonshowdown.com/gen9randombattle-2557046392-4mto2l2qmcptdj1gma7wgfr8s0mhpvkpw,ok,p1,Haseooo,Azumarill,Liquidation,,,Water,True,RANDOM SINGLES,2026-09-28T20:47:36,,382,6,5,0,0,24,3,1,0,3,0,0,0,False,False,True
https://replay.pokemonshowdown.com/gen9randombattle-2557046392-4mto2l2qmcptdj1gma7wgfr8s0mhpvkpw,ok,p1,Haseooo,Delibird,Brave Bird,,,,True,RANDOM SINGLES,2026-09-28T20:47:36,,382,6,5,0,0,24,3,1,0,3,0,0,0,False,False,False
https://replay.pokemonshowdown.com/gen9randombattle-2557046392-4mto2l2qmcptdj1gma7wgfr8s0mhpvkpw,ok,p1,Haseooo,Archaludon,Earthquake,Stamina,,,True,RANDOM SINGLES,2026-09-28T20:47:36,,382,6,5,0,0,24,3,1,0,3,0,0,0,False,False,False
https://replay.pokemonshowdown.com/gen9randombattle-2557046392-4mto2l2qmcptdj1gma7wgfr8s0mhpvkpw,ok,p1,Haseooo,Chien-Pao,Icicle Crash; Sucker Punch; Swords Dance,Sword of Ruin,,,True,RANDOM SINGLES,2026-09-28T20:47:36,,382,6,5,0,0,24,3,1,0,3,0,0,0,False,False,False
https://replay.pokemonshowdown.com/gen9randombattle-2557046392-4mto2l2qmcptdj1gma7wgfr8s0mhpvkpw,ok,p2,Bloody cheese,Sneasler,Acrobatics; Close Combat; Gunk Shot,,White Herb,,False,RANDOM SINGLES,2026-09-28T20:47:36,,382,5,6,0,0,24,1,5,0,1,4,0,0,True,False,False
https://replay.pokemonshowdown.com/gen9randombattle-2557046392-4mto2l2qmcptdj1gma7wgfr8s0mhpvkpw,ok,p2,Bloody cheese,Brute Bonnet,Crunch; Seed Bomb,,,Dark,False,RANDOM SINGLES,2026-09-28T20:47:36,,382,5,6,0,0,24,1,5,0,1,4,0,0,False,False,True
https://replay.pokemonshowdown.com/gen9randombattle-2557046392-4mto2l2qmcptdj1gma7wgfr8s0mhpvkpw,ok,p2,Bloody cheese,Chandelure,Fire Blast; Shadow Ball,,,,False,RANDOM SINGLES,2026-09-28T20:47:36,,382,5,6,0,0,24,1,5,0,1,4,0,0,False,False,False
https://replay.pokemonshowdown.com/gen9randombattle-2557046392-4mto2l2qmcptdj1gma7wgfr8s0mhpvkpw,ok,p2,Bloody cheese,Crawdaunt,Aqua Jet; Close Combat; Crabhammer,,,,False,RANDOM SINGLES,2026-09-28T20:47:36,,382,5,6,0,0,24,1,5,0,1,4,0,0,False,False,False
https://replay.pokemonshowdown.com/gen9randombattle-2557046392-4mto2l2qmcptdj1gma7wgfr8s0mhpvkpw,ok,p2,Bloody cheese,Alcremie-Lemon-Cream,,,,,False,RANDOM SINGLES,2026-09-28T20:47:36,Alcremie,382,5,6,0,0,24,1,5,0,1,4,0,0,False,False,False
https://replay.pokemonshowdown.com/gen9randombattle-2557046392-4mto2l2qmcptdj1gma7wgfr8s0mhpvkpw,ok,p2,Bloody cheese,Greedent,Body Slam; Earthquake; Swords Dance,,Sitrus Berry,,False,RANDOM SINGLES,2026-09-28T20:47:36,,382,5,6,0,0,24,1,5,0,1,4,0,0,False,False,False
https://replay.pokemonshowdown.com/gen9randombattle-2564145204-co2mud1aoyah41ltsarq7o44imexf4upw,ok,p1,Bloody cheese,Sandaconda,Earthquake; Rest; Stealth Rock,,,,False,RANDOM SINGLES,2026-09-28T20:47:37,,535,3,6,2,1,52,2,3,0,0,4,0,0,True,False,False
https://replay.pokemonshowdown.com/gen9randombattle-2564145204-co2mud1aoyah41ltsarq7o44imexf4upw,ok,p1,Bloody cheese,Probopass,Power Gem; Thunder Wave,,Leftovers,,False,RANDOM SINGLES,2026-09-28T20:47:37,,535,3,6,2,1,52,2,3,0,0,4,0,0,False,False,False
https://replay.pokemonshowdown.com/gen9randombattle-2564145204-co2mud1aoyah41ltsarq7o44imexf4upw,ok,p1,Bloody cheese,Ludicolo,Ice Beam,,,,False,RANDOM SINGLES,2026-09-28T20:47:37,,535,3,6,2,1,52,2,3,0,0,4,0,0,False,False,False
https://replay.pokemonshowdown.com/gen9randombattle-2564145204-co2mud1aoyah41ltsarq7o44imexf4upw,ok,p1,Bloody cheese,Conkeldurr,Facade; Knock Off; Mach Punch,,,Normal,False,RANDOM SINGLES,2026-09-28T20:47:37,,535,3,6,2,1,52,2,3,0,0,4,0,0,False,False,True
https://replay.pokemonshowdown.com/gen9randombattle-2564145204-co2mud1aoyah41ltsarq7o44imexf4upw,ok,p1,Bloody cheese,Cetitan,Icicle Crash; Liquidation; Superpower,,,,False,RANDOM SINGLES,2026-09-28T20:47:37,,535,3,6,2,1,52,2,3,0,0,4,0,0,False,False,False
https://replay.pokemonshowdown.com/gen9randombattle-2564145204-co2mud1aoyah41ltsarq7o44imexf4upw,ok,p1,Bloody cheese,Regidrago,Earthquake,,,,False,RANDOM SINGLES,2026-09-28T20:47:37,,535,3,6,2,1,52,2,3,0,0,4,0,0,False,False,False
https://replay.pokemonshowdown.com/gen9randombattle-2564145204-co2mud1aoyah41ltsarq7o44imexf4upw,ok,p2,J0NUS,Amoonguss,Giga Drain; Sludge Bomb; Spore; Stomping Tantrum,,,,True,RANDOM SINGLES,2026-09-28T20:47:37,,535,6,3,1,2,52,7,0,0,3,44,0,0,True,False,False
https://replay.pokemonshowdown.com/gen9randombattle-2564145204-co2mud1aoyah41ltsarq7o44imexf4upw,ok,p2,J0NUS,Sableye,Knock Off; Will-O-Wisp,,,,True,RANDOM SINGLES,2026-09-28T20:47:37,,535,6,3,1,2,52,7,0,0,3,44,0,0,False,False,False
https://replay.pokemonshowdown.com/gen9randombattle-2564145204-co2mud1aoyah41ltsarq7o44imexf4upw,ok,p2,J0NUS,Sandslash-Alola,Rapid Spin; Swords Dance,,,,True,RANDOM SINGLES,2026-09-28T20:47:37,Sandslash,535,6,3,1,2,52,7,0,0,3,44,0,0,False,False,False
https://replay.pokemonshowdown.com/gen9randombattle-2564145204-co2mud1aoyah41ltsarq7o44imexf4upw,ok,p2,J0NUS,Mandibuzz,Brave Bird,,Heavy-Duty Boots,,True,RANDOM SINGLES,2026-09-28T20:47:37,,535,6,3,1,2,52,7,0,0,3,44,0,0,False,False,False
https://replay.pokemonshowdown.com/gen9randombattle-2564145204-co2mud1aoyah41ltsarq7o44imexf4upw,ok,p2,J0NUS,Scream Tail,Play Rough; Protect; Thunder Wave; Wish,,,,True,RANDOM SINGLES,2026-09-28T20:47:37,,535,6,3,1,2,52,7,0,0,3,44,0,0,False,False,False
https://replay.pokemonshowdown.com/gen9ubers-2537736154-jte378cxm1xwfxyopyem5g6mk6gcdsppw,ok,p1,bloodycheese,Gliscor,Spikes; Toxic,,,Fairy,True,UBERS,2026-09-28T20:47:37,,404,6,5,1,1,22,6,2,0,0,3,0,0,False,False,True
https://replay.pokemonshowdown.com/gen9ubers-2537736154-jte378cxm1xwfxyopyem5g6mk6gcdsppw,ok,p1,bloodycheese,Alomomola,Icy Wind,,,,True,UBERS,2026-09-28T20:47:37,,404,6,5,1,1,22,6,2,0,0,3,0,0,False,False,False
https://replay.pokemonshowdown.com/gen9ubers-2537736154-jte378cxm1xwfxyopyem5g6mk6gcdsppw,ok,p1,bloodycheese,Pecharunt,Foul Play; Malignant Chain; Recover,,,,True,UBERS,2026-09-28T20:47:37,,404,6,5,1,1,22,6,2,0,0,3,0,0,True,False,False
https://replay.pokemonshowdown.com/gen9ubers-2537736154-jte378cxm1xwfxyopyem5g6mk6gcdsppw,ok,p1,bloodycheese,Great Tusk,Rapid Spin,,,,True,UBERS,2026-09-28T20:47:37,,404,6,5,1,1,22,6,2,0,0,3,0,0,False,False,False
https://replay.pokemonshowdown.com/gen9ubers-2537736154-jte378cxm1xwfxyopyem5g6mk6gcdsppw,ok,p1,bloodycheese,Weavile,Ice Shard; Knock Off; Triple Axel,Pressure,,,True,UBERS,2026-09-28T20:47:37,,404,6,5,1,1,22,6,2,0,0,3,0,0,False,False,False
https://replay.pokemonshowdown.com/gen9ubers-2537736154-jte378cxm1xwfxyopyem5g6mk6gcdsppw,ok,p1,bloodycheese,Koraidon,,,,,True,UBERS,2026-09-28T20:47:37,,404,6,5,1,1,22,6,2,0,0,3,0,0,False,False,False
https://replay.pokemonshowdown.com/gen9ubers-2537736154-jte378cxm1xwfxyopyem5g6mk6gcdsppw,ok,p2,blodborneus,Koraidon,Collision Course; Flare Blitz; Scale Shot; Swords Dance,,,,False,UBERS,2026-09-28T20:47:37,Motopirueta,404,5,6,1,1,22,6,1,2,1,1,0,0,False,False,False
https://replay.pokemonshowdown.com/gen9ubers-2537736154-jte378cxm1xwfxyopyem5g6mk6gcdsppw,ok,p2,blodborneus,Landorus-Therian,,Intimidate,Heavy-Duty Boots,,False,UBERS,2026-09-28T20:47:37,Do yo know lando?,404,5,6,1,1,22,6,1,2,1,1,0,0,False,False,False
https://replay.pokemonshowdown.com/gen9ubers-2537736154-jte378cxm1xwfxyopyem5g6mk6gcdsppw,ok,p2,blodborneus,Kingambit,Zen Headbutt,,,Ghost,False,UBERS,2026-09-28T20:47:37,Shogun,404,5,6,1,1,22,6,1,2,1,1,0,0,False,False,True
https://replay.pokemonshowdown.com/gen9ubers-2537736154-jte378cxm1xwfxyopyem5g6mk6gcdsppw,ok,p2,blodborneus,Ogerpon-Wellspring,Horn Leech; Ivy Cudgel; Play Rough,,,,False,UBERS,2026-09-28T20:47:37,Aguita,404,5,6,1,1,22,6,1,2,1,1,0,0,False,False,False
https://replay.pokemonshowdown.com/gen9ubers-2537736154-jte378cxm1xwfxyopyem5g6mk6gcdsppw,ok,p2,blodborneus,Ribombee,Sticky Web,,Focus Sash,,False,UBERS,2026-09-28T20:47:37,Oh no necrozmaaa,404,5,6,1,1,22,6,1,2,1,1,0,0,True,False,False
https://replay.pokemonshowdown.com/gen9ubers-2537736154-jte378cxm1xwfxyopyem5g6mk6gcdsppw,ok,p2,blodborneus,Cinderace,U-turn; Zen Headbutt,,Heavy-Duty Boots,,False,UBERS,2026-09-28T20:47:37,,404,5,6,1,1,22,6,1,2,1,1,0,0,False,False,False
https://replay.pokemonshowdown.com/gen9ubers-2541044313-erg933r3080hjlts8outl0l9pxg4eyypw,ok,p1,bloodycheese,Gliscor,Protect; Toxic,,,,False,UBERS,2026-09-28T20:47:38,,320,2,6,1,1,16,2,1,2,0,0,0,0,False,False,False
https://replay.pokemonshowdown.com/gen9ubers-2541044313-erg933r3080hjlts8outl0l9pxg4eyypw,ok,p1,bloodycheese,Alomomola,Flip Turn; Icy Wind; Play Rough,,,,False,UBERS,2026-09-28T20:47:38,,320,2,6,1,1,16,2,1,2,0,0,0,0,False,False,False
https://replay.pokemonshowdown.com/gen9ubers-2541044313-erg933r3080hjlts8outl0l9pxg4eyypw,ok,p1,bloodycheese,Pecharunt,Foul Play; Parting Shot,,,,False,UBERS,2026-09-28T20:47:38,,320,2,6,1,1,16,2,1,2,0,0,0,0,True,False,False
https://replay.pokemonshowdown.com/gen9ubers-2541044313-erg933r3080hjlts8outl0l9pxg4eyypw,ok,p1,bloodycheese,Great Tusk,Ice Spinner,,,,False,UBERS,2026-09-28T20:47:38,,320,2,6,1,1,16,2,1,2,0,0,0,0,False,False,False
https://replay.pokemonshowdown.com/gen9ubers-2541044313-erg933r3080hjlts8outl0l9pxg4eyypw,ok,p1,bloodycheese,Weavile,,Pressure,,,False,UBERS,2026-09-28T20:47:38,,320,2,6,1,1,16,2,1,2,0,0,0,0,False,False,False
https://replay.pokemonshowdown.com/gen9ubers-2541044313-erg933r3080hjlts8outl0l9pxg4eyypw,ok,p1,bloodycheese,Koraidon,Flare Blitz; U-turn,,,Ghost,False,UBERS,2026-09-28T20:47:38,,320,2,6,1,1,16,2,1,2,0,0,0,0,False,False,True
https://replay.pokemonshowdown.com/gen9ubers-2541044313-erg933r3080hjlts8outl0l9pxg4eyypw,ok,p2,el bamdara,Iron Moth,Dazzling Gleam,,Booster Energy,,True,UBERS,2026-09-28T20:47:38,,320,6,2,1,1,16,4,4,0,7,0,0,0,False,False,False
https://replay.pokemonshowdown.com/gen9ubers-2541044313-erg933r3080hjlts8outl0l9pxg4eyypw,ok,p2,el bamdara,Iron Treads,,,,,True,UBERS,2026-09-28T20:47:38,,320,6,2,1,1,16,4,4,0,7,0,0,0,False,False,False
https://replay.pokemonshowdown.com/gen9ubers-2541044313-erg933r3080hjlts8outl0l9pxg4eyypw,ok,p2,el bamdara,Ogerpon-Wellspring,Play Rough; Swords Dance; Trailblaze,,,,True,UBERS,2026-09-28T20:47:38,Ogerpon,320,6,2,1,1,16,4,4,0,7,0,0,0,True,False,False
https://replay.pokemonshowdown.com/gen9ubers-2541044313-erg933r3080hjlts8outl0l9pxg4eyypw,ok,p2,el bamdara,Kyurem-Black,Dragon Dance; Icicle Spear,Teravolt,,,True,UBERS,2026-09-28T20:47:38,Kyurem,320,6,2,1,1,16,4,4,0,7,0,0,0,False,False,False
https://replay.pokemonshowdown.com/gen9ubers-2541044313-erg933r3080hjlts8outl0l9pxg4eyypw,ok,p2,el bamdara,Dragapult,Flamethrower; Hex; Will-O-Wisp,,,,True,UBERS,2026-09-28T20:47:38,,320,6,2,1,1,16,4,4,0,7,0,0,0,False,False,False
https://replay.pokemonshowdown.com/gen9ubers-2541044313-erg933r3080hjlts8outl0l9pxg4eyypw,ok,p2,el bamdara,Kingambit,,,,,True,UBERS,2026-09-28T20:47:38,,320,6,2,1,1,16,4,4,0,7,0,0,0,False,False,False
https://replay.pokemonshowdown.com/gen9ubers-2541065607-4d12101o07brlny2ktbv0lkommthsocpw,ok,p1,bloodycheese,Dragapult,Flamethrower; Hex; U-turn; Will-O-Wisp,,,,True,UBERS,2026-09-28T20:47:39,,409,6,3,2,1,22,6,2,0,5,2,0,0,True,False,False
https://replay.pokemonshowdown.com/gen9ubers-2541065607-4d12101o07brlny2ktbv0lkommthsocpw,ok,p1,bloodycheese,Iron Treads,Heavy Slam; High Horsepower; Ice Spinner; Rapid Spin,,,Ground,True,UBERS,2026-09-28T20:47:39,,409,6,3,2,1,22,6,2,0,5,2,0,0,False,False,True
https://replay.pokemonshowdown.com/gen9ubers-2541065607-4d12101o07brlny2ktbv0lkommthsocpw,ok,p1,bloodycheese,Kingambit,,,Air Balloon,,True,UBERS,2026-09-28T20:47:39,,409,6,3,2,1,22,6,2,0,5,2,0,0,False,False,False
https://replay.pokemonshowdown.com/gen9ubers-2541065607-4d12101o07brlny2ktbv0lkommthsocpw,ok,p1,bloodycheese,Iron Moth,,,,,True,UBERS,2026-09-28T20:47:39,,409,6,3,2,1,22,6,2,0,5,2,0,0,False,False,False
https://replay.pokemonshowdown.com/gen9ubers-2541065607-4d12101o07brlny2ktbv0lkommthsocpw,ok,p1,bloodycheese,Ogerpon-Wellspring,Ivy Cudgel; Play Rough; Trailblaze,,,,True,UBERS,2026-09-28T20:47:39,Ogerpon,409,6,3,2,1,22,6,2,0,5,2,0,0,False,False,False
https://replay.pokemonshowdown.com/gen9ubers-2541065607-4d12101o07brlny2ktbv0lkommthsocpw,ok,p1,bloodycheese,Kyurem-Black,Dragon Dance; Icicle Spear; Outrage,Teravolt,,,True,UBERS,2026-09-28T20:47:39,Kyurem,409,6,3,2,1,22,6,2,0,5,2,0,0,False,False,False
https://replay.pokemonshowdown.com/gen9ubers-2541065607-4d12101o07brlny2ktbv0lkommthsocpw,ok,p2,DracoAxel,Palafin,,,,,False,UBERS,2026-09-28T20:47:39,Sr Escencias,409,3,6,1,2,22,3,1,0,1,2,0,0,True,False,False
https://replay.pokemonshowdown.com/gen9ubers-2541065607-4d12101o07brlny2ktbv0lkommthsocpw,ok,p2,DracoAxel,Raging Bolt,,,,,False,UBERS,2026-09-28T20:47:39,FurTesladelPasado,409,3,6,1,2,22,3,1,0,1,2,0,0,False,False,False
https://replay.pokemonshowdown.com/gen9ubers-2541065607-4d12101o07brlny2ktbv0lkommthsocpw,ok,p2,DracoAxel,Tornadus-Therian,Focus Blast; Hurricane,,,,False,UBERS,2026-09-28T20:47:39,ZapenoTherian,409,3,6,1,2,22,3,1,0,1,2,0,0,False,False,False
https://replay.pokemonshowdown.com/gen9ubers-2541065607-4d12101o07brlny2ktbv0lkommthsocpw,ok,p2,DracoAxel,Ceruledge,Bitter Blade,Weak Armor,,,False,UBERS,2026-09-28T20:47:39,Musashi,409,3,6,1,2,22,3,1,0,1,2,0,0,False,False,False
https://replay.pokemonshowdown.com/gen9ubers-2541065607-4d12101o07brlny2ktbv0lkommthsocpw,ok,p2,DracoAxel,Glimmora,Stealth Rock,,,,False,UBERS,2026-09-28T20:47:39,Cara de corcho,409,3,6,1,2,22,3,1,0,1,2,0,0,False,False,False
https://replay.pokemonshowdown.com/gen9ubers-2541065607-4d12101o07brlny2ktbv0lkommthsocpw,ok,p2,DracoAxel,Iron Crown,Tachyon Cutter; Tera Blast,,,Fighting,False,UBERS,2026-09-28T20:47:39,CuckKops69,409,3,6,1,2,22,3,1,0,1,2,0,0,False,False,True
https://replay.pokemonshowdown.com/gen9ubers-2548424035-csu7cqqkye0cu1gd5o0x8j06xy6mm45pw,ok,p1,Sasori07,Kyogre,Ice Beam; Origin Pulse; Thunder,,,,True,UBERS,2026-09-28T20:47:39,,584,6,5,2,1,31,2,2,4,0,1,0,0,False,False,False
https://replay.pokemonshowdown.com/gen9ubers-2548424035-csu7cqqkye0cu1gd5o0x8j06xy6mm45pw,ok,p1,Sasori07,Dragonite,Tera Blast,,,Fairy,True,UBERS,2026-09-28T20:47:39,,584,6,5,2,1,31,2,2,4,0,1,0,0,False,False,True
https://replay.pokemonshowdown.com/gen9ubers-2548424035-csu7cqqkye0cu1gd5o0x8j06xy6mm45pw,ok,p1,Sasori07,Ogerpon-Wellspring,Horn Leech,,,,True,UBERS,2026-09-28T20:47:39,Ogerpon,584,6,5,2,1,31,2,2,4,0,1,0,0,True,False,False
https://replay.pokemonshowdown.com/gen9ubers-2548424035-csu7cqqkye0cu1gd5o0x8j06xy6mm45pw,ok,p1,Sasori07,Hatterene,Dazzling Gleam; Future Sight; Stealth Rock,,,,True,UBERS,2026-09-28T20:47:39,,584,6,5,2,1,31,2,2,4,0,1,0,0,False,False,False
https://replay.pokemonshowdown.com/gen9ubers-2548424035-csu7cqqkye0cu1gd5o0x8j06xy6mm45pw,ok,p1,Sasori07,Glimmora,,,,,True,UBERS,2026-09-28T20:47:39,,584,6,5,2,1,31,2,2,4,0,1,0,0,False,False,False
https://replay.pokemonshowdown.com/gen9ubers-2548424035-csu7cqqkye0cu1gd5o0x8j06xy6mm45pw,ok,p1,Sasori07,Basculegion,Wave Crash,,,,True,UBERS,2026-09-28T20:47:39,,584,6,5,2,1,31,2,2,4,0,1,0,0,False,False,False
https://replay.pokemonshowdown.com/gen9ubers-2548424035-csu7cqqkye0cu1gd5o0x8j06xy6mm45pw,ok,p2,s.daninja,Magearna,Calm Mind,,,,False,UBERS,2026-09-28T20:47:39,La mamá de elin,584,5,6,1,2,31,4,0,0,5,10,0,6,False,False,False
https://replay.pokemonshowdown.com/gen9ubers-2548424035-csu7cqqkye0cu1gd5o0x8j06xy6mm45pw,ok,p2,s.daninja,Ogerpon-Wellspring,Horn Leech; Ivy Cudgel; Swords Dance; Taunt,,,,False,UBERS,2026-09-28T20:47:39,La pequeña elin,584,5,6,1,2,31,4,0,0,5,10,0,6,False,False,False
https://replay.pokemonshowdown.com/gen9ubers-2548424035-csu7cqqkye0cu1gd5o0x8j06xy6mm45pw,ok,p2,s.daninja,Ceruledge,Bulk Up; Shadow Sneak,,,Grass,False,UBERS,2026-09-28T20:47:39,Flaminhot,584,5,6,1,2,31,4,0,0,5,10,0,6,False,False,True
https://replay.pokemonshowdown.com/gen9ubers-2548424035-csu7cqqkye0cu1gd5o0x8j06xy6mm45pw,ok,p2,s.daninja,Greninja-*,,,,,False,UBERS,2026-09-28T20:47:39,,584,5,6,1,2,31,4,0,0,5,10,0,6,False,False,False
https://replay.pokemonshowdown.com/gen9ubers-2548424035-csu7cqqkye0cu1gd5o0x8j06xy6mm45pw,ok,p2,s.daninja,Slowking-Galar,Chilly Reception; Sludge Wave,,,,False,UBERS,2026-09-28T20:47:39,El pepe,584,5,6,1,2,31,4,0,0,5,10,0,6,False,False,False
https://replay.pokemonshowdown.com/gen9ubers-2548424035-csu7cqqkye0cu1gd5o0x8j06xy6mm45pw,ok,p2,s.daninja,Sandy Shocks,Earth Power; Stealth Rock; Thunder Wave,,Booster Energy,,False,UBERS,2026-09-28T20:47:39,El pelos,584,5,6,1,2,31,4,0,0,5,10,0,6,True,False,False
https://replay.pokemonshowdown.com/gen9ubers-2550352317-llwcqw3gkuckuy0mgn8urs96ntjyubgpw,ok,p1,bloodycheese,Dragapult,Shadow Ball,,,Ghost,False,UBERS,2026-09-28T20:47:40,,609,4,6,0,1,20,3,0,0,5,3,0,0,False,False,True
https://replay.pokemonshowdown.com/gen9ubers-2550352317-llwcqw3gkuckuy0mgn8urs96ntjyubgpw,ok,p1,bloodycheese,Iron Treads,Ice Spinner; Rapid Spin,,,,False,UBERS,2026-09-28T20:47:40,,609,4,6,0,1,20,3,0,0,5,3,0,0,False,False,False
https://replay.pokemonshowdown.com/gen9ubers-2550352317-llwcqw3gkuckuy0mgn8urs96ntjyubgpw,ok,p1,bloodycheese,Kingambit,Swords Dance,,Air Balloon,,False,UBERS,2026-09-28T20:47:40,,609,4,6,0,1,20,3,0,0,5,3,0,0,False,False,False
https://replay.pokemonshowdown.com/gen9ubers-2550352317-llwcqw3gkuckuy0mgn8urs96ntjyubgpw,ok,p1,bloodycheese,Iron Moth,Fiery Dance,,Booster Energy,,False,UBERS,2026-09-28T20:47:40,,609,4,6,0,1,20,3,0,0,5,3,0,0,False,False,False
https://replay.pokemonshowdown.com/gen9ubers-2550352317-llwcqw3gkuckuy0mgn8urs96ntjyubgpw,ok,p1,bloodycheese,Ogerpon-Wellspring,Swords Dance,,,,False,UBERS,2026-09-28T20:47:40,Ogerpon,609,4,6,0,1,20,3,0,0,5,3,0,0,False,False,False
https://replay.pokemonshowdown.com/gen9ubers-2550352317-llwcqw3gkuckuy0mgn8urs96ntjyubgpw,ok,p1,bloodycheese,Kyurem-Black,Dragon Dance; Fusion Bolt; Outrage,Teravolt,,,False,UBERS,2026-09-28T20:47:40,Kyurem,609,4,6,0,1,20,3,0,0,5,3,0,0,True,False,False
https://replay.pokemonshowdown.com/gen9ubers-2550352317-llwcqw3gkuckuy0mgn8urs96ntjyubgpw,ok,p2,sabergio15,Samurott-Hisui,Ceaseless Edge,,,,True,UBERS,2026-09-28T20:47:40,Samurott,609,6,4,1,0,20,4,5,2,3,5,0,0,True,False,False
https://replay.pokemonshowdown.com/gen9ubers-2550352317-llwcqw3gkuckuy0mgn8urs96ntjyubgpw,ok,p2,sabergio15,Zamazenta-*,,,,,True,UBERS,2026-09-28T20:47:40,,609,6,4,1,0,20,4,5,2,3,5,0,0,False,False,False
https://replay.pokemonshowdown.com/gen9ubers-2550352317-llwcqw3gkuckuy0mgn8urs96ntjyubgpw,ok,p2,sabergio15,Iron Treads,,,,,True,UBERS,2026-09-28T20:47:40,,609,6,4,1,0,20,4,5,2,3,5,0,0,False,False,False
https://replay.pokemonshowdown.com/gen9ubers-2550352317-llwcqw3gkuckuy0mgn8urs96ntjyubgpw,ok,p2,sabergio15,Dragapult,Dragon Darts,,,,True,UBERS,2026-09-28T20:47:40,,609,6,4,1,0,20,4,5,2,3,5,0,0,False,False,False
https://replay.pokemonshowdown.com/gen9ubers-2550352317-llwcqw3gkuckuy0mgn8urs96ntjyubgpw,ok,p2,sabergio15,Deoxys-Speed,Nasty Plot; Psycho Boost,Pressure,,,True,UBERS,2026-09-28T20:47:40,Deoxys,609,6,4,1,0,20,4,5,2,3,5,0,0,False,False,False
https://replay.pokemonshowdown.com/gen9ubers-2550352317-llwcqw3gkuckuy0mgn8urs96ntjyubgpw,ok,p2,sabergio15,Koraidon,Collision Course; Flare Blitz,,,,True,UBERS,2026-09-28T20:47:40,,609,6,4,1,0,20,4,5,2,3,5,0,0,False,False,False
https://replay.pokemonshowdown.com/gen2stadiumou-2540868237-wtgkk1jg7e057o6a05hnr1ny8nm2rmgpw,ok,p1,bloodycheese,Snorlax,Double-Edge,,,,False,STADIUM OU GEN 2,2026-09-28T20:47:41,,351,4,6,0,1,23,4,4,0,0,14,0,0,False,False,False
https://replay.pokemonshowdown.com/gen2stadiumou-2540868237-wtgkk1jg7e057o6a05hnr1ny8nm2rmgpw,ok,p1,bloodycheese,Zapdos,Hidden Power,,,,False,STADIUM OU GEN 2,2026-09-28T20:47:41,,351,4,6,0,1,23,4,4,0,0,14,0,0,False,False,False
https://replay.pokemonshowdown.com/gen2stadiumou-2540868237-wtgkk1jg7e057o6a05hnr1ny8nm2rmgpw,ok,p1,bloodycheese,Cloyster,Explosion; Spikes; Surf; Toxic,,,,False,STADIUM OU GEN 2,2026-09-28T20:47:41,,351,4,6,0,1,23,4,4,0,0,14,0,0,False,False,False
https://replay.pokemonshowdown.com/gen2stadiumou-2540868237-wtgkk1jg7e057o6a05hnr1ny8nm2rmgpw,ok,p1,bloodycheese,Nidoking,Earthquake; Ice Beam,,,,False,STADIUM OU GEN 2,2026-09-28T20:47:41,,351,4,6,0,1,23,4,4,0,0,14,0,0,False,False,False
https://replay.pokemonshowdown.com/gen2stadiumou-2540868237-wtgkk1jg7e057o6a05hnr1ny8nm2rmgpw,ok,p1,bloodycheese,Gengar,Dynamic Punch,,,,False,STADIUM OU GEN 2,2026-09-28T20:47:41,,351,4,6,0,1,23,4,4,0,0,14,0,0,True,False,False
https://replay.pokemonshowdown.com/gen2stadiumou-2540868237-wtgkk1jg7e057o6a05hnr1ny8nm2rmgpw,ok,p1,bloodycheese,Tyranitar,Earthquake; Rock Slide,,,,False,STADIUM OU GEN 2,2026-09-28T20:47:41,,351,4,6,0,1,23,4,4,0,0,14,0,0,False,False,False
https://replay.pokemonshowdown.com/gen2stadiumou-2540868237-wtgkk1jg7e057o6a05hnr1ny8nm2rmgpw,ok,p2,DracoAxel,Golem,Earthquake; Explosion,,,,True,STADIUM OU GEN 2,2026-09-28T20:47:41,,351,6,4,1,0,23,8,3,0,4,12,0,0,True,False,False
https://replay.pokemonshowdown.com/gen2stadiumou-2540868237-wtgkk1jg7e057o6a05hnr1ny8nm2rmgpw,ok,p2,DracoAxel,Houndoom,Fire Blast,,,,True,STADIUM OU GEN 2,2026-09-28T20:47:41,,351,6,4,1,0,23,8,3,0,4,12,0,0,False,False,False
https://replay.pokemonshowdown.com/gen2stadiumou-2540868237-wtgkk1jg7e057o6a05hnr1ny8nm2rmgpw,ok,p2,DracoAxel,Zapdos,Hidden Power; Thunder; Thunder Wave,,,,True,STADIUM OU GEN 2,2026-09-28T20:47:41,,351,6,4,1,0,23,8,3,0,4,12,0,0,False,False,False
https://replay.pokemonshowdown.com/gen2stadiumou-2540868237-wtgkk1jg7e057o6a05hnr1ny8nm2rmgpw,ok,p2,DracoAxel,Suicune,Surf,,,,True,STADIUM OU GEN 2,2026-09-28T20:47:41,,351,6,4,1,0,23,8,3,0,4,12,0,0,False,False,False
https://replay.pokemonshowdown.com/gen2stadiumou-2540868237-wtgkk1jg7e057o6a05hnr1ny8nm2rmgpw,ok,p2,DracoAxel,Heracross,Curse; Hidden Power,,Gold Berry,,True,STADIUM OU GEN 2,2026-09-28T20:47:41,,351,6,4,1,0,23,8,3,0,4,12,0,0,False,False,False
https://replay.pokemonshowdown.com/gen2stadiumou-2540868237-wtgkk1jg7e057o6a05hnr1ny8nm2rmgpw,ok,p2,DracoAxel,Tentacruel,Hydro Pump; Swords Dance,,,,True,STADIUM OU GEN 2,2026-09-28T20:47:41,,351,6,4,1,0,23,8,3,0,4,12,0,0,False,False,False
https://replay.pokemonshowdown.com/gen2stadiumou-2538948713-rnridfxy6fjwr1d14e1xv7ncvq16w5ipw,ok,p1,bloodycheese,Snorlax,Curse; Double-Edge; Rest; Sleep Talk,,,,True,STADIUM OU GEN 2,2026-09-28T20:47:41,,449,6,3,1,0,36,3,2,0,4,28,0,0,False,False,False
https://replay.pokemonshowdown.com/gen2stadiumou-2538948713-rnridfxy6fjwr1d14e1xv7ncvq16w5ipw,ok,p1,bloodycheese,Zapdos,Hidden Power; Rest; Sleep Talk; Thunder,,,,True,STADIUM OU GEN 2,2026-09-28T20:47:41,,449,6,3,1,0,36,3,2,0,4,28,0,0,False,False,False
https://replay.pokemonshowdown.com/gen2stadiumou-2538948713-rnridfxy6fjwr1d14e1xv7ncvq16w5ipw,ok,p1,bloodycheese,Cloyster,Spikes; Surf,,,,True,STADIUM OU GEN 2,2026-09-28T20:47:41,,449,6,3,1,0,36,3,2,0,4,28,0,0,True,False,False
https://replay.pokemonshowdown.com/gen2stadiumou-2538948713-rnridfxy6fjwr1d14e1xv7ncvq16w5ipw,ok,p1,bloodycheese,Nidoking,Ice Beam; Thunder,,,,True,STADIUM OU GEN 2,2026-09-28T20:47:41,,449,6,3,1,0,36,3,2,0,4,28,0,0,False,False,False
https://replay.pokemonshowdown.com/gen2stadiumou-2538948713-rnridfxy6fjwr1d14e1xv7ncvq16w5ipw,ok,p1,bloodycheese,Gengar,Explosion,,,,True,STADIUM OU GEN 2,2026-09-28T20:47:41,,449,6,3,1,0,36,3,2,0,4,28,0,0,False,False,False
https://replay.pokemonshowdown.com/gen2stadiumou-2538948713-rnridfxy6fjwr1d14e1xv7ncvq16w5ipw,ok,p1,bloodycheese,Tyranitar,,,,,True,STADIUM OU GEN 2,2026-09-28T20:47:41,,449,6,3,1,0,36,3,2,0,4,28,0,0,False,False,False
https://replay.pokemonshowdown.com/gen2stadiumou-2538948713-rnridfxy6fjwr1d14e1xv7ncvq16w5ipw,ok,p2,Nero22dd,Tyranitar,Dynamic Punch; Earthquake,,,,False,STADIUM OU GEN 2,2026-09-28T20:47:41,,449,3,6,0,1,36,13,0,0,0,7,0,0,True,False,False
https://replay.pokemonshowdown.com/gen2stadiumou-2538948713-rnridfxy6fjwr1d14e1xv7ncvq16w5ipw,ok,p2,Nero22dd,Ampharos,Thunderbolt,,,,False,STADIUM OU GEN 2,2026-09-28T20:47:41,,449,3,6,0,1,36,13,0,0,0,7,0,0,False,False,False
https://replay.pokemonshowdown.com/gen2stadiumou-2538948713-rnridfxy6fjwr1d14e1xv7ncvq16w5ipw,ok,p2,Nero22dd,Kingdra,Ice Beam; Protect; Toxic,,,,False,STADIUM OU GEN 2,2026-09-28T20:47:41,,449,3,6,0,1,36,13,0,0,0,7,0,0,False,False,False
https://replay.pokemonshowdown.com/gen2stadiumou-2538948713-rnridfxy6fjwr1d14e1xv7ncvq16w5ipw,ok,p2,Nero22dd,Crobat,Hidden Power,,,,False,STADIUM OU GEN 2,2026-09-28T20:47:41,,449,3,6,0,1,36,13,0,0,0,7,0,0,False,False,False
https://replay.pokemonshowdown.com/gen2stadiumou-2538948713-rnridfxy6fjwr1d14e1xv7ncvq16w5ipw,ok,p2,Nero22dd,Houndoom,Flamethrower,,,,False,STADIUM OU GEN 2,2026-09-28T20:47:41,,449,3,6,0,1,36,13,0,0,0,7,0,0,False,False,False
https://replay.pokemonshowdown.com/gen2stadiumou-2538948713-rnridfxy6fjwr1d14e1xv7ncvq16w5ipw,ok,p2,Nero22dd,Heracross,Earthquake; Headbutt; Hidden Power,,,,False,STADIUM OU GEN 2,2026-09-28T20:47:41,,449,3,6,0,1,36,13,0,0,0,7,0,0,False,False,False
https://replay.pokemonshowdown.com/gen2stadiumou-2540919863-d04tpcr8qtv8gj8nmwtnmmp2wmmpjekpw,ok,p1,bloodycheese,Snorlax,Curse; Double-Edge; Rest; Sleep Talk,,,,True,STADIUM OU GEN 2,2026-09-28T20:47:42,,524,6,3,2,2,28,5,4,0,4,18,0,0,False,False,False
https://replay.pokemonshowdown.com/gen2stadiumou-2540919863-d04tpcr8qtv8gj8nmwtnmmp2wmmpjekpw,ok,p1,bloodycheese,Zapdos,Thunder,,,,True,STADIUM OU GEN 2,2026-09-28T20:47:42,,524,6,3,2,2,28,5,4,0,4,18,0,0,False,False,False
https://replay.pokemonshowdown.com/gen2stadiumou-2540919863-d04tpcr8qtv8gj8nmwtnmmp2wmmpjekpw,ok,p1,bloodycheese,Cloyster,Spikes; Surf; Toxic,,,,True,STADIUM OU GEN 2,2026-09-28T20:47:42,,524,6,3,2,2,28,5,4,0,4,18,0,0,True,False,False
https://replay.pokemonshowdown.com/gen2stadiumou-2540919863-d04tpcr8qtv8gj8nmwtnmmp2wmmpjekpw,ok,p1,bloodycheese,Nidoking,Earthquake; Thunder,,,,True,STADIUM OU GEN 2,2026-09-28T20:47:42,,524,6,3,2,2,28,5,4,0,4,18,0,0,False,False,False
https://replay.pokemonshowdown.com/gen2stadiumou-2540919863-d04tpcr8qtv8gj8nmwtnmmp2wmmpjekpw,ok,p1,bloodycheese,Gengar,Dynamic Punch; Thunder,,,,True,STADIUM OU GEN 2,2026-09-28T20:47:42,,524,6,3,2,2,28,5,4,0,4,18,0,0,False,False,False
https://replay.pokemonshowdown.com/gen2stadiumou-2540919863-d04tpcr8qtv8gj8nmwtnmmp2wmmpjekpw,ok,p1,bloodycheese,Tyranitar,Earthquake; Pursuit,,,,True,STADIUM OU GEN 2,2026-09-28T20:47:42,,524,6,3,2,2,28,5,4,0,4,18,0,0,False,False,False
https://replay.pokemonshowdown.com/gen2stadiumou-2540919863-d04tpcr8qtv8gj8nmwtnmmp2wmmpjekpw,ok,p2,afroier,Raikou,Quick Attack; Toxic,,,,False,STADIUM OU GEN 2,2026-09-28T20:47:42,,524,3,6,2,2,28,7,1,0,0,24,0,0,False,False,False
https://replay.pokemonshowdown.com/gen2stadiumou-2540919863-d04tpcr8qtv8gj8nmwtnmmp2wmmpjekpw,ok,p2,afroier,Skarmory,Drill Peck; Steel Wing; Thief; Whirlwind,,Leftovers,,False,STADIUM OU GEN 2,2026-09-28T20:47:42,,524,3,6,2,2,28,7,1,0,0,24,0,0,False,False,False
https://replay.pokemonshowdown.com/gen2stadiumou-2540919863-d04tpcr8qtv8gj8nmwtnmmp2wmmpjekpw,ok,p2,afroier,Starmie,Ice Beam; Surf; Thunderbolt,,,,False,STADIUM OU GEN 2,2026-09-28T20:47:42,,524,3,6,2,2,28,7,1,0,0,24,0,0,False,False,False
https://replay.pokemonshowdown.com/gen2stadiumou-2540919863-d04tpcr8qtv8gj8nmwtnmmp2wmmpjekpw,ok,p2,afroier,Alakazam,Hidden Power; Psychic,,,,False,STADIUM OU GEN 2,2026-09-28T20:47:42,,524,3,6,2,2,28,7,1,0,0,24,0,0,False,False,False
https://replay.pokemonshowdown.com/gen2stadiumou-2540919863-d04tpcr8qtv8gj8nmwtnmmp2wmmpjekpw,ok,p2,afroier,Tyranitar,Earthquake,,,,False,STADIUM OU GEN 2,2026-09-28T20:47:42,,524,3,6,2,2,28,7,1,0,0,24,0,0,False,False,False
https://replay.pokemonshowdown.com/gen2stadiumou-2540919863-d04tpcr8qtv8gj8nmwtnmmp2wmmpjekpw,ok,p2,afroier,Forretress,Reflect; Spikes,,,,False,STADIUM OU GEN 2,2026-09-28T20:47:42,,524,3,6,2,2,28,7,1,0,0,24,0,0,True,False,False
https://replay.pokemonshowdown.com/gen2stadiumou-2540777296-5nafp3bhgbhmtq538o44iwrf5cynyccpw,ok,p1,Saga_57,Zapdos,Hidden Power; Thunder,,,,False,STADIUM OU GEN 2,2026-09-28T20:47:43,,291,2,6,0,1,21,4,0,0,0,17,0,0,False,False,False
https://replay.pokemonshowdown.com/gen2stadiumou-2540777296-5nafp3bhgbhmtq538o44iwrf5cynyccpw,ok,p1,Saga_57,Cloyster,Surf; Toxic,,,,False,STADIUM OU GEN 2,2026-09-28T20:47:43,,291,2,6,0,1,21,4,0,0,0,17,0,0,False,False,False
https://replay.pokemonshowdown.com/gen2stadiumou-2540777296-5nafp3bhgbhmtq538o44iwrf5cynyccpw,ok,p1,Saga_57,Gengar,Destiny Bond; Explosion; Thunderbolt,,,,False,STADIUM OU GEN 2,2026-09-28T20:47:43,,291,2,6,0,1,21,4,0,0,0,17,0,0,False,False,False
https://replay.pokemonshowdown.com/gen2stadiumou-2540777296-5nafp3bhgbhmtq538o44iwrf5cynyccpw,ok,p1,Saga_57,Snorlax,Double-Edge; Earthquake; Self-Destruct,,,,False,STADIUM OU GEN 2,2026-09-28T20:47:43,,291,2,6,0,1,21,4,0,0,0,17,0,0,True,False,False
https://replay.pokemonshowdown.com/gen2stadiumou-2540777296-5nafp3bhgbhmtq538o44iwrf5cynyccpw,ok,p1,Saga_57,Alakazam,,,,,False,STADIUM OU GEN 2,2026-09-28T20:47:43,,291,2,6,0,1,21,4,0,0,0,17,0,0,False,False,False
https://replay.pokemonshowdown.com/gen2stadiumou-2540777296-5nafp3bhgbhmtq538o44iwrf5cynyccpw,ok,p1,Saga_57,Houndoom,Fire Blast,,,,False,STADIUM OU GEN 2,2026-09-28T20:47:43,,291,2,6,0,1,21,4,0,0,0,17,0,0,False,False,False
https://replay.pokemonshowdown.com/gen2stadiumou-2540777296-5nafp3bhgbhmtq538o44iwrf5cynyccpw,ok,p2,bloodycheese,Snorlax,Curse; Double-Edge,,,,True,STADIUM OU GEN 2,2026-09-28T20:47:43,,291,6,2,1,0,21,4,1,0,2,12,0,0,False,False,False
https://replay.pokemonshowdown.com/gen2stadiumou-2540777296-5nafp3bhgbhmtq538o44iwrf5cynyccpw,ok,p2,bloodycheese,Zapdos,Thunder,,,,True,STADIUM OU GEN 2,2026-09-28T20:47:43,,291,6,2,1,0,21,4,1,0,2,12,0,0,False,False,False
https://replay.pokemonshowdown.com/gen2stadiumou-2540777296-5nafp3bhgbhmtq538o44iwrf5cynyccpw,ok,p2,bloodycheese,Cloyster,,,,,True,STADIUM OU GEN 2,2026-09-28T20:47:43,,291,6,2,1,0,21,4,1,0,2,12,0,0,False,False,False
https://replay.pokemonshowdown.com/gen2stadiumou-2540777296-5nafp3bhgbhmtq538o44iwrf5cynyccpw,ok,p2,bloodycheese,Nidoking,Earthquake; Ice Beam; Thunder,,,,True,STADIUM OU GEN 2,2026-09-28T20:47:43,,291,6,2,1,0,21,4,1,0,2,12,0,0,False,False,False
https://replay.pokemonshowdown.com/gen2stadiumou-2540777296-5nafp3bhgbhmtq538o44iwrf5cynyccpw,ok,p2,bloodycheese,Gengar,Dynamic Punch; Ice Punch; Thunder,,,,True,STADIUM OU GEN 2,2026-09-28T20:47:43,,291,6,2,1,0,21,4,1,0,2,12,0,0,False,False,False
https://replay.pokemonshowdown.com/gen2stadiumou-2540777296-5nafp3bhgbhmtq538o44iwrf5cynyccpw,ok,p2,bloodycheese,Tyranitar,Rock Slide,,,,True,STADIUM OU GEN 2,2026-09-28T20:47:43,,291,6,2,1,0,21,4,1,0,2,12,0,0,True,False,False
https://replay.pokemonshowdown.com/gen2stadiumou-2551103937-loaqqaq9wghyf1whv7a765wj37wqnp0pw,ok,p1,Davarv,Zapdos,Hidden Power; Thunder,,,,True,STADIUM OU GEN 2,2026-09-28T20:47:43,,1287,6,2,1,1,127,2,18,0,2,82,0,0,False,False,False
https://replay.pokemonshowdown.com/gen2stadiumou-2551103937-loaqqaq9wghyf1whv7a765wj37wqnp0pw,ok,p1,Davarv,Snorlax,Double-Edge; Earthquake; Rest; Sleep Talk,,,,True,STADIUM OU GEN 2,2026-09-28T20:47:43,,1287,6,2,1,1,127,2,18,0,2,82,0,0,False,False,False
https://replay.pokemonshowdown.com/gen2stadiumou-2551103937-loaqqaq9wghyf1whv7a765wj37wqnp0pw,ok,p1,Davarv,Cloyster,Surf; Toxic,,,,True,STADIUM OU GEN 2,2026-09-28T20:47:43,,1287,6,2,1,1,127,2,18,0,2,82,0,0,False,False,False
https://replay.pokemonshowdown.com/gen2stadiumou-2551103937-loaqqaq9wghyf1whv7a765wj37wqnp0pw,ok,p1,Davarv,Golem,Earthquake; Explosion; Rapid Spin; Roar,,,,True,STADIUM OU GEN 2,2026-09-28T20:47:43,,1287,6,2,1,1,127,2,18,0,2,82,0,0,False,False,False
https://replay.pokemonshowdown.com/gen2stadiumou-2551103937-loaqqaq9wghyf1whv7a765wj37wqnp0pw,ok,p1,Davarv,Skarmory,Curse; Drill Peck; Toxic,,,,True,STADIUM OU GEN 2,2026-09-28T20:47:43,,1287,6,2,1,1,127,2,18,0,2,82,0,0,False,False,False
https://replay.pokemonshowdown.com/gen2stadiumou-2551103937-loaqqaq9wghyf1whv7a765wj37wqnp0pw,ok,p1,Davarv,Raikou,Thunderbolt,,,,True,STADIUM OU GEN 2,2026-09-28T20:47:43,,1287,6,2,1,1,127,2,18,0,2,82,0,0,True,False,False
https://replay.pokemonshowdown.com/gen2stadiumou-2551103937-loaqqaq9wghyf1whv7a765wj37wqnp0pw,ok,p2,adpg.alt,Snorlax,Double-Edge; Rest; Sleep Talk,,,,False,STADIUM OU GEN 2,2026-09-28T20:47:43,,1287,2,6,1,1,127,0,12,0,10,104,0,0,False,False,False
https://replay.pokemonshowdown.com/gen2stadiumou-2551103937-loaqqaq9wghyf1whv7a765wj37wqnp0pw,ok,p2,adpg.alt,Skarmory,Curse; Drill Peck; Whirlwind,,,,False,STADIUM OU GEN 2,2026-09-28T20:47:43,,1287,2,6,1,1,127,0,12,0,10,104,0,0,False,False,False
https://replay.pokemonshowdown.com/gen2stadiumou-2551103937-loaqqaq9wghyf1whv7a765wj37wqnp0pw,ok,p2,adpg.alt,Raikou,Rest; Roar; Thunder,,,,False,STADIUM OU GEN 2,2026-09-28T20:47:43,,1287,2,6,1,1,127,0,12,0,10,104,0,0,False,False,False
https://replay.pokemonshowdown.com/gen2stadiumou-2551103937-loaqqaq9wghyf1whv7a765wj37wqnp0pw,ok,p2,adpg.alt,Misdreavus,Confuse Ray; Mean Look; Perish Song; Protect,,,,False,STADIUM OU GEN 2,2026-09-28T20:47:43,,1287,2,6,1,1,127,0,12,0,10,104,0,0,False,False,False
https://replay.pokemonshowdown.com/gen2stadiumou-2551103937-loaqqaq9wghyf1whv7a765wj37wqnp0pw,ok,p2,adpg.alt,Forretress,Explosion; Spikes,,,,False,STADIUM OU GEN 2,2026-09-28T20:47:43,,1287,2,6,1,1,127,0,12,0,10,104,0,0,True,False,False
https://replay.pokemonshowdown.com/gen2stadiumou-2551103937-loaqqaq9wghyf1whv7a765wj37wqnp0pw,ok,p2,adpg.alt,Starmie,Recover; Substitute; Surf,,,,False,STADIUM OU GEN 2,2026-09-28T20:47:43,,1287,2,6,1,1,127,0,12,0,10,104,0,0,False,False,False
https://replay.pokemonshowdown.com/gen2stadiumou-2551110194-sntutd4o1u5qmv06p0h0jn2caffemi8pw,ok,p1,bloodycheese,Snorlax,,,,,True,STADIUM OU GEN 2,2026-09-28T20:47:44,,703,6,5,0,1,30,11,1,0,0,10,0,0,False,False,False
https://replay.pokemonshowdown.com/gen2stadiumou-2551110194-sntutd4o1u5qmv06p0h0jn2caffemi8pw,ok,p1,bloodycheese,Zapdos,Hidden Power; Thunder,,,,True,STADIUM OU GEN 2,2026-09-28T20:47:44,,703,6,5,0,1,30,11,1,0,0,10,0,0,False,False,False
https://replay.pokemonshowdown.com/gen2stadiumou-2551110194-sntutd4o1u5qmv06p0h0jn2caffemi8pw,ok,p1,bloodycheese,Cloyster,Explosion; Spikes; Surf; Toxic,,,,True,STADIUM OU GEN 2,2026-09-28T20:47:44,,703,6,5,0,1,30,11,1,0,0,10,0,0,True,False,False
https://replay.pokemonshowdown.com/gen2stadiumou-2551110194-sntutd4o1u5qmv06p0h0jn2caffemi8pw,ok,p1,bloodycheese,Nidoking,Earthquake; Thunder,,,,True,STADIUM OU GEN 2,2026-09-28T20:47:44,,703,6,5,0,1,30,11,1,0,0,10,0,0,False,False,False
https://replay.pokemonshowdown.com/gen2stadiumou-2551110194-sntutd4o1u5qmv06p0h0jn2caffemi8pw,ok,p1,bloodycheese,Gengar,Dynamic Punch; Explosion; Thunder,,,,True,STADIUM OU GEN 2,2026-09-28T20:47:44,,703,6,5,0,1,30,11,1,0,0,10,0,0,False,False,False
https://replay.pokemonshowdown.com/gen2stadiumou-2551110194-sntutd4o1u5qmv06p0h0jn2caffemi8pw,ok,p1,bloodycheese,Tyranitar,Earthquake,,,,True,STADIUM OU GEN 2,2026-09-28T20:47:44,,703,6,5,0,1,30,11,1,0,0,10,0,0,False,False,False
https://replay.pokemonshowdown.com/gen2stadiumou-2551110194-sntutd4o1u5qmv06p0h0jn2caffemi8pw,ok,p2,MONTIEL JAEGER,Machamp,Cross Chop; Ice Punch,,,,False,STADIUM OU GEN 2,2026-09-28T20:47:44,,703,5,6,1,0,30,9,1,0,3,29,0,0,False,False,False
https://replay.pokemonshowdown.com/gen2stadiumou-2551110194-sntutd4o1u5qmv06p0h0jn2caffemi8pw,ok,p2,MONTIEL JAEGER,Nidoking,Earthquake; Ice Beam,,,,False,STADIUM OU GEN 2,2026-09-28T20:47:44,,703,5,6,1,0,30,9,1,0,3,29,0,0,False,False,False
https://replay.pokemonshowdown.com/gen2stadiumou-2551110194-sntutd4o1u5qmv06p0h0jn2caffemi8pw,ok,p2,MONTIEL JAEGER,Tyranitar,Curse; Earthquake,,,,False,STADIUM OU GEN 2,2026-09-28T20:47:44,,703,5,6,1,0,30,9,1,0,3,29,0,0,False,False,False
https://replay.pokemonshowdown.com/gen2stadiumou-2551110194-sntutd4o1u5qmv06p0h0jn2caffemi8pw,ok,p2,MONTIEL JAEGER,Snorlax,Amnesia,,,,False,STADIUM OU GEN 2,2026-09-28T20:47:44,,703,5,6,1,0,30,9,1,0,3,29,0,0,False,False,False
https://replay.pokemonshowdown.com/gen2stadiumou-2551110194-sntutd4o1u5qmv06p0h0jn2caffemi8pw,ok,p2,MONTIEL JAEGER,Cloyster,Reflect; Substitute,,,,False,STADIUM OU GEN 2,2026-09-28T20:47:44,,703,5,6,1,0,30,9,1,0,3,29,0,0,True,False,False
https://replay.pokemonshowdown.com/gen2stadiumou-2551110194-sntutd4o1u5qmv06p0h0jn2caffemi8pw,ok,p2,MONTIEL JAEGER,Skarmory,Toxic,,,,False,STADIUM OU GEN 2,2026-09-28T20:47:44,,703,5,6,1,0,30,9,1,0,3,29,0,0,False,False,False
https://replay.pokemonshowdown.com/gen2stadiumou-2552127563-c445vsebtsxrljdnt7n5i4tvju3l3mbpw,ok,p1,Bloodycheese,Snorlax,Curse; Double-Edge; Rest; Sleep Talk,,,,False,STADIUM OU GEN 2,2026-09-28T20:47:45,,998,3,6,1,0,51,3,5,0,8,43,0,0,False,False,False
https://replay.pokemonshowdown.com/gen2stadiumou-2552127563-c445vsebtsxrljdnt7n5i4tvju3l3mbpw,ok,p1,Bloodycheese,Zapdos,Hidden Power; Rest; Sleep Talk; Thunder,,,,False,STADIUM OU GEN 2,2026-09-28T20:47:45,,998,3,6,1,0,51,3,5,0,8,43,0,0,False,False,False
https://replay.pokemonshowdown.com/gen2stadiumou-2552127563-c445vsebtsxrljdnt7n5i4tvju3l3mbpw,ok,p1,Bloodycheese,Cloyster,Spikes; Surf; Toxic,,,,False,STADIUM OU GEN 2,2026-09-28T20:47:45,,998,3,6,1,0,51,3,5,0,8,43,0,0,True,False,False
https://replay.pokemonshowdown.com/gen2stadiumou-2552127563-c445vsebtsxrljdnt7n5i4tvju3l3mbpw,ok,p1,Bloodycheese,Nidoking,Ice Beam; Thief,,Leftovers,,False,STADIUM OU GEN 2,2026-09-28T20:47:45,,998,3,6,1,0,51,3,5,0,8,43,0,0,False,False,False
https://replay.pokemonshowdown.com/gen2stadiumou-2552127563-c445vsebtsxrljdnt7n5i4tvju3l3mbpw,ok,p1,Bloodycheese,Gengar,Dynamic Punch; Thunder,,,,False,STADIUM OU GEN 2,2026-09-28T20:47:45,,998,3,6,1,0,51,3,5,0,8,43,0,0,False,False,False
https://replay.pokemonshowdown.com/gen2stadiumou-2552127563-c445vsebtsxrljdnt7n5i4tvju3l3mbpw,ok,p1,Bloodycheese,Tyranitar,Rock Slide,,,,False,STADIUM OU GEN 2,2026-09-28T20:47:45,,998,3,6,1,0,51,3,5,0,8,43,0,0,False,False,False
https://replay.pokemonshowdown.com/gen2stadiumou-2552127563-c445vsebtsxrljdnt7n5i4tvju3l3mbpw,ok,p2,Davarv,Zapdos,Hidden Power; Rest; Sleep Talk; Thunder,,,,True,STADIUM OU GEN 2,2026-09-28T20:47:45,,998,6,3,0,1,51,11,2,0,4,43,0,0,False,False,False
https://replay.pokemonshowdown.com/gen2stadiumou-2552127563-c445vsebtsxrljdnt7n5i4tvju3l3mbpw,ok,p2,Davarv,Snorlax,Double-Edge; Earthquake,,,,True,STADIUM OU GEN 2,2026-09-28T20:47:45,,998,6,3,0,1,51,11,2,0,4,43,0,0,False,False,False
https://replay.pokemonshowdown.com/gen2stadiumou-2552127563-c445vsebtsxrljdnt7n5i4tvju3l3mbpw,ok,p2,Davarv,Cloyster,Explosion; Spikes; Surf; Toxic,,,,True,STADIUM OU GEN 2,2026-09-28T20:47:45,,998,6,3,0,1,51,11,2,0,4,43,0,0,True,False,False
https://replay.pokemonshowdown.com/gen2stadiumou-2552127563-c445vsebtsxrljdnt7n5i4tvju3l3mbpw,ok,p2,Davarv,Golem,Earthquake; Explosion,,,,True,STADIUM OU GEN 2,2026-09-28T20:47:45,,998,6,3,0,1,51,11,2,0,4,43,0,0,False,False,False
https://replay.pokemonshowdown.com/gen2stadiumou-2552127563-c445vsebtsxrljdnt7n5i4tvju3l3mbpw,ok,p2,Davarv,Skarmory,Curse; Toxic,,,,True,STADIUM OU GEN 2,2026-09-28T20:47:45,,998,6,3,0,1,51,11,2,0,4,43,0,0,False,False,False
https://replay.pokemonshowdown.com/gen2stadiumou-2552127563-c445vsebtsxrljdnt7n5i4tvju3l3mbpw,ok,p2,Davarv,Raikou,Rest; Thunderbolt,,,,True,STADIUM OU GEN 2,2026-09-28T20:47:45,,998,6,3,0,1,51,11,2,0,4,43,0,0,False,False,False
https://replay.pokemonshowdown.com/gen9nationaldex-2551721811-ns8cn6cdx1moy7kuqyh2wgje9gg72u1pw,ok,p1,bloodycheese,Meowscarada,Flower Trick; Knock Off; U-turn,,,,False,NAT DEX,2026-09-28T20:47:45,,878,3,6,3,1,37,13,5,0,7,10,0,0,False,False,False
https://replay.pokemonshowdown.com/gen9nationaldex-2551721811-ns8cn6cdx1moy7kuqyh2wgje9gg72u1pw,ok,p1,bloodycheese,Garganacl,,,,,False,NAT DEX,2026-09-28T20:47:45,,878,3,6,3,1,37,13,5,0,7,10,0,0,False,False,False
https://replay.pokemonshowdown.com/gen9nationaldex-2551721811-ns8cn6cdx1moy7kuqyh2wgje9gg72u1pw,ok,p1,bloodycheese,Skeledirge,Earth Power; Torch Song,,,,False,NAT DEX,2026-09-28T20:47:45,,878,3,6,3,1,37,13,5,0,7,10,0,0,False,False,False
https://replay.pokemonshowdown.com/gen9nationaldex-2551721811-ns8cn6cdx1moy7kuqyh2wgje9gg72u1pw,ok,p1,bloodycheese,Ogerpon-Wellspring,Play Rough; Swords Dance; Trailblaze,,,,False,NAT DEX,2026-09-28T20:47:45,Ogerpon,878,3,6,3,1,37,13,5,0,7,10,0,0,False,False,False
https://replay.pokemonshowdown.com/gen9nationaldex-2551721811-ns8cn6cdx1moy7kuqyh2wgje9gg72u1pw,ok,p1,bloodycheese,Great Tusk,Headlong Rush; Knock Off,,,,False,NAT DEX,2026-09-28T20:47:45,,878,3,6,3,1,37,13,5,0,7,10,0,0,False,False,False
https://replay.pokemonshowdown.com/gen9nationaldex-2551721811-ns8cn6cdx1moy7kuqyh2wgje9gg72u1pw,ok,p1,bloodycheese,Glimmora,Earth Power; Stealth Rock,,,,False,NAT DEX,2026-09-28T20:47:45,,878,3,6,3,1,37,13,5,0,7,10,0,0,True,False,False
https://replay.pokemonshowdown.com/gen9nationaldex-2551721811-ns8cn6cdx1moy7kuqyh2wgje9gg72u1pw,ok,p2,chonarthas,Sinistcha,Matcha Gotcha; Shadow Ball; Strength Sap,,Leftovers,,True,NAT DEX,2026-09-28T20:47:45,,878,6,3,1,3,37,4,5,0,4,22,0,0,False,False,False
https://replay.pokemonshowdown.com/gen9nationaldex-2551721811-ns8cn6cdx1moy7kuqyh2wgje9gg72u1pw,ok,p2,chonarthas,Gholdengo,Make It Rain,,,,True,NAT DEX,2026-09-28T20:47:45,,878,6,3,1,3,37,4,5,0,4,22,0,0,False,False,False
https://replay.pokemonshowdown.com/gen9nationaldex-2551721811-ns8cn6cdx1moy7kuqyh2wgje9gg72u1pw,ok,p2,chonarthas,Quaquaval,Aqua Step,Moxie,,,True,NAT DEX,2026-09-28T20:47:45,,878,6,3,1,3,37,4,5,0,4,22,0,0,False,False,False
https://replay.pokemonshowdown.com/gen9nationaldex-2551721811-ns8cn6cdx1moy7kuqyh2wgje9gg72u1pw,ok,p2,chonarthas,Iron Hands,Drain Punch; Fake Out; Thunder Punch,,Sitrus Berry,,True,NAT DEX,2026-09-28T20:47:45,,878,6,3,1,3,37,4,5,0,4,22,0,0,True,False,False
https://replay.pokemonshowdown.com/gen9nationaldex-2551721811-ns8cn6cdx1moy7kuqyh2wgje9gg72u1pw,ok,p2,chonarthas,Ogerpon-Wellspring,Ivy Cudgel; Spiky Shield,,,,True,NAT DEX,2026-09-28T20:47:45,Ogerpon,878,6,3,1,3,37,4,5,0,4,22,0,0,False,False,False
https://replay.pokemonshowdown.com/gen9nationaldex-2551721811-ns8cn6cdx1moy7kuqyh2wgje9gg72u1pw,ok,p2,chonarthas,Clodsire,Recover; Stockpile; Toxic,,Black Sludge,,True,NAT DEX,2026-09-28T20:47:45,,878,6,3,1,3,37,4,5,0,4,22,0,0,False,False,False
https://replay.pokemonshowdown.com/gen9nationaldex-2561295603-9lrkxaavgmf337bqhdcbgknxf9di4c4pw,ok,p1,bloodycheese,Meowscarada,Triple Axel,,,,True,NAT DEX,2026-09-28T20:47:46,,886,6,4,1,0,24,6,6,0,2,8,0,0,False,False,False
https://replay.pokemonshowdown.com/gen9nationaldex-2561295603-9lrkxaavgmf337bqhdcbgknxf9di4c4pw,ok,p1,bloodycheese,Sinistcha-Masterpiece,Matcha Gotcha,,,,True,NAT DEX,2026-09-28T20:47:46,Sinistcha,886,6,4,1,0,24,6,6,0,2,8,0,0,False,False,False
https://replay.pokemonshowdown.com/gen9nationaldex-2561295603-9lrkxaavgmf337bqhdcbgknxf9di4c4pw,ok,p1,bloodycheese,Terapagos,Calm Mind; Earth Power; Flamethrower,,Heavy-Duty Boots,,True,NAT DEX,2026-09-28T20:47:46,,886,6,4,1,0,24,6,6,0,2,8,0,0,False,False,False
https://replay.pokemonshowdown.com/gen9nationaldex-2561295603-9lrkxaavgmf337bqhdcbgknxf9di4c4pw,ok,p1,bloodycheese,Kingambit,Low Kick,,Leftovers,,True,NAT DEX,2026-09-28T20:47:46,,886,6,4,1,0,24,6,6,0,2,8,0,0,False,False,False
https://replay.pokemonshowdown.com/gen9nationaldex-2561295603-9lrkxaavgmf337bqhdcbgknxf9di4c4pw,ok,p1,bloodycheese,Great Tusk,Close Combat; Headlong Rush,,,,True,NAT DEX,2026-09-28T20:47:46,,886,6,4,1,0,24,6,6,0,2,8,0,0,True,False,False
https://replay.pokemonshowdown.com/gen9nationaldex-2561295603-9lrkxaavgmf337bqhdcbgknxf9di4c4pw,ok,p1,bloodycheese,Gholdengo,Make It Rain; Shadow Ball,,Sitrus Berry,,True,NAT DEX,2026-09-28T20:47:46,,886,6,4,1,0,24,6,6,0,2,8,0,0,False,False,False
https://replay.pokemonshowdown.com/gen9nationaldex-2561295603-9lrkxaavgmf337bqhdcbgknxf9di4c4pw,ok,p2,Porygon Anty-Z,Clodsire,Earthquake; Spikes,,,,False,NAT DEX,2026-09-28T20:47:46,,886,4,6,0,1,24,4,4,0,4,5,0,0,False,False,False
https://replay.pokemonshowdown.com/gen9nationaldex-2561295603-9lrkxaavgmf337bqhdcbgknxf9di4c4pw,ok,p2,Porygon Anty-Z,Brambleghast,,,,,False,NAT DEX,2026-09-28T20:47:46,,886,4,6,0,1,24,4,4,0,4,5,0,0,False,False,False
https://replay.pokemonshowdown.com/gen9nationaldex-2561295603-9lrkxaavgmf337bqhdcbgknxf9di4c4pw,ok,p2,Porygon Anty-Z,Iron Valiant,Aura Sphere; Moonblast,,,,False,NAT DEX,2026-09-28T20:47:46,,886,4,6,0,1,24,4,4,0,4,5,0,0,False,False,False
https://replay.pokemonshowdown.com/gen9nationaldex-2561295603-9lrkxaavgmf337bqhdcbgknxf9di4c4pw,ok,p2,Porygon Anty-Z,Dondozo,Curse; Liquidation; Rest; Sleep Talk,,,,False,NAT DEX,2026-09-28T20:47:46,,886,4,6,0,1,24,4,4,0,4,5,0,0,False,False,False
https://replay.pokemonshowdown.com/gen9nationaldex-2561295603-9lrkxaavgmf337bqhdcbgknxf9di4c4pw,ok,p2,Porygon Anty-Z,Kingambit,Knock Off,,,,False,NAT DEX,2026-09-28T20:47:46,,886,4,6,0,1,24,4,4,0,4,5,0,0,False,False,False
https://replay.pokemonshowdown.com/gen9nationaldex-2561295603-9lrkxaavgmf337bqhdcbgknxf9di4c4pw,ok,p2,Porygon Anty-Z,Meowscarada,Knock Off; Play Rough; U-turn,,,,False,NAT DEX,2026-09-28T20:47:46,,886,4,6,0,1,24,4,4,0,4,5,0,0,True,False,False
https://replay.pokemonshowdown.com/gen9nationaldex-2571220756-ru8vn66u8rquj43kikjer4i1aqyvsrvpw,ok,p1,bloodycheese,Meowscarada,Flower Trick; U-turn,,,,False,NAT DEX,2026-09-28T20:47:47,,744,4,6,4,0,24,4,4,0,0,14,0,0,True,False,False
https://replay.pokemonshowdown.com/gen9nationaldex-2571220756-ru8vn66u8rquj43kikjer4i1aqyvsrvpw,ok,p1,bloodycheese,Sinistcha-Masterpiece,Scald,,,,False,NAT DEX,2026-09-28T20:47:47,Sinistcha,744,4,6,4,0,24,4,4,0,0,14,0,0,False,False,False
https://replay.pokemonshowdown.com/gen9nationaldex-2571220756-ru8vn66u8rquj43kikjer4i1aqyvsrvpw,ok,p1,bloodycheese,Terapagos,Flamethrower; Tera Starstorm,,,,False,NAT DEX,2026-09-28T20:47:47,,744,4,6,4,0,24,4,4,0,0,14,0,0,False,False,False
https://replay.pokemonshowdown.com/gen9nationaldex-2571220756-ru8vn66u8rquj43kikjer4i1aqyvsrvpw,ok,p1,bloodycheese,Kingambit,Kowtow Cleave,,,,False,NAT DEX,2026-09-28T20:47:47,,744,4,6,4,0,24,4,4,0,0,14,0,0,False,False,False
https://replay.pokemonshowdown.com/gen9nationaldex-2571220756-ru8vn66u8rquj43kikjer4i1aqyvsrvpw,ok,p1,bloodycheese,Great Tusk,Close Combat,,,,False,NAT DEX,2026-09-28T20:47:47,,744,4,6,4,0,24,4,4,0,0,14,0,0,False,False,False
https://replay.pokemonshowdown.com/gen9nationaldex-2571220756-ru8vn66u8rquj43kikjer4i1aqyvsrvpw,ok,p1,bloodycheese,Gholdengo,Shadow Ball,,Sitrus Berry,,False,NAT DEX,2026-09-28T20:47:47,,744,4,6,4,0,24,4,4,0,0,14,0,0,False,False,False
https://replay.pokemonshowdown.com/gen9nationaldex-2571220756-ru8vn66u8rquj43kikjer4i1aqyvsrvpw,ok,p2,JaLax06,Quaquaval,Aqua Step; Close Combat; Liquidation; Triple Axel,Moxie,,,True,NAT DEX,2026-09-28T20:47:47,,744,6,4,0,4,24,9,2,0,6,11,0,0,False,False,False
https://replay.pokemonshowdown.com/gen9nationaldex-2571220756-ru8vn66u8rquj43kikjer4i1aqyvsrvpw,ok,p2,JaLax06,Arboliva,Hyper Voice; Leech Seed,,,,True,NAT DEX,2026-09-28T20:47:47,,744,6,4,0,4,24,9,2,0,6,11,0,0,False,False,False
https://replay.pokemonshowdown.com/gen9nationaldex-2571220756-ru8vn66u8rquj43kikjer4i1aqyvsrvpw,ok,p2,JaLax06,Skeledirge,Torch Song,,,,True,NAT DEX,2026-09-28T20:47:47,,744,6,4,0,4,24,9,2,0,6,11,0,0,True,False,False
https://replay.pokemonshowdown.com/gen9nationaldex-2571220756-ru8vn66u8rquj43kikjer4i1aqyvsrvpw,ok,p2,JaLax06,Ogerpon-Cornerstone,U-turn,,,,True,NAT DEX,2026-09-28T20:47:47,Ogerpon,744,6,4,0,4,24,9,2,0,6,11,0,0,False,False,False
https://replay.pokemonshowdown.com/gen9nationaldex-2571220756-ru8vn66u8rquj43kikjer4i1aqyvsrvpw,ok,p2,JaLax06,Great Tusk,Close Combat; Headlong Rush,,,,True,NAT DEX,2026-09-28T20:47:47,,744,6,4,0,4,24,9,2,0,6,11,0,0,False,False,False
https://replay.pokemonshowdown.com/gen9nationaldex-2571220756-ru8vn66u8rquj43kikjer4i1aqyvsrvpw,ok,p2,JaLax06,Gholdengo,Make It Rain,,,,True,NAT DEX,2026-09-28T20:47:47,,744,6,4,0,4,24,9,2,0,6,11,0,0,False,False,False
https://replay.pokemonshowdown.com/gen9nationaldexmonotype-2577690016-pganiwnj0dnq7ents0x75okt74o156ppw,ok,p1,Bloody cheese,Ludicolo,Giga Drain,,,,False,NAT DEX MONOTYPE,2026-09-28T20:47:47,,633,5,6,1,2,19,2,0,0,1,10,0,0,False,False,False
https://replay.pokemonshowdown.com/gen9nationaldexmonotype-2577690016-pganiwnj0dnq7ents0x75okt74o156ppw,ok,p1,Bloody cheese,Toxapex,Knock Off; Toxic,,,,False,NAT DEX MONOTYPE,2026-09-28T20:47:47,,633,5,6,1,2,19,2,0,0,1,10,0,0,True,False,False
https://replay.pokemonshowdown.com/gen9nationaldexmonotype-2577690016-pganiwnj0dnq7ents0x75okt74o156ppw,ok,p1,Bloody cheese,Rotom-Wash,Volt Switch,,,,False,NAT DEX MONOTYPE,2026-09-28T20:47:47,Rotom,633,5,6,1,2,19,2,0,0,1,10,0,0,False,False,False
https://replay.pokemonshowdown.com/gen9nationaldexmonotype-2577690016-pganiwnj0dnq7ents0x75okt74o156ppw,ok,p1,Bloody cheese,Quaquaval,,,,,False,NAT DEX MONOTYPE,2026-09-28T20:47:47,,633,5,6,1,2,19,2,0,0,1,10,0,0,False,False,False
https://replay.pokemonshowdown.com/gen9nationaldexmonotype-2577690016-pganiwnj0dnq7ents0x75okt74o156ppw,ok,p1,Bloody cheese,Samurott-Hisui,Ceaseless Edge,,Focus Sash,,False,NAT DEX MONOTYPE,2026-09-28T20:47:47,Samurott,633,5,6,1,2,19,2,0,0,1,10,0,0,False,False,False
https://replay.pokemonshowdown.com/gen9nationaldexmonotype-2577690016-pganiwnj0dnq7ents0x75okt74o156ppw,ok,p1,Bloody cheese,Ogerpon-Wellspring,Horn Leech; Trailblaze,,,,False,NAT DEX MONOTYPE,2026-09-28T20:47:47,Ogerpon,633,5,6,1,2,19,2,0,0,1,10,0,0,False,False,False
https://replay.pokemonshowdown.com/gen9nationaldexmonotype-2577690016-pganiwnj0dnq7ents0x75okt74o156ppw,ok,p2,Zeedra,Ogerpon-Wellspring,Wood Hammer,,,,True,NAT DEX MONOTYPE,2026-09-28T20:47:47,Ogerpon,633,6,5,2,1,19,4,2,3,3,0,0,0,False,False,False
https://replay.pokemonshowdown.com/gen9nationaldexmonotype-2577690016-pganiwnj0dnq7ents0x75okt74o156ppw,ok,p2,Zeedra,Pelipper,Hurricane; U-turn,,,,True,NAT DEX MONOTYPE,2026-09-28T20:47:47,,633,6,5,2,1,19,4,2,3,3,0,0,0,True,False,False
https://replay.pokemonshowdown.com/gen9nationaldexmonotype-2577690016-pganiwnj0dnq7ents0x75okt74o156ppw,ok,p2,Zeedra,Quaquaval,Aqua Step; Brave Bird; Close Combat,Moxie,,,True,NAT DEX MONOTYPE,2026-09-28T20:47:47,,633,6,5,2,1,19,4,2,3,3,0,0,0,False,False,False
https://replay.pokemonshowdown.com/gen9nationaldexmonotype-2577690016-pganiwnj0dnq7ents0x75okt74o156ppw,ok,p2,Zeedra,Basculegion-F,Night Shade; Shadow Ball,,Choice Specs,,True,NAT DEX MONOTYPE,2026-09-28T20:47:47,Basculegion,633,6,5,2,1,19,4,2,3,3,0,0,0,False,False,False
https://replay.pokemonshowdown.com/gen9nationaldexmonotype-2577690016-pganiwnj0dnq7ents0x75okt74o156ppw,ok,p2,Zeedra,Walking Wake,Hurricane,,,,True,NAT DEX MONOTYPE,2026-09-28T20:47:47,,633,6,5,2,1,19,4,2,3,3,0,0,0,False,False,False
https://replay.pokemonshowdown.com/gen9nationaldexmonotype-2577690016-pganiwnj0dnq7ents0x75okt74o156ppw,ok,p2,Zeedra,Ludicolo,Energy Ball; Leaf Storm,,,,True,NAT DEX MONOTYPE,2026-09-28T20:47:47,,633,6,5,2,1,19,4,2,3,3,0,0,0,False,False,False
https://replay.pokemonshowdown.com/gen3orrecolosseum-2582892347-1c85sbp1ht0y1wxhaqn7aejclily5atpw,ok,p1,Angelowos,Metagross,Earthquake; Explosion; Meteor Mash; Protect,Clear Body,Lum Berry,,False,ORRE COLOSSEUM,2026-09-28T20:47:48,Newton,589,2,4,0,0,8,2,0,0,0,4,0,0,False,False,False
https://replay.pokemonshowdown.com/gen3orrecolosseum-2582892347-1c85sbp1ht0y1wxhaqn7aejclily5atpw,ok,p1,Angelowos,Latias,Dragon Claw; Hidden Power Fire; Protect; Thunder Wave,Levitate,Cheri Berry,,False,ORRE COLOSSEUM,2026-09-28T20:47:48,Euler,589,2,4,0,0,8,2,0,0,0,4,0,0,False,False,False
https://replay.pokemonshowdown.com/gen3orrecolosseum-2582892347-1c85sbp1ht0y1wxhaqn7aejclily5atpw,ok,p1,Angelowos,Zapdos,Detect; Hidden Power Ice; Substitute; Thunderbolt,Pressure,Salac Berry,,False,ORRE COLOSSEUM,2026-09-28T20:47:48,Leibniz,589,2,4,0,0,8,2,0,0,0,4,0,0,False,False,False
https://replay.pokemonshowdown.com/gen3orrecolosseum-2582892347-1c85sbp1ht0y1wxhaqn7aejclily5atpw,ok,p1,Angelowos,Snorlax,Earthquake; Protect; Return; Self-Destruct,Thick Fat,White Herb,,False,ORRE COLOSSEUM,2026-09-28T20:47:48,,589,2,4,0,0,8,2,0,0,0,4,0,0,False,False,False
https://replay.pokemonshowdown.com/gen3orrecolosseum-2582892347-1c85sbp1ht0y1wxhaqn7aejclily5atpw,ok,p1,Angelowos,Swampert,Earthquake; Hydro Pump; Icy Wind; Protect,Torrent,Leftovers,,False,ORRE COLOSSEUM,2026-09-28T20:47:48,Lagrange,589,2,4,0,0,8,2,0,0,0,4,0,0,True,False,False
https://replay.pokemonshowdown.com/gen3orrecolosseum-2582892347-1c85sbp1ht0y1wxhaqn7aejclily5atpw,ok,p1,Angelowos,Tauros,Double-Edge; Earthquake; Hidden Power Ghost; Return,Intimidate,Choice Band,,False,ORRE COLOSSEUM,2026-09-28T20:47:48,,589,2,4,0,0,8,2,0,0,0,4,0,0,False,False,False
https://replay.pokemonshowdown.com/gen3orrecolosseum-2582892347-1c85sbp1ht0y1wxhaqn7aejclily5atpw,ok,p2,bloodycheese,Tyranitar,Crunch; Protect; Rock Slide; Thunder Wave,Sand Stream,Leftovers,,True,ORRE COLOSSEUM,2026-09-28T20:47:48,Davillain,589,4,2,0,0,8,5,3,1,0,6,0,0,True,False,False
https://replay.pokemonshowdown.com/gen3orrecolosseum-2582892347-1c85sbp1ht0y1wxhaqn7aejclily5atpw,ok,p2,bloodycheese,Swampert,Earthquake; Hydro Pump; Icy Wind; Protect,Torrent,Shell Bell,,True,ORRE COLOSSEUM,2026-09-28T20:47:48,Dafrog,589,4,2,0,0,8,5,3,1,0,6,0,0,False,False,False
https://replay.pokemonshowdown.com/gen3orrecolosseum-2582892347-1c85sbp1ht0y1wxhaqn7aejclily5atpw,ok,p2,bloodycheese,Metagross,Earthquake; Explosion; Meteor Mash; Protect,Clear Body,Lum Berry,,True,ORRE COLOSSEUM,2026-09-28T20:47:48,,589,4,2,0,0,8,5,3,1,0,6,0,0,False,False,False
https://replay.pokemonshowdown.com/gen3orrecolosseum-2582892347-1c85sbp1ht0y1wxhaqn7aejclily5atpw,ok,p2,bloodycheese,Tauros,Double-Edge; Earthquake; Hidden Power Ghost; Return,Intimidate,Choice Band,,True,ORRE COLOSSEUM,2026-09-28T20:47:48,,589,4,2,0,0,8,5,3,1,0,6,0,0,False,False,False
https://replay.pokemonshowdown.com/gen3orrecolosseum-2582892347-1c85sbp1ht0y1wxhaqn7aejclily5atpw,ok,p2,bloodycheese,Zapdos,Detect; Drill Peck; Hidden Power; Hidden Power Grass; Thunderbolt,Pressure,Magnet,,True,ORRE COLOSSEUM,2026-09-28T20:47:48,Daberserk,589,4,2,0,0,8,5,3,1,0,6,0,0,False,False,False
https://replay.pokemonshowdown.com/gen3orrecolosseum-2582892347-1c85sbp1ht0y1wxhaqn7aejclily5atpw,ok,p2,bloodycheese,Latios,Dragon Claw; Protect; Psychic; Thunderbolt,Levitate,Cheri Berry,,True,ORRE COLOSSEUM,2026-09-28T20:47:48,Daprince,589,4,2,0,0,8,5,3,1,0,6,0,0,False,False,False
https://replay.pokemonshowdown.com/gen3orrecolosseum-2582915116-rj4ebv112h0jg65bir1v93nfjmt2fh0pw,ok,p1,bloodycheese,Tyranitar,Rock Slide,,,,True,ORRE COLOSSEUM,2026-09-28T20:47:49,Davillain,318,4,2,1,0,7,3,3,1,0,4,0,0,True,False,False
https://replay.pokemonshowdown.com/gen3orrecolosseum-2582915116-rj4ebv112h0jg65bir1v93nfjmt2fh0pw,ok,p1,bloodycheese,Swampert,Earthquake; Icy Wind,,,,True,ORRE COLOSSEUM,2026-09-28T20:47:49,Dafrog,318,4,2,1,0,7,3,3,1,0,4,0,0,False,False,False
https://replay.pokemonshowdown.com/gen3orrecolosseum-2582915116-rj4ebv112h0jg65bir1v93nfjmt2fh0pw,ok,p1,bloodycheese,Metagross,,,,,True,ORRE COLOSSEUM,2026-09-28T20:47:49,,318,4,2,1,0,7,3,3,1,0,4,0,0,False,False,False
https://replay.pokemonshowdown.com/gen3orrecolosseum-2582915116-rj4ebv112h0jg65bir1v93nfjmt2fh0pw,ok,p1,bloodycheese,Tauros,,,,,True,ORRE COLOSSEUM,2026-09-28T20:47:49,,318,4,2,1,0,7,3,3,1,0,4,0,0,False,False,False
https://replay.pokemonshowdown.com/gen3orrecolosseum-2582915116-rj4ebv112h0jg65bir1v93nfjmt2fh0pw,ok,p1,bloodycheese,Zapdos,Detect; Hidden Power; Thunderbolt,,,,True,ORRE COLOSSEUM,2026-09-28T20:47:49,Daberserk,318,4,2,1,0,7,3,3,1,0,4,0,0,False,False,False
https://replay.pokemonshowdown.com/gen3orrecolosseum-2582915116-rj4ebv112h0jg65bir1v93nfjmt2fh0pw,ok,p1,bloodycheese,Latios,,,,,True,ORRE COLOSSEUM,2026-09-28T20:47:49,Daprince,318,4,2,1,0,7,3,3,1,0,4,0,0,False,False,False
https://replay.pokemonshowdown.com/gen3orrecolosseum-2582915116-rj4ebv112h0jg65bir1v93nfjmt2fh0pw,ok,p2,roy kasoy,Tyranitar,,,,,False,ORRE COLOSSEUM,2026-09-28T20:47:49,Davillain,318,2,4,0,1,7,0,0,0,0,1,0,0,False,False,False
https://replay.pokemonshowdown.com/gen3orrecolosseum-2582915116-rj4ebv112h0jg65bir1v93nfjmt2fh0pw,ok,p2,roy kasoy,Swampert,Hydro Pump; Icy Wind; Protect,,,,False,ORRE COLOSSEUM,2026-09-28T20:47:49,Dafrog,318,2,4,0,1,7,0,0,0,0,1,0,0,True,False,False
https://replay.pokemonshowdown.com/gen3orrecolosseum-2582915116-rj4ebv112h0jg65bir1v93nfjmt2fh0pw,ok,p2,roy kasoy,Metagross,Meteor Mash,,,,False,ORRE COLOSSEUM,2026-09-28T20:47:49,Dagenius,318,2,4,0,1,7,0,0,0,0,1,0,0,False,False,False
https://replay.pokemonshowdown.com/gen3orrecolosseum-2582915116-rj4ebv112h0jg65bir1v93nfjmt2fh0pw,ok,p2,roy kasoy,Tauros,Double-Edge; Earthquake,Intimidate,,,False,ORRE COLOSSEUM,2026-09-28T20:47:49,Daflash,318,2,4,0,1,7,0,0,0,0,1,0,0,False,False,False
https://replay.pokemonshowdown.com/gen3orrecolosseum-2582915116-rj4ebv112h0jg65bir1v93nfjmt2fh0pw,ok,p2,roy kasoy,Zapdos,,,,,False,ORRE COLOSSEUM,2026-09-28T20:47:49,,318,2,4,0,1,7,0,0,0,0,1,0,0,False,False,False
https://replay.pokemonshowdown.com/gen3orrecolosseum-2582915116-rj4ebv112h0jg65bir1v93nfjmt2fh0pw,ok,p2,roy kasoy,Latios,,,,,False,ORRE COLOSSEUM,2026-09-28T20:47:49,,318,2,4,0,1,7,0,0,0,0,1,0,0,False,False,False
https://replay.pokemonshowdown.com/gen9doubleslc-2589505612-3ft798riuxh1yupv9larldjx7qbcwynpw,ok,p1,Akaru Kokuyoふわ,Vullaby,Brave Bird; Tailwind,,Eviolite,Ghost,True,DOBLES LC,2026-09-28T20:47:49,,396,6,3,0,0,11,4,0,0,6,0,0,0,False,False,True
https://replay.pokemonshowdown.com/gen9doubleslc-2589505612-3ft798riuxh1yupv9larldjx7qbcwynpw,ok,p1,Akaru Kokuyoふわ,Cutiefly,Tailwind,,Focus Sash,,True,DOBLES LC,2026-09-28T20:47:49,,396,6,3,0,0,11,4,0,0,6,0,0,0,True,False,False
https://replay.pokemonshowdown.com/gen9doubleslc-2589505612-3ft798riuxh1yupv9larldjx7qbcwynpw,ok,p1,Akaru Kokuyoふわ,Mudbray,High Horsepower; Stealth Rock,,,,True,DOBLES LC,2026-09-28T20:47:49,,396,6,3,0,0,11,4,0,0,6,0,0,0,False,False,False
https://replay.pokemonshowdown.com/gen9doubleslc-2589505612-3ft798riuxh1yupv9larldjx7qbcwynpw,ok,p1,Akaru Kokuyoふわ,Porygon,Ice Beam,Download,Eviolite,,True,DOBLES LC,2026-09-28T20:47:49,,396,6,3,0,0,11,4,0,0,6,0,0,0,False,False,False
https://replay.pokemonshowdown.com/gen9doubleslc-2589505612-3ft798riuxh1yupv9larldjx7qbcwynpw,ok,p1,Akaru Kokuyoふわ,Inkay,Knock Off; Protect; Superpower,,,,True,DOBLES LC,2026-09-28T20:47:49,,396,6,3,0,0,11,4,0,0,6,0,0,0,False,False,False
https://replay.pokemonshowdown.com/gen9doubleslc-2589505612-3ft798riuxh1yupv9larldjx7qbcwynpw,ok,p1,Akaru Kokuyoふわ,Dewpider,Hydro Pump; Icy Wind,,Eviolite,,True,DOBLES LC,2026-09-28T20:47:49,,396,6,3,0,0,11,4,0,0,6,0,0,0,False,False,False
https://replay.pokemonshowdown.com/gen9doubleslc-2589505612-3ft798riuxh1yupv9larldjx7qbcwynpw,ok,p2,bloodycheese,Mienfoo,Drain Punch; Knock Off,,,,False,DOBLES LC,2026-09-28T20:47:49,,396,3,6,0,0,11,4,0,0,0,1,0,0,False,False,False
https://replay.pokemonshowdown.com/gen9doubleslc-2589505612-3ft798riuxh1yupv9larldjx7qbcwynpw,ok,p2,bloodycheese,Pawniard,,,,,False,DOBLES LC,2026-09-28T20:47:49,,396,3,6,0,0,11,4,0,0,0,1,0,0,False,False,False
https://replay.pokemonshowdown.com/gen9doubleslc-2589505612-3ft798riuxh1yupv9larldjx7qbcwynpw,ok,p2,bloodycheese,Glimmet,Protect; Sludge Bomb; Stealth Rock,,Eviolite,Flying,False,DOBLES LC,2026-09-28T20:47:49,,396,3,6,0,0,11,4,0,0,0,1,0,0,False,False,True
https://replay.pokemonshowdown.com/gen9doubleslc-2589505612-3ft798riuxh1yupv9larldjx7qbcwynpw,ok,p2,bloodycheese,Poltchageist,,,Eviolite,,False,DOBLES LC,2026-09-28T20:47:49,,396,3,6,0,0,11,4,0,0,0,1,0,0,False,False,False
https://replay.pokemonshowdown.com/gen9doubleslc-2589505612-3ft798riuxh1yupv9larldjx7qbcwynpw,ok,p2,bloodycheese,Litten,Fake Out; Flare Blitz; Will-O-Wisp,Intimidate,,,False,DOBLES LC,2026-09-28T20:47:49,,396,3,6,0,0,11,4,0,0,0,1,0,0,True,False,False
https://replay.pokemonshowdown.com/gen9doubleslc-2589505612-3ft798riuxh1yupv9larldjx7qbcwynpw,ok,p2,bloodycheese,Inkay,Knock Off; Protect,,,,False,DOBLES LC,2026-09-28T20:47:49,,396,3,6,0,0,11,4,0,0,0,1,0,0,False,False,False
https://replay.pokemonshowdown.com/gen9doubleslc-2609163722-avr9sqkb4706b4ykbuocsdvxvsginkipw,ok,p1,Caradecoso,Hippopotas,,,,,False,DOBLES LC,2026-09-28T20:47:50,,563,1,6,0,1,12,1,2,1,2,0,0,0,False,False,False
https://replay.pokemonshowdown.com/gen9doubleslc-2609163722-avr9sqkb4706b4ykbuocsdvxvsginkipw,ok,p1,Caradecoso,Foongus,Rage Powder,,,,False,DOBLES LC,2026-09-28T20:47:50,,563,1,6,0,1,12,1,2,1,2,0,0,0,True,False,False
https://replay.pokemonshowdown.com/gen9doubleslc-2609163722-avr9sqkb4706b4ykbuocsdvxvsginkipw,ok,p1,Caradecoso,Drilbur,Protect; Stomping Tantrum; Swords Dance,,Covert Cloak,Fire,False,DOBLES LC,2026-09-28T20:47:50,,563,1,6,0,1,12,1,2,1,2,0,0,0,False,False,True
https://replay.pokemonshowdown.com/gen9doubleslc-2609163722-avr9sqkb4706b4ykbuocsdvxvsginkipw,ok,p1,Caradecoso,Shellos-East,Icy Wind,,,,False,DOBLES LC,2026-09-28T20:47:50,Shellos,563,1,6,0,1,12,1,2,1,2,0,0,0,False,False,False
https://replay.pokemonshowdown.com/gen9doubleslc-2609163722-avr9sqkb4706b4ykbuocsdvxvsginkipw,ok,p1,Caradecoso,Chinchou,Discharge; Volt Switch,,Eviolite,,False,DOBLES LC,2026-09-28T20:47:50,,563,1,6,0,1,12,1,2,1,2,0,0,0,False,False,False
https://replay.pokemonshowdown.com/gen9doubleslc-2609163722-avr9sqkb4706b4ykbuocsdvxvsginkipw,ok,p1,Caradecoso,Litten,,Intimidate,,,False,DOBLES LC,2026-09-28T20:47:50,,563,1,6,0,1,12,1,2,1,2,0,0,0,False,False,False
https://replay.pokemonshowdown.com/gen9doubleslc-2609163722-avr9sqkb4706b4ykbuocsdvxvsginkipw,ok,p2,Bloody cheese,Mienfoo,Fake Out; Knock Off; U-turn,,,,True,DOBLES LC,2026-09-28T20:47:50,,563,6,1,1,0,12,3,3,0,0,0,0,0,True,False,False
https://replay.pokemonshowdown.com/gen9doubleslc-2609163722-avr9sqkb4706b4ykbuocsdvxvsginkipw,ok,p2,Bloody cheese,Pawniard,Protect,,,,True,DOBLES LC,2026-09-28T20:47:50,,563,6,1,1,0,12,3,3,0,0,0,0,0,False,False,False
https://replay.pokemonshowdown.com/gen9doubleslc-2609163722-avr9sqkb4706b4ykbuocsdvxvsginkipw,ok,p2,Bloody cheese,Glimmet,Sludge Bomb,,,,True,DOBLES LC,2026-09-28T20:47:50,,563,6,1,1,0,12,3,3,0,0,0,0,0,False,False,False
https://replay.pokemonshowdown.com/gen9doubleslc-2609163722-avr9sqkb4706b4ykbuocsdvxvsginkipw,ok,p2,Bloody cheese,Voltorb-Hisui,Leaf Storm; Protect,,,,True,DOBLES LC,2026-09-28T20:47:50,Voltorb,563,6,1,1,0,12,3,3,0,0,0,0,0,False,False,False
https://replay.pokemonshowdown.com/gen9doubleslc-2609163722-avr9sqkb4706b4ykbuocsdvxvsginkipw,ok,p2,Bloody cheese,Growlithe-Hisui,Flare Blitz; Head Smash; Protect; Rock Slide,Intimidate,,Water,True,DOBLES LC,2026-09-28T20:47:50,Growlithe,563,6,1,1,0,12,3,3,0,0,0,0,0,False,False,True
https://replay.pokemonshowdown.com/gen9doubleslc-2609163722-avr9sqkb4706b4ykbuocsdvxvsginkipw,ok,p2,Bloody cheese,Quaxly,,,,,True,DOBLES LC,2026-09-28T20:47:50,,563,6,1,1,0,12,3,3,0,0,0,0,0,False,False,False
https://replay.pokemonshowdown.com/gen9doubleslc-2634039758-iharn4vwq55drffkl4v0i9beiyl0jxwpw,ok,p1,bloodycheese,Mudbray,High Horsepower,,,,False,DOBLES LC,2026-09-28T20:47:51,,515,3,6,0,2,10,1,1,0,0,0,0,0,False,False,False
https://replay.pokemonshowdown.com/gen9doubleslc-2634039758-iharn4vwq55drffkl4v0i9beiyl0jxwpw,ok,p1,bloodycheese,Voltorb-Hisui,Electroweb; Leaf Storm; Protect; Thunderbolt,,,,False,DOBLES LC,2026-09-28T20:47:51,Voltorb,515,3,6,0,2,10,1,1,0,0,0,0,0,False,False,False
https://replay.pokemonshowdown.com/gen9doubleslc-2634039758-iharn4vwq55drffkl4v0i9beiyl0jxwpw,ok,p1,bloodycheese,Vullaby,Brave Bird; Knock Off; Protect,,Eviolite,,False,DOBLES LC,2026-09-28T20:47:51,,515,3,6,0,2,10,1,1,0,0,0,0,0,False,False,False
https://replay.pokemonshowdown.com/gen9doubleslc-2634039758-iharn4vwq55drffkl4v0i9beiyl0jxwpw,ok,p1,bloodycheese,Dewpider,,,,,False,DOBLES LC,2026-09-28T20:47:51,,515,3,6,0,2,10,1,1,0,0,0,0,0,False,False,False
https://replay.pokemonshowdown.com/gen9doubleslc-2634039758-iharn4vwq55drffkl4v0i9beiyl0jxwpw,ok,p1,bloodycheese,Growlithe-Hisui,Flare Blitz; Stealth Rock,,,Grass,False,DOBLES LC,2026-09-28T20:47:51,Growlithe,515,3,6,0,2,10,1,1,0,0,0,0,0,True,False,True
https://replay.pokemonshowdown.com/gen9doubleslc-2634039758-iharn4vwq55drffkl4v0i9beiyl0jxwpw,ok,p1,bloodycheese,Meditite,Close Combat; Fake Out,,,,False,DOBLES LC,2026-09-28T20:47:51,,515,3,6,0,2,10,1,1,0,0,0,0,0,False,False,False
https://replay.pokemonshowdown.com/gen9doubleslc-2634039758-iharn4vwq55drffkl4v0i9beiyl0jxwpw,ok,p2,Sasori07,Mudbray,Stone Edge,,,,True,DOBLES LC,2026-09-28T20:47:51,,515,6,3,2,0,10,4,5,0,0,2,0,0,False,False,False
https://replay.pokemonshowdown.com/gen9doubleslc-2634039758-iharn4vwq55drffkl4v0i9beiyl0jxwpw,ok,p2,Sasori07,Voltorb-Hisui,Electroweb,,Eviolite,,True,DOBLES LC,2026-09-28T20:47:51,Voltorb,515,6,3,2,0,10,4,5,0,0,2,0,0,False,False,False
https://replay.pokemonshowdown.com/gen9doubleslc-2634039758-iharn4vwq55drffkl4v0i9beiyl0jxwpw,ok,p2,Sasori07,Vullaby,Knock Off; Tailwind,,,,True,DOBLES LC,2026-09-28T20:47:51,,515,6,3,2,0,10,4,5,0,0,2,0,0,False,False,False
https://replay.pokemonshowdown.com/gen9doubleslc-2634039758-iharn4vwq55drffkl4v0i9beiyl0jxwpw,ok,p2,Sasori07,Dewpider,Leech Life; Liquidation,,,Electric,True,DOBLES LC,2026-09-28T20:47:51,,515,6,3,2,0,10,4,5,0,0,2,0,0,False,False,True
https://replay.pokemonshowdown.com/gen9doubleslc-2634039758-iharn4vwq55drffkl4v0i9beiyl0jxwpw,ok,p2,Sasori07,Growlithe-Hisui,Flare Blitz; Rock Slide,Intimidate,,,True,DOBLES LC,2026-09-28T20:47:51,Growlithe,515,6,3,2,0,10,4,5,0,0,2,0,0,True,False,False
https://replay.pokemonshowdown.com/gen9doubleslc-2634039758-iharn4vwq55drffkl4v0i9beiyl0jxwpw,ok,p2,Sasori07,Meditite,Close Combat; Fake Out; Zen Headbutt,,,,True,DOBLES LC,2026-09-28T20:47:51,,515,6,3,2,0,10,4,5,0,0,2,0,0,False,False,False
https://replay.pokemonshowdown.com/gen9doubleslc-2638563312-iva2ob76dkphwdh5hcdx2rp0f334a5xpw,ok,p1,Sasori07,Mudbray,High Horsepower; Protect; Stone Edge,,,,True,DOBLES LC,2026-09-28T20:47:51,,581,6,5,2,0,11,2,2,0,0,0,0,0,False,False,False
https://replay.pokemonshowdown.com/gen9doubleslc-2638563312-iva2ob76dkphwdh5hcdx2rp0f334a5xpw,ok,p1,Sasori07,Voltorb-Hisui,Electroweb; Leaf Storm; Protect; Thunderbolt,,Eviolite,,True,DOBLES LC,2026-09-28T20:47:51,Voltorb,581,6,5,2,0,11,2,2,0,0,0,0,0,False,False,False
https://replay.pokemonshowdown.com/gen9doubleslc-2638563312-iva2ob76dkphwdh5hcdx2rp0f334a5xpw,ok,p1,Sasori07,Vullaby,Tailwind,,,,True,DOBLES LC,2026-09-28T20:47:51,,581,6,5,2,0,11,2,2,0,0,0,0,0,False,False,False
https://replay.pokemonshowdown.com/gen9doubleslc-2638563312-iva2ob76dkphwdh5hcdx2rp0f334a5xpw,ok,p1,Sasori07,Dewpider,Liquidation,,,,True,DOBLES LC,2026-09-28T20:47:51,,581,6,5,2,0,11,2,2,0,0,0,0,0,False,False,False
https://replay.pokemonshowdown.com/gen9doubleslc-2638563312-iva2ob76dkphwdh5hcdx2rp0f334a5xpw,ok,p1,Sasori07,Growlithe-Hisui,Flare Blitz; Stealth Rock,Intimidate,,,True,DOBLES LC,2026-09-28T20:47:51,Growlithe,581,6,5,2,0,11,2,2,0,0,0,0,0,True,False,False
https://replay.pokemonshowdown.com/gen9doubleslc-2638563312-iva2ob76dkphwdh5hcdx2rp0f334a5xpw,ok,p1,Sasori07,Meditite,Close Combat; Fake Out; Zen Headbutt,,,,True,DOBLES LC,2026-09-28T20:47:51,,581,6,5,2,0,11,2,2,0,0,0,0,0,False,False,False
https://replay.pokemonshowdown.com/gen9doubleslc-2638563312-iva2ob76dkphwdh5hcdx2rp0f334a5xpw,ok,p2,Bloody cheese,Gastly,Protect; Sludge Wave,,,,False,DOBLES LC,2026-09-28T20:47:51,,581,5,6,0,2,11,1,1,0,1,0,0,0,False,False,False
https://replay.pokemonshowdown.com/gen9doubleslc-2638563312-iva2ob76dkphwdh5hcdx2rp0f334a5xpw,ok,p2,Bloody cheese,Mudbray,Protect; Stealth Rock; Stone Edge,,,,False,DOBLES LC,2026-09-28T20:47:51,,581,5,6,0,2,11,1,1,0,1,0,0,0,False,False,False
https://replay.pokemonshowdown.com/gen9doubleslc-2638563312-iva2ob76dkphwdh5hcdx2rp0f334a5xpw,ok,p2,Bloody cheese,Pawniard,Iron Head; Protect,Defiant,,Fairy,False,DOBLES LC,2026-09-28T20:47:51,,581,5,6,0,2,11,1,1,0,1,0,0,0,False,False,True
https://replay.pokemonshowdown.com/gen9doubleslc-2638563312-iva2ob76dkphwdh5hcdx2rp0f334a5xpw,ok,p2,Bloody cheese,Cutiefly,,,,,False,DOBLES LC,2026-09-28T20:47:51,,581,5,6,0,2,11,1,1,0,1,0,0,0,True,False,False
https://replay.pokemonshowdown.com/gen9doubleslc-2638563312-iva2ob76dkphwdh5hcdx2rp0f334a5xpw,ok,p2,Bloody cheese,Meditite,Fake Out; Feint; Zen Headbutt,,,,False,DOBLES LC,2026-09-28T20:47:51,,581,5,6,0,2,11,1,1,0,1,0,0,0,False,False,False
https://replay.pokemonshowdown.com/gen9doubleslc-2638563312-iva2ob76dkphwdh5hcdx2rp0f334a5xpw,ok,p2,Bloody cheese,Vullaby,Knock Off; Toxic,,,,False,DOBLES LC,2026-09-28T20:47:51,,581,5,6,0,2,11,1,1,0,1,0,0,0,False,False,False
https://replay.pokemonshowdown.com/gen9vgc2026regibo3-2576974528-508a9tyd53e3ix73sb0q4777xpd5mutpw,ok,p1,labiamg,Calyrex-Ice,Glacial Lance; High Horsepower; Protect; Trick Room,As One; As One Glastrier; Unnerve,Clear Amulet,Grass,False,VGC,2026-09-28T20:47:52,Calyrex,419,1,4,0,0,8,1,0,1,0,0,0,0,True,False,False
https://replay.pokemonshowdown.com/gen9vgc2026regibo3-2576974528-508a9tyd53e3ix73sb0q4777xpd5mutpw,ok,p1,labiamg,Pelipper,Helping Hand; Hurricane; Weather Ball; Wide Guard,Drizzle,Focus Sash,Ghost,False,VGC,2026-09-28T20:47:52,,419,1,4,0,0,8,1,0,1,0,0,0,0,False,False,False
https://replay.pokemonshowdown.com/gen9vgc2026regibo3-2576974528-508a9tyd53e3ix73sb0q4777xpd5mutpw,ok,p1,labiamg,Urshifu-*,,,,,False,VGC,2026-09-28T20:47:52,,419,1,4,0,0,8,1,0,1,0,0,0,0,False,False,False
https://replay.pokemonshowdown.com/gen9vgc2026regibo3-2576974528-508a9tyd53e3ix73sb0q4777xpd5mutpw,ok,p1,labiamg,Amoonguss,Pollen Puff; Protect; Rage Powder; Spore,Regenerator,Rocky Helmet,Dark,False,VGC,2026-09-28T20:47:52,,419,1,4,0,0,8,1,0,1,0,0,0,0,False,False,False
https://replay.pokemonshowdown.com/gen9vgc2026regibo3-2576974528-508a9tyd53e3ix73sb0q4777xpd5mutpw,ok,p1,labiamg,Landorus,Earth Power; Protect; Sandsear Storm; Sludge Bomb,Sheer Force,Life Orb,Poison,False,VGC,2026-09-28T20:47:52,,419,1,4,0,0,8,1,0,1,0,0,0,0,False,False,False
https://replay.pokemonshowdown.com/gen9vgc2026regibo3-2576974528-508a9tyd53e3ix73sb0q4777xpd5mutpw,ok,p1,labiamg,Kyogre,Ice Beam; Protect; Thunder; Water Spout,Drizzle,Mystic Water,Water,False,VGC,2026-09-28T20:47:52,,419,1,4,0,0,8,1,0,1,0,0,0,0,False,False,False
https://replay.pokemonshowdown.com/gen9vgc2026regibo3-2576974528-508a9tyd53e3ix73sb0q4777xpd5mutpw,ok,p1,labiamg,Urshifu-Rapid-Strike,Aqua Jet; Close Combat; Surging Strikes; U-turn,Unseen Fist,Choice Scarf,Water,False,VGC,2026-09-28T20:47:52,,419,1,4,0,0,8,1,0,1,0,0,0,0,False,False,False
https://replay.pokemonshowdown.com/gen9vgc2026regibo3-2576974528-508a9tyd53e3ix73sb0q4777xpd5mutpw,ok,p2,bloodycheese,Miraidon,Dazzling Gleam; Draco Meteor; Electro Drift; Volt Switch,Hadron Engine,Choice Specs,Fairy,True,VGC,2026-09-28T20:47:52,,419,4,1,0,0,8,0,1,0,1,1,0,0,True,False,True
https://replay.pokemonshowdown.com/gen9vgc2026regibo3-2576974528-508a9tyd53e3ix73sb0q4777xpd5mutpw,ok,p2,bloodycheese,Lunala,Moongeist Beam; Psyshock; Trick Room; Wide Guard,Shadow Shield,Electric Seed,Water,True,VGC,2026-09-28T20:47:52,,419,4,1,0,0,8,0,1,0,1,1,0,0,False,False,False
https://replay.pokemonshowdown.com/gen9vgc2026regibo3-2576974528-508a9tyd53e3ix73sb0q4777xpd5mutpw,ok,p2,bloodycheese,Whimsicott,Encore; Light Screen; Moonblast; Tailwind,Prankster,Covert Cloak,Dark,True,VGC,2026-09-28T20:47:52,,419,4,1,0,0,8,0,1,0,1,1,0,0,False,False,False
https://replay.pokemonshowdown.com/gen9vgc2026regibo3-2576974528-508a9tyd53e3ix73sb0q4777xpd5mutpw,ok,p2,bloodycheese,Chi-Yu,Dark Pulse; Heat Wave; Overheat; Snarl,Beads of Ruin,Choice Scarf,Ghost,True,VGC,2026-09-28T20:47:52,,419,4,1,0,0,8,0,1,0,1,1,0,0,False,False,False
https://replay.pokemonshowdown.com/gen9vgc2026regibo3-2576974528-508a9tyd53e3ix73sb0q4777xpd5mutpw,ok,p2,bloodycheese,Urshifu-*,,,,,True,VGC,2026-09-28T20:47:52,,419,4,1,0,0,8,0,1,0,1,1,0,0,False,False,False
https://replay.pokemonshowdown.com/gen9vgc2026regibo3-2576974528-508a9tyd53e3ix73sb0q4777xpd5mutpw,ok,p2,bloodycheese,Iron Hands,Drain Punch; Fake Out; Heavy Slam; Low Kick,Quark Drive,Assault Vest,Water,True,VGC,2026-09-28T20:47:52,,419,4,1,0,0,8,0,1,0,1,1,0,0,False,False,False
https://replay.pokemonshowdown.com/gen9vgc2026regibo3-2576974528-508a9tyd53e3ix73sb0q4777xpd5mutpw,ok,p2,bloodycheese,Urshifu-Rapid-Strike,Aqua Jet; Close Combat; Detect; Surging Strikes,Unseen Fist,Focus Sash,Stellar,True,VGC,2026-09-28T20:47:52,,419,4,1,0,0,8,0,1,0,1,1,0,0,False,False,False
https://replay.pokemonshowdown.com/gen9vgc2026regibo3-2600088568-lopmguoj0tmrh6b64wheinbiqunbdohpw,ok,p1,Bloody cheese,Miraidon,Dazzling Gleam; Draco Meteor; Electro Drift; Volt Switch,Hadron Engine,Choice Specs,Fairy,True,VGC,2026-09-28T20:47:53,,247,4,0,1,0,7,5,0,0,1,0,0,0,True,False,True
https://replay.pokemonshowdown.com/gen9vgc2026regibo3-2600088568-lopmguoj0tmrh6b64wheinbiqunbdohpw,ok,p1,Bloody cheese,Lunala,Moongeist Beam; Psyshock; Trick Room; Wide Guard,Shadow Shield,Electric Seed,Water,True,VGC,2026-09-28T20:47:53,,247,4,0,1,0,7,5,0,0,1,0,0,0,False,False,False
https://replay.pokemonshowdown.com/gen9vgc2026regibo3-2600088568-lopmguoj0tmrh6b64wheinbiqunbdohpw,ok,p1,Bloody cheese,Whimsicott,Encore; Light Screen; Moonblast; Tailwind,Prankster,Covert Cloak,Dark,True,VGC,2026-09-28T20:47:53,,247,4,0,1,0,7,5,0,0,1,0,0,0,False,False,False
https://replay.pokemonshowdown.com/gen9vgc2026regibo3-2600088568-lopmguoj0tmrh6b64wheinbiqunbdohpw,ok,p1,Bloody cheese,Chi-Yu,Dark Pulse; Heat Wave; Overheat; Snarl,Beads of Ruin,Choice Scarf,Ghost,True,VGC,2026-09-28T20:47:53,,247,4,0,1,0,7,5,0,0,1,0,0,0,False,False,False
https://replay.pokemonshowdown.com/gen9vgc2026regibo3-2600088568-lopmguoj0tmrh6b64wheinbiqunbdohpw,ok,p1,Bloody cheese,Urshifu-*,,,,,True,VGC,2026-09-28T20:47:53,,247,4,0,1,0,7,5,0,0,1,0,0,0,False,False,False
https://replay.pokemonshowdown.com/gen9vgc2026regibo3-2600088568-lopmguoj0tmrh6b64wheinbiqunbdohpw,ok,p1,Bloody cheese,Iron Hands,Drain Punch; Fake Out; Heavy Slam; Low Kick,Quark Drive,Assault Vest,Water,True,VGC,2026-09-28T20:47:53,,247,4,0,1,0,7,5,0,0,1,0,0,0,False,False,False
https://replay.pokemonshowdown.com/gen9vgc2026regibo3-2600088568-lopmguoj0tmrh6b64wheinbiqunbdohpw,ok,p1,Bloody cheese,Urshifu-Rapid-Strike,Aqua Jet; Close Combat; Detect; Surging Strikes,Unseen Fist,Focus Sash,Stellar,True,VGC,2026-09-28T20:47:53,,247,4,0,1,0,7,5,0,0,1,0,0,0,False,False,False
https://replay.pokemonshowdown.com/gen9vgc2026regibo3-2600088568-lopmguoj0tmrh6b64wheinbiqunbdohpw,ok,p2,ELIASVE727827,Amoonguss,Pollen Puff; Protect; Rage Powder; Spore,Regenerator,Rocky Helmet,Dark,False,VGC,2026-09-28T20:47:53,,247,0,4,0,1,7,0,2,1,0,1,0,0,False,False,False
https://replay.pokemonshowdown.com/gen9vgc2026regibo3-2600088568-lopmguoj0tmrh6b64wheinbiqunbdohpw,ok,p2,ELIASVE727827,Calyrex-Ice,Glacial Lance; Leech Seed; Protect; Trick Room,As One; As One Glastrier; Unnerve,Leftovers,Fairy,False,VGC,2026-09-28T20:47:53,Calyrex,247,0,4,0,1,7,0,2,1,0,1,0,0,False,False,False
https://replay.pokemonshowdown.com/gen9vgc2026regibo3-2600088568-lopmguoj0tmrh6b64wheinbiqunbdohpw,ok,p2,ELIASVE727827,Kyogre,Hydro Pump; Origin Pulse; Protect; Water Spout,Drizzle,Mystic Water,Grass,False,VGC,2026-09-28T20:47:53,,247,0,4,0,1,7,0,2,1,0,1,0,0,False,False,False
https://replay.pokemonshowdown.com/gen9vgc2026regibo3-2600088568-lopmguoj0tmrh6b64wheinbiqunbdohpw,ok,p2,ELIASVE727827,Grimmsnarl,Light Screen; Reflect; Spirit Break; Sucker Punch,Prankster,Light Clay,Ghost,False,VGC,2026-09-28T20:47:53,,247,0,4,0,1,7,0,2,1,0,1,0,0,True,False,False
https://replay.pokemonshowdown.com/gen9vgc2026regibo3-2600088568-lopmguoj0tmrh6b64wheinbiqunbdohpw,ok,p2,ELIASVE727827,Flutter Mane,Icy Wind; Moonblast; Shadow Ball; Taunt,Protosynthesis,Focus Sash,Fairy,False,VGC,2026-09-28T20:47:53,,247,0,4,0,1,7,0,2,1,0,1,0,0,False,False,False
https://replay.pokemonshowdown.com/gen9vgc2026regibo3-2600088568-lopmguoj0tmrh6b64wheinbiqunbdohpw,ok,p2,ELIASVE727827,Basculegion,Aqua Jet; Last Respects; Protect; Wave Crash,Swift Swim,Life Orb,Ghost,False,VGC,2026-09-28T20:47:53,,247,0,4,0,1,7,0,2,1,0,1,0,0,False,False,False
https://replay.pokemonshowdown.com/gen9vgc2026regibo3-2612157675-pskko0c645kxsak9xcqnbh8xc7tevx2pw,ok,p1,bloodycheese,Miraidon,Dazzling Gleam; Draco Meteor; Electro Drift; Volt Switch,Hadron Engine,Choice Specs,Fairy,False,VGC,2026-09-28T20:47:53,,781,2,4,1,0,9,0,2,0,1,0,0,0,True,False,False
https://replay.pokemonshowdown.com/gen9vgc2026regibo3-2612157675-pskko0c645kxsak9xcqnbh8xc7tevx2pw,ok,p1,bloodycheese,Lunala,Moongeist Beam; Psyshock; Trick Room; Wide Guard,Shadow Shield,Electric Seed,Water,False,VGC,2026-09-28T20:47:53,,781,2,4,1,0,9,0,2,0,1,0,0,0,False,False,False
https://replay.pokemonshowdown.com/gen9vgc2026regibo3-2612157675-pskko0c645kxsak9xcqnbh8xc7tevx2pw,ok,p1,bloodycheese,Whimsicott,Encore; Light Screen; Moonblast; Tailwind,Prankster,Covert Cloak,Dark,False,VGC,2026-09-28T20:47:53,,781,2,4,1,0,9,0,2,0,1,0,0,0,False,False,False
https://replay.pokemonshowdown.com/gen9vgc2026regibo3-2612157675-pskko0c645kxsak9xcqnbh8xc7tevx2pw,ok,p1,bloodycheese,Chi-Yu,Dark Pulse; Heat Wave; Overheat; Snarl,Beads of Ruin,Choice Scarf,Ghost,False,VGC,2026-09-28T20:47:53,,781,2,4,1,0,9,0,2,0,1,0,0,0,False,False,True
https://replay.pokemonshowdown.com/gen9vgc2026regibo3-2612157675-pskko0c645kxsak9xcqnbh8xc7tevx2pw,ok,p1,bloodycheese,Urshifu-*,,,,,False,VGC,2026-09-28T20:47:53,,781,2,4,1,0,9,0,2,0,1,0,0,0,False,False,False
https://replay.pokemonshowdown.com/gen9vgc2026regibo3-2612157675-pskko0c645kxsak9xcqnbh8xc7tevx2pw,ok,p1,bloodycheese,Iron Hands,Drain Punch; Fake Out; Heavy Slam; Low Kick,Quark Drive,Assault Vest,Water,False,VGC,2026-09-28T20:47:53,,781,2,4,1,0,9,0,2,0,1,0,0,0,False,False,False
https://replay.pokemonshowdown.com/gen9vgc2026regibo3-2612157675-pskko0c645kxsak9xcqnbh8xc7tevx2pw,ok,p1,bloodycheese,Urshifu-Rapid-Strike,Aqua Jet; Close Combat; Detect; Surging Strikes,Unseen Fist,Focus Sash,Stellar,False,VGC,2026-09-28T20:47:53,,781,2,4,1,0,9,0,2,0,1,0,0,0,False,False,False
https://replay.pokemonshowdown.com/gen9vgc2026regibo3-2612157675-pskko0c645kxsak9xcqnbh8xc7tevx2pw,ok,p2,VelascoAlvarado,Zamazenta-*,,,,,True,VGC,2026-09-28T20:47:53,,781,4,2,0,1,9,1,4,0,7,0,0,0,False,False,False
https://replay.pokemonshowdown.com/gen9vgc2026regibo3-2612157675-pskko0c645kxsak9xcqnbh8xc7tevx2pw,ok,p2,VelascoAlvarado,Calyrex-Shadow,Astral Barrage; Nasty Plot; Protect; Psychic,As One; As One Spectrier; Grim Neigh; Unnerve,Life Orb,Dark,True,VGC,2026-09-28T20:47:53,Calyrex,781,4,2,0,1,9,1,4,0,7,0,0,0,True,False,True
https://replay.pokemonshowdown.com/gen9vgc2026regibo3-2612157675-pskko0c645kxsak9xcqnbh8xc7tevx2pw,ok,p2,VelascoAlvarado,Incineroar,Fake Out; Flare Blitz; Knock Off; Parting Shot,Intimidate,Safety Goggles,Bug,True,VGC,2026-09-28T20:47:53,,781,4,2,0,1,9,1,4,0,7,0,0,0,False,False,False
https://replay.pokemonshowdown.com/gen9vgc2026regibo3-2612157675-pskko0c645kxsak9xcqnbh8xc7tevx2pw,ok,p2,VelascoAlvarado,Raging Bolt,Draco Meteor; Protect; Thunderbolt; Thunderclap,Protosynthesis,Booster Energy,Electric,True,VGC,2026-09-28T20:47:53,,781,4,2,0,1,9,1,4,0,7,0,0,0,False,False,False
https://replay.pokemonshowdown.com/gen9vgc2026regibo3-2612157675-pskko0c645kxsak9xcqnbh8xc7tevx2pw,ok,p2,VelascoAlvarado,Rillaboom,Fake Out; Grassy Glide; U-turn; Wood Hammer,Grassy Surge,Assault Vest,Fire,True,VGC,2026-09-28T20:47:53,,781,4,2,0,1,9,1,4,0,7,0,0,0,False,False,False
https://replay.pokemonshowdown.com/gen9vgc2026regibo3-2612157675-pskko0c645kxsak9xcqnbh8xc7tevx2pw,ok,p2,VelascoAlvarado,Smeargle,Fake Out; Follow Me; Spore; Wide Guard,Moody,Focus Sash,Ghost,True,VGC,2026-09-28T20:47:53,,781,4,2,0,1,9,1,4,0,7,0,0,0,False,False,False
https://replay.pokemonshowdown.com/gen9vgc2026regibo3-2612157675-pskko0c645kxsak9xcqnbh8xc7tevx2pw,ok,p2,VelascoAlvarado,Zamazenta-Crowned,Body Press; Heavy Slam; Protect; Wide Guard,Dauntless Shield,Rusted Shield,Water,True,VGC,2026-09-28T20:47:53,Zamazenta,781,4,2,0,1,9,1,4,0,7,0,0,0,False,False,False
https://replay.pokemonshowdown.com/gen9nationaldexmonotype-2602252914-hgccn1fhm4nud0lmovv54agsl47obblpw,ok,p1,labiamg,Dondozo,,,,,True,NAT DEX MONOTYPE,2026-09-28T20:47:54,,380,6,2,0,0,23,8,0,0,3,1,0,0,False,False,False
https://replay.pokemonshowdown.com/gen9nationaldexmonotype-2602252914-hgccn1fhm4nud0lmovv54agsl47obblpw,ok,p1,labiamg,Ogerpon-Wellspring,Horn Leech; Knock Off; Zen Headbutt,,,,True,NAT DEX MONOTYPE,2026-09-28T20:47:54,Ogerpon,380,6,2,0,0,23,8,0,0,3,1,0,0,False,False,False
https://replay.pokemonshowdown.com/gen9nationaldexmonotype-2602252914-hgccn1fhm4nud0lmovv54agsl47obblpw,ok,p1,labiamg,Rotom-Wash,Reflect; Volt Switch,,,,True,NAT DEX MONOTYPE,2026-09-28T20:47:54,Rotom,380,6,2,0,0,23,8,0,0,3,1,0,0,False,False,False
https://replay.pokemonshowdown.com/gen9nationaldexmonotype-2602252914-hgccn1fhm4nud0lmovv54agsl47obblpw,ok,p1,labiamg,Araquanid,Sticky Web,,,,True,NAT DEX MONOTYPE,2026-09-28T20:47:54,,380,6,2,0,0,23,8,0,0,3,1,0,0,True,False,False
https://replay.pokemonshowdown.com/gen9nationaldexmonotype-2602252914-hgccn1fhm4nud0lmovv54agsl47obblpw,ok,p1,labiamg,Greninja-*,,,,,True,NAT DEX MONOTYPE,2026-09-28T20:47:54,,380,6,2,0,0,23,8,0,0,3,1,0,0,False,False,False
https://replay.pokemonshowdown.com/gen9nationaldexmonotype-2602252914-hgccn1fhm4nud0lmovv54agsl47obblpw,ok,p1,labiamg,Slowbro,Counter; Psychic; Thunder Wave,,,,True,NAT DEX MONOTYPE,2026-09-28T20:47:54,,380,6,2,0,0,23,8,0,0,3,1,0,0,False,True,False
https://replay.pokemonshowdown.com/gen9nationaldexmonotype-2602252914-hgccn1fhm4nud0lmovv54agsl47obblpw,ok,p2,bloodycheese,Ludicolo,,,,,False,NAT DEX MONOTYPE,2026-09-28T20:47:54,,380,2,6,0,0,23,2,5,0,2,2,0,0,False,False,False
https://replay.pokemonshowdown.com/gen9nationaldexmonotype-2602252914-hgccn1fhm4nud0lmovv54agsl47obblpw,ok,p2,bloodycheese,Toxapex,Knock Off; Toxic,,Leftovers,,False,NAT DEX MONOTYPE,2026-09-28T20:47:54,,380,2,6,0,0,23,2,5,0,2,2,0,0,False,False,False
https://replay.pokemonshowdown.com/gen9nationaldexmonotype-2602252914-hgccn1fhm4nud0lmovv54agsl47obblpw,ok,p2,bloodycheese,Rotom-Wash,Thunderbolt; Will-O-Wisp,,Leftovers,,False,NAT DEX MONOTYPE,2026-09-28T20:47:54,Rotom,380,2,6,0,0,23,2,5,0,2,2,0,0,True,False,False
https://replay.pokemonshowdown.com/gen9nationaldexmonotype-2602252914-hgccn1fhm4nud0lmovv54agsl47obblpw,ok,p2,bloodycheese,Quaquaval,Aqua Step; Brave Bird,,,,False,NAT DEX MONOTYPE,2026-09-28T20:47:54,,380,2,6,0,0,23,2,5,0,2,2,0,0,False,False,False
https://replay.pokemonshowdown.com/gen9nationaldexmonotype-2602252914-hgccn1fhm4nud0lmovv54agsl47obblpw,ok,p2,bloodycheese,Samurott-Hisui,Ceaseless Edge; Sucker Punch,,,,False,NAT DEX MONOTYPE,2026-09-28T20:47:54,Samurott,380,2,6,0,0,23,2,5,0,2,2,0,0,False,False,False
https://replay.pokemonshowdown.com/gen9nationaldexmonotype-2602252914-hgccn1fhm4nud0lmovv54agsl47obblpw,ok,p2,bloodycheese,Ogerpon-Wellspring,,,,,False,NAT DEX MONOTYPE,2026-09-28T20:47:54,Ogerpon,380,2,6,0,0,23,2,5,0,2,2,0,0,False,False,False
https://replay.pokemonshowdown.com/gen9nationaldexmonotype-2629570343-6p1b1nogwub2f328ar7hryxkuynp1sqpw,ok,p1,ricomam,Greninja-*,,,,,True,NAT DEX MONOTYPE,2026-09-28T20:47:55,,471,6,4,1,0,23,10,0,0,0,1,0,0,False,False,False
https://replay.pokemonshowdown.com/gen9nationaldexmonotype-2629570343-6p1b1nogwub2f328ar7hryxkuynp1sqpw,ok,p1,ricomam,Gyarados,Crunch,Intimidate; Mold Breaker,,,True,NAT DEX MONOTYPE,2026-09-28T20:47:55,Diavlo,471,6,4,1,0,23,10,0,0,0,1,0,0,False,True,False
https://replay.pokemonshowdown.com/gen9nationaldexmonotype-2629570343-6p1b1nogwub2f328ar7hryxkuynp1sqpw,ok,p1,ricomam,Lanturn,Thunder Wave; Thunderbolt; Volt Switch,,Rindo Berry,,True,NAT DEX MONOTYPE,2026-09-28T20:47:55,Lanty-Z,471,6,4,1,0,23,10,0,0,0,1,0,0,False,False,False
https://replay.pokemonshowdown.com/gen9nationaldexmonotype-2629570343-6p1b1nogwub2f328ar7hryxkuynp1sqpw,ok,p1,ricomam,Tentacruel,Giga Drain,,,,True,NAT DEX MONOTYPE,2026-09-28T20:47:55,Tentacoollin,471,6,4,1,0,23,10,0,0,0,1,0,0,False,False,False
https://replay.pokemonshowdown.com/gen9nationaldexmonotype-2629570343-6p1b1nogwub2f328ar7hryxkuynp1sqpw,ok,p1,ricomam,Lapras,Freeze-Dry,,Rindo Berry,,True,NAT DEX MONOTYPE,2026-09-28T20:47:55,Davarvini Guccinni,471,6,4,1,0,23,10,0,0,0,1,0,0,True,False,False
https://replay.pokemonshowdown.com/gen9nationaldexmonotype-2629570343-6p1b1nogwub2f328ar7hryxkuynp1sqpw,ok,p1,ricomam,Starmie,Thunderbolt,,,,True,NAT DEX MONOTYPE,2026-09-28T20:47:55,Krys,471,6,4,1,0,23,10,0,0,0,1,0,0,False,False,False
https://replay.pokemonshowdown.com/gen9nationaldexmonotype-2629570343-6p1b1nogwub2f328ar7hryxkuynp1sqpw,ok,p2,Bloody cheese,Dondozo,Body Press,,,,False,NAT DEX MONOTYPE,2026-09-28T20:47:55,,471,4,6,0,1,23,7,0,0,4,2,0,0,False,False,False
https://replay.pokemonshowdown.com/gen9nationaldexmonotype-2629570343-6p1b1nogwub2f328ar7hryxkuynp1sqpw,ok,p2,Bloody cheese,Ogerpon-Wellspring,Horn Leech,,,,False,NAT DEX MONOTYPE,2026-09-28T20:47:55,Ogerpon,471,4,6,0,1,23,7,0,0,4,2,0,0,False,False,False
https://replay.pokemonshowdown.com/gen9nationaldexmonotype-2629570343-6p1b1nogwub2f328ar7hryxkuynp1sqpw,ok,p2,Bloody cheese,Rotom-Wash,Dark Pulse; Light Screen,,,,False,NAT DEX MONOTYPE,2026-09-28T20:47:55,Rotom,471,4,6,0,1,23,7,0,0,4,2,0,0,True,False,False
https://replay.pokemonshowdown.com/gen9nationaldexmonotype-2629570343-6p1b1nogwub2f328ar7hryxkuynp1sqpw,ok,p2,Bloody cheese,Araquanid,Sticky Web; Trailblaze,,,,False,NAT DEX MONOTYPE,2026-09-28T20:47:55,,471,4,6,0,1,23,7,0,0,4,2,0,0,False,False,False
https://replay.pokemonshowdown.com/gen9nationaldexmonotype-2629570343-6p1b1nogwub2f328ar7hryxkuynp1sqpw,ok,p2,Bloody cheese,Greninja-*,,,,,False,NAT DEX MONOTYPE,2026-09-28T20:47:55,,471,4,6,0,1,23,7,0,0,4,2,0,0,False,False,False
https://replay.pokemonshowdown.com/gen9nationaldexmonotype-2629570343-6p1b1nogwub2f328ar7hryxkuynp1sqpw,ok,p2,Bloody cheese,Slowbro,Counter; Psychic; Thunder Wave,,,,False,NAT DEX MONOTYPE,2026-09-28T20:47:55,,471,4,6,0,1,23,7,0,0,4,2,0,0,False,True,False
https://replay.pokemonshowdown.com/gen3orrecolosseum-2593431225-44rs5c5k88lxtfwhtjs9kc1k27o0ykfpw,ok,p1,bloodycheese,Tyranitar,Crunch; Protect; Rock Slide; Thunder Wave,Sand Stream,Leftovers,,False,ORRE COLOSSEUM,2026-09-28T20:47:55,,321,3,4,1,0,8,3,0,0,0,0,0,0,False,False,False
https://replay.pokemonshowdown.com/gen3orrecolosseum-2593431225-44rs5c5k88lxtfwhtjs9kc1k27o0ykfpw,ok,p1,bloodycheese,Swampert,Earthquake; Hydro Pump; Icy Wind; Protect,Torrent,Shell Bell,,False,ORRE COLOSSEUM,2026-09-28T20:47:55,,321,3,4,1,0,8,3,0,0,0,0,0,0,False,False,False
https://replay.pokemonshowdown.com/gen3orrecolosseum-2593431225-44rs5c5k88lxtfwhtjs9kc1k27o0ykfpw,ok,p1,bloodycheese,Metagross,Earthquake; Explosion; Meteor Mash; Protect,Clear Body,Lum Berry,,False,ORRE COLOSSEUM,2026-09-28T20:47:55,Dagenius,321,3,4,1,0,8,3,0,0,0,0,0,0,False,False,False
https://replay.pokemonshowdown.com/gen3orrecolosseum-2593431225-44rs5c5k88lxtfwhtjs9kc1k27o0ykfpw,ok,p1,bloodycheese,Tauros,Double-Edge; Earthquake; Hidden Power Fighting; Return,Intimidate,Choice Band,,False,ORRE COLOSSEUM,2026-09-28T20:47:55,Daflash,321,3,4,1,0,8,3,0,0,0,0,0,0,True,False,False
https://replay.pokemonshowdown.com/gen3orrecolosseum-2593431225-44rs5c5k88lxtfwhtjs9kc1k27o0ykfpw,ok,p1,bloodycheese,Zapdos,Detect; Drill Peck; Hidden Power; Hidden Power Grass; Thunderbolt,Pressure,Magnet,,False,ORRE COLOSSEUM,2026-09-28T20:47:55,Daberserk,321,3,4,1,0,8,3,0,0,0,0,0,0,False,False,False
https://replay.pokemonshowdown.com/gen3orrecolosseum-2593431225-44rs5c5k88lxtfwhtjs9kc1k27o0ykfpw,ok,p1,bloodycheese,Latios,Dragon Claw; Protect; Psychic; Thunderbolt,Levitate,Cheri Berry,,False,ORRE COLOSSEUM,2026-09-28T20:47:55,Daprince,321,3,4,1,0,8,3,0,0,0,0,0,0,False,False,False
https://replay.pokemonshowdown.com/gen3orrecolosseum-2593431225-44rs5c5k88lxtfwhtjs9kc1k27o0ykfpw,ok,p2,Saga_57,Swampert,Earthquake; Hydro Pump; Icy Wind; Protect,Torrent,Shell Bell,,True,ORRE COLOSSEUM,2026-09-28T20:47:55,Dafrog,321,4,3,0,1,8,1,0,0,0,1,0,0,False,False,False
https://replay.pokemonshowdown.com/gen3orrecolosseum-2593431225-44rs5c5k88lxtfwhtjs9kc1k27o0ykfpw,ok,p2,Saga_57,Metagross,Earthquake; Explosion; Meteor Mash; Protect,Clear Body,Lum Berry,,True,ORRE COLOSSEUM,2026-09-28T20:47:55,Dagenius,321,4,3,0,1,8,1,0,0,0,1,0,0,False,False,False
https://replay.pokemonshowdown.com/gen3orrecolosseum-2593431225-44rs5c5k88lxtfwhtjs9kc1k27o0ykfpw,ok,p2,Saga_57,Tauros,Double-Edge; Earthquake; Hidden Power Ghost; Return,Intimidate,Choice Band,,True,ORRE COLOSSEUM,2026-09-28T20:47:55,Daflash,321,4,3,0,1,8,1,0,0,0,1,0,0,False,False,False
https://replay.pokemonshowdown.com/gen3orrecolosseum-2593431225-44rs5c5k88lxtfwhtjs9kc1k27o0ykfpw,ok,p2,Saga_57,Zapdos,Detect; Drill Peck; Hidden Power Grass; Thunderbolt,Pressure,Magnet,,True,ORRE COLOSSEUM,2026-09-28T20:47:55,Daberserk,321,4,3,0,1,8,1,0,0,0,1,0,0,True,False,False
https://replay.pokemonshowdown.com/gen3orrecolosseum-2593431225-44rs5c5k88lxtfwhtjs9kc1k27o0ykfpw,ok,p2,Saga_57,Latios,Dragon Claw; Protect; Psychic; Thunderbolt,Levitate,Cheri Berry,,True,ORRE COLOSSEUM,2026-09-28T20:47:55,,321,4,3,0,1,8,1,0,0,0,1,0,0,False,False,False
https://replay.pokemonshowdown.com/gen3orrecolosseum-2593431225-44rs5c5k88lxtfwhtjs9kc1k27o0ykfpw,ok,p2,Saga_57,Tyranitar,Crunch; Protect; Rock Slide; Thunder Wave,Sand Stream,Leftovers,,True,ORRE COLOSSEUM,2026-09-28T20:47:55,,321,4,3,0,1,8,1,0,0,0,1,0,0,False,False,False
https://replay.pokemonshowdown.com/gen9nationaldex-2593178591-5eesgl47l93x85mx2j58c84fek07k30pw,ok,p1,Chris FPS,Charizard,Dragon Claw; Dragon Dance; Roost,,,,False,NAT DEX,2026-09-28T20:47:56,Aikazard,819,5,6,3,5,34,3,5,0,6,3,0,0,False,True,False
https://replay.pokemonshowdown.com/gen9nationaldex-2593178591-5eesgl47l93x85mx2j58c84fek07k30pw,ok,p1,Chris FPS,Tauros,Body Slam; Rock Slide,,Life Orb,,False,NAT DEX,2026-09-28T20:47:56,Cara de Toro,819,5,6,3,5,34,3,5,0,6,3,0,0,True,False,False
https://replay.pokemonshowdown.com/gen9nationaldex-2593178591-5eesgl47l93x85mx2j58c84fek07k30pw,ok,p1,Chris FPS,Nidoking,Earth Power; Sludge Wave,,Life Orb,,False,NAT DEX,2026-09-28T20:47:56,Davalosking'er,819,5,6,3,5,34,3,5,0,6,3,0,0,False,False,False
https://replay.pokemonshowdown.com/gen9nationaldex-2593178591-5eesgl47l93x85mx2j58c84fek07k30pw,ok,p1,Chris FPS,Blastoise,Flip Turn; Scald,,,,False,NAT DEX,2026-09-28T20:47:56,BIGWOMANBLASTOIS,819,5,6,3,5,34,3,5,0,6,3,0,0,False,False,False
https://replay.pokemonshowdown.com/gen9nationaldex-2593178591-5eesgl47l93x85mx2j58c84fek07k30pw,ok,p1,Chris FPS,Persian-Alola,Foul Play; Knock Off; Z-Parting Shot,,,,False,NAT DEX,2026-09-28T20:47:56,Goldinni Alolinni,819,5,6,3,5,34,3,5,0,6,3,0,0,False,False,False
https://replay.pokemonshowdown.com/gen9nationaldex-2593178591-5eesgl47l93x85mx2j58c84fek07k30pw,ok,p1,Chris FPS,Jolteon,Hidden Power; Volt Switch,,,,False,NAT DEX,2026-09-28T20:47:56,Koxaxhín,819,5,6,3,5,34,3,5,0,6,3,0,0,False,False,False
https://replay.pokemonshowdown.com/gen9nationaldex-2593178591-5eesgl47l93x85mx2j58c84fek07k30pw,ok,p2,bloodycheese,Ninetales-Alola,Aurora Veil,,,,True,NAT DEX,2026-09-28T20:47:56,Ninetales,819,6,5,5,3,34,3,4,2,0,3,0,0,False,False,False
https://replay.pokemonshowdown.com/gen9nationaldex-2593178591-5eesgl47l93x85mx2j58c84fek07k30pw,ok,p2,bloodycheese,Dragonite,Earthquake,,,,True,NAT DEX,2026-09-28T20:47:56,,819,6,5,5,3,34,3,4,2,0,3,0,0,False,False,False
https://replay.pokemonshowdown.com/gen9nationaldex-2593178591-5eesgl47l93x85mx2j58c84fek07k30pw,ok,p2,bloodycheese,Slowbro,Scald,,,,True,NAT DEX,2026-09-28T20:47:56,,819,6,5,5,3,34,3,4,2,0,3,0,0,False,False,False
https://replay.pokemonshowdown.com/gen9nationaldex-2593178591-5eesgl47l93x85mx2j58c84fek07k30pw,ok,p2,bloodycheese,Moltres,Flamethrower,,,,True,NAT DEX,2026-09-28T20:47:56,,819,6,5,5,3,34,3,4,2,0,3,0,0,False,False,False
https://replay.pokemonshowdown.com/gen9nationaldex-2593178591-5eesgl47l93x85mx2j58c84fek07k30pw,ok,p2,bloodycheese,Beedrill,U-turn,,,,True,NAT DEX,2026-09-28T20:47:56,,819,6,5,5,3,34,3,4,2,0,3,0,0,True,True,False
https://replay.pokemonshowdown.com/gen9nationaldex-2593178591-5eesgl47l93x85mx2j58c84fek07k30pw,ok,p2,bloodycheese,Muk-Alola,Gunk Shot; Knock Off,,Assault Vest,,True,NAT DEX,2026-09-28T20:47:56,Muk,819,6,5,5,3,34,3,4,2,0,3,0,0,False,False,False
https://replay.pokemonshowdown.com/gen9nationaldex-2603629308-249bcdyrfxg4s4v42hokwacignd8a0hpw,ok,p1,bloodycheese,Tyranitar,Earthquake; Pursuit,,,,True,NAT DEX,2026-09-28T20:47:57,,638,6,1,1,0,24,3,3,2,3,0,0,0,False,False,False
https://replay.pokemonshowdown.com/gen9nationaldex-2603629308-249bcdyrfxg4s4v42hokwacignd8a0hpw,ok,p1,bloodycheese,Slowking,Future Sight; Scald; Teleport; Toxic,,,,True,NAT DEX,2026-09-28T20:47:57,,638,6,1,1,0,24,3,3,2,3,0,0,0,False,False,False
https://replay.pokemonshowdown.com/gen9nationaldex-2603629308-249bcdyrfxg4s4v42hokwacignd8a0hpw,ok,p1,bloodycheese,Heracross,Earthquake; Knock Off,Moxie,,,True,NAT DEX,2026-09-28T20:47:57,,638,6,1,1,0,24,3,3,2,3,0,0,0,False,False,False
https://replay.pokemonshowdown.com/gen9nationaldex-2603629308-249bcdyrfxg4s4v42hokwacignd8a0hpw,ok,p1,bloodycheese,Scizor,U-turn,,,,True,NAT DEX,2026-09-28T20:47:57,,638,6,1,1,0,24,3,3,2,3,0,0,0,True,True,False
https://replay.pokemonshowdown.com/gen9nationaldex-2603629308-249bcdyrfxg4s4v42hokwacignd8a0hpw,ok,p1,bloodycheese,Raikou,,,,,True,NAT DEX,2026-09-28T20:47:57,,638,6,1,1,0,24,3,3,2,3,0,0,0,False,False,False
https://replay.pokemonshowdown.com/gen9nationaldex-2603629308-249bcdyrfxg4s4v42hokwacignd8a0hpw,ok,p1,bloodycheese,Skarmory,Stealth Rock,,Rocky Helmet,,True,NAT DEX,2026-09-28T20:47:57,,638,6,1,1,0,24,3,3,2,3,0,0,0,False,False,False
https://replay.pokemonshowdown.com/gen9nationaldex-2603629308-249bcdyrfxg4s4v42hokwacignd8a0hpw,ok,p2,joscake,Slowking-Galar,Future Sight,,,,False,NAT DEX,2026-09-28T20:47:57,Slowking,638,1,6,0,1,24,0,4,4,1,4,0,0,False,False,False
https://replay.pokemonshowdown.com/gen9nationaldex-2603629308-249bcdyrfxg4s4v42hokwacignd8a0hpw,ok,p2,joscake,Tyranitar,,,,,False,NAT DEX,2026-09-28T20:47:57,,638,1,6,0,1,24,0,4,4,1,4,0,0,False,False,False
https://replay.pokemonshowdown.com/gen9nationaldex-2603629308-249bcdyrfxg4s4v42hokwacignd8a0hpw,ok,p2,joscake,Scizor,U-turn,,,,False,NAT DEX,2026-09-28T20:47:57,,638,1,6,0,1,24,0,4,4,1,4,0,0,True,True,False
https://replay.pokemonshowdown.com/gen9nationaldex-2603629308-249bcdyrfxg4s4v42hokwacignd8a0hpw,ok,p2,joscake,Politoed,Perish Song; Weather Ball,,,,False,NAT DEX,2026-09-28T20:47:57,,638,1,6,0,1,24,0,4,4,1,4,0,0,False,False,False
https://replay.pokemonshowdown.com/gen9nationaldex-2603629308-249bcdyrfxg4s4v42hokwacignd8a0hpw,ok,p2,joscake,Raikou,Thunder,Pressure,,,False,NAT DEX,2026-09-28T20:47:57,,638,1,6,0,1,24,0,4,4,1,4,0,0,False,False,False
https://replay.pokemonshowdown.com/gen9nationaldex-2603629308-249bcdyrfxg4s4v42hokwacignd8a0hpw,ok,p2,joscake,Quagsire,Earthquake; Recover; Stealth Rock; Toxic,,Rocky Helmet,,False,NAT DEX,2026-09-28T20:47:57,,638,1,6,0,1,24,0,4,4,1,4,0,0,False,False,False
https://replay.pokemonshowdown.com/gen9nationaldex-2612198245-4og4twfr43ece3r24ygc1g4lhp5ky0opw,ok,p1,fur4nk0,Registeel,Earthquake; Heavy Slam; Stealth Rock; Thunder Wave,,,,True,NAT DEX,2026-09-28T20:47:57,BoeEeEEe,787,6,3,1,1,28,2,5,1,0,8,0,0,True,False,False
https://replay.pokemonshowdown.com/gen9nationaldex-2612198245-4og4twfr43ece3r24ygc1g4lhp5ky0opw,ok,p1,fur4nk0,Milotic,Flip Turn; Recover; Scald,,Heavy-Duty Boots,,True,NAT DEX,2026-09-28T20:47:57,Milokaross,787,6,3,1,1,28,2,5,1,0,8,0,0,False,False,False
https://replay.pokemonshowdown.com/gen9nationaldex-2612198245-4og4twfr43ece3r24ygc1g4lhp5ky0opw,ok,p1,fur4nk0,Salamence,Earthquake; Hurricane,Intimidate,,,True,NAT DEX,2026-09-28T20:47:57,Elijo Creer,787,6,3,1,1,28,2,5,1,0,8,0,0,False,False,False
https://replay.pokemonshowdown.com/gen9nationaldex-2612198245-4og4twfr43ece3r24ygc1g4lhp5ky0opw,ok,p1,fur4nk0,Blaziken,,,,,True,NAT DEX,2026-09-28T20:47:57,MásQueCharizard,787,6,3,1,1,28,2,5,1,0,8,0,0,False,False,False
https://replay.pokemonshowdown.com/gen9nationaldex-2612198245-4og4twfr43ece3r24ygc1g4lhp5ky0opw,ok,p1,fur4nk0,Crawdaunt,,,,,True,NAT DEX,2026-09-28T20:47:57,,787,6,3,1,1,28,2,5,1,0,8,0,0,False,False,False
https://replay.pokemonshowdown.com/gen9nationaldex-2612198245-4og4twfr43ece3r24ygc1g4lhp5ky0opw,ok,p1,fur4nk0,Gardevoir,Hyper Voice; Will-O-Wisp,Drizzle,,,True,NAT DEX,2026-09-28T20:47:57,Moirix,787,6,3,1,1,28,2,5,1,0,8,0,0,False,True,False
https://replay.pokemonshowdown.com/gen9nationaldex-2612198245-4og4twfr43ece3r24ygc1g4lhp5ky0opw,ok,p2,bloodycheese,Pelipper,,,,,False,NAT DEX,2026-09-28T20:47:57,,787,3,6,1,1,28,4,4,1,0,0,0,0,True,False,False
https://replay.pokemonshowdown.com/gen9nationaldex-2612198245-4og4twfr43ece3r24ygc1g4lhp5ky0opw,ok,p2,bloodycheese,Swampert,Flip Turn; Waterfall,,,,False,NAT DEX,2026-09-28T20:47:57,,787,3,6,1,1,28,4,4,1,0,0,0,0,False,True,False
https://replay.pokemonshowdown.com/gen9nationaldex-2612198245-4og4twfr43ece3r24ygc1g4lhp5ky0opw,ok,p2,bloodycheese,Latios,Luster Purge; Mystical Fire,,,,False,NAT DEX,2026-09-28T20:47:57,,787,3,6,1,1,28,4,4,1,0,0,0,0,False,False,False
https://replay.pokemonshowdown.com/gen9nationaldex-2612198245-4og4twfr43ece3r24ygc1g4lhp5ky0opw,ok,p2,bloodycheese,Breloom,,,,,False,NAT DEX,2026-09-28T20:47:57,,787,3,6,1,1,28,4,4,1,0,0,0,0,False,False,False
https://replay.pokemonshowdown.com/gen9nationaldex-2612198245-4og4twfr43ece3r24ygc1g4lhp5ky0opw,ok,p2,bloodycheese,Ludicolo,Rain Dance; Scald,,,,False,NAT DEX,2026-09-28T20:47:57,,787,3,6,1,1,28,4,4,1,0,0,0,0,False,False,False
https://replay.pokemonshowdown.com/gen9nationaldex-2612198245-4og4twfr43ece3r24ygc1g4lhp5ky0opw,ok,p2,bloodycheese,Metagross,Earthquake; Knock Off,,,,False,NAT DEX,2026-09-28T20:47:57,,787,3,6,1,1,28,4,4,1,0,0,0,0,False,False,False
https://replay.pokemonshowdown.com/gen9nationaldex-2618706780-f0w7idrrggnnlhwa0969bjl7jswb6srpw,ok,p1,Angello7796,Infernape,Close Combat; Flare Blitz; U-turn,,,,False,NAT DEX,2026-09-28T20:47:58,,719,5,6,1,0,26,7,1,0,2,1,0,0,False,False,False
https://replay.pokemonshowdown.com/gen9nationaldex-2618706780-f0w7idrrggnnlhwa0969bjl7jswb6srpw,ok,p1,Angello7796,Weavile,Black Hole Eclipse; Ice Shard,,,,False,NAT DEX,2026-09-28T20:47:58,,719,5,6,1,0,26,7,1,0,2,1,0,0,False,False,False
https://replay.pokemonshowdown.com/gen9nationaldex-2618706780-f0w7idrrggnnlhwa0969bjl7jswb6srpw,ok,p1,Angello7796,Manaphy,Energy Ball; Scald; Tail Glow,,Sitrus Berry,,False,NAT DEX,2026-09-28T20:47:58,,719,5,6,1,0,26,7,1,0,2,1,0,0,False,False,False
https://replay.pokemonshowdown.com/gen9nationaldex-2618706780-f0w7idrrggnnlhwa0969bjl7jswb6srpw,ok,p1,Angello7796,Magnezone,Volt Switch,,Air Balloon,,False,NAT DEX,2026-09-28T20:47:58,,719,5,6,1,0,26,7,1,0,2,1,0,0,False,False,False
https://replay.pokemonshowdown.com/gen9nationaldex-2618706780-f0w7idrrggnnlhwa0969bjl7jswb6srpw,ok,p1,Angello7796,Gallade,Ice Punch; Psycho Cut; Swords Dance,,,,False,NAT DEX,2026-09-28T20:47:58,,719,5,6,1,0,26,7,1,0,2,1,0,0,True,True,False
https://replay.pokemonshowdown.com/gen9nationaldex-2618706780-f0w7idrrggnnlhwa0969bjl7jswb6srpw,ok,p1,Angello7796,Garchomp,Stealth Rock,,,,False,NAT DEX,2026-09-28T20:47:58,,719,5,6,1,0,26,7,1,0,2,1,0,0,False,False,False
https://replay.pokemonshowdown.com/gen9nationaldex-2618706780-f0w7idrrggnnlhwa0969bjl7jswb6srpw,ok,p2,bloodycheese,Lopunny,U-turn,,,,True,NAT DEX,2026-09-28T20:47:58,,719,6,5,0,1,26,3,2,1,0,1,0,0,True,True,False
https://replay.pokemonshowdown.com/gen9nationaldex-2618706780-f0w7idrrggnnlhwa0969bjl7jswb6srpw,ok,p2,bloodycheese,Magnezone,,,Air Balloon,,True,NAT DEX,2026-09-28T20:47:58,,719,6,5,0,1,26,3,2,1,0,1,0,0,False,False,False
https://replay.pokemonshowdown.com/gen9nationaldex-2618706780-f0w7idrrggnnlhwa0969bjl7jswb6srpw,ok,p2,bloodycheese,Gastrodon,,,,,True,NAT DEX,2026-09-28T20:47:58,,719,6,5,0,1,26,3,2,1,0,1,0,0,False,False,False
https://replay.pokemonshowdown.com/gen9nationaldex-2618706780-f0w7idrrggnnlhwa0969bjl7jswb6srpw,ok,p2,bloodycheese,Tangrowth,Protect; Sludge Bomb,,,,True,NAT DEX,2026-09-28T20:47:58,,719,6,5,0,1,26,3,2,1,0,1,0,0,False,False,False
https://replay.pokemonshowdown.com/gen9nationaldex-2618706780-f0w7idrrggnnlhwa0969bjl7jswb6srpw,ok,p2,bloodycheese,Manaphy,Surf,,,,True,NAT DEX,2026-09-28T20:47:58,,719,6,5,0,1,26,3,2,1,0,1,0,0,False,False,False
https://replay.pokemonshowdown.com/gen9nationaldex-2618706780-f0w7idrrggnnlhwa0969bjl7jswb6srpw,ok,p2,bloodycheese,Hippowdon,Earthquake; Ice Fang; Toxic,,,,True,NAT DEX,2026-09-28T20:47:58,,719,6,5,0,1,26,3,2,1,0,1,0,0,False,False,False
https://replay.pokemonshowdown.com/gen9nationaldex-2625925302-fkr9eiq6450x2yry6n1q36bohhdmeixpw,ok,p1,Sasori07,Mandibuzz,Defog; Roost; Toxic,,,,True,NAT DEX,2026-09-28T20:47:59,,647,6,5,0,1,39,5,6,0,2,9,0,0,True,False,False
https://replay.pokemonshowdown.com/gen9nationaldex-2625925302-fkr9eiq6450x2yry6n1q36bohhdmeixpw,ok,p1,Sasori07,Terrakion,Earthquake,,,,True,NAT DEX,2026-09-28T20:47:59,,647,6,5,0,1,39,5,6,0,2,9,0,0,False,False,False
https://replay.pokemonshowdown.com/gen9nationaldex-2625925302-fkr9eiq6450x2yry6n1q36bohhdmeixpw,ok,p1,Sasori07,Jellicent,Hex; Recover; Scald; Toxic,,,,True,NAT DEX,2026-09-28T20:47:59,,647,6,5,0,1,39,5,6,0,2,9,0,0,False,False,False
https://replay.pokemonshowdown.com/gen9nationaldex-2625925302-fkr9eiq6450x2yry6n1q36bohhdmeixpw,ok,p1,Sasori07,Serperior,Giga Drain; Hidden Power; Leaf Storm; Substitute,,Leftovers,,True,NAT DEX,2026-09-28T20:47:59,,647,6,5,0,1,39,5,6,0,2,9,0,0,False,False,False
https://replay.pokemonshowdown.com/gen9nationaldex-2625925302-fkr9eiq6450x2yry6n1q36bohhdmeixpw,ok,p1,Sasori07,Bisharp,Sucker Punch,,,,True,NAT DEX,2026-09-28T20:47:59,,647,6,5,0,1,39,5,6,0,2,9,0,0,False,False,False
https://replay.pokemonshowdown.com/gen9nationaldex-2625925302-fkr9eiq6450x2yry6n1q36bohhdmeixpw,ok,p1,Sasori07,Emboar,Close Combat; Flare Blitz; Sucker Punch,,,,True,NAT DEX,2026-09-28T20:47:59,,647,6,5,0,1,39,5,6,0,2,9,0,0,False,False,False
https://replay.pokemonshowdown.com/gen9nationaldex-2625925302-fkr9eiq6450x2yry6n1q36bohhdmeixpw,ok,p2,bloodycheese,Serperior,Glare; Hidden Power; Leaf Storm,,,,False,NAT DEX,2026-09-28T20:47:59,,647,5,6,1,0,39,1,9,0,9,8,0,0,False,False,False
https://replay.pokemonshowdown.com/gen9nationaldex-2625925302-fkr9eiq6450x2yry6n1q36bohhdmeixpw,ok,p2,bloodycheese,Samurott-Hisui,Ceaseless Edge,,,,False,NAT DEX,2026-09-28T20:47:59,Samurott,647,5,6,1,0,39,1,9,0,9,8,0,0,True,False,False
https://replay.pokemonshowdown.com/gen9nationaldex-2625925302-fkr9eiq6450x2yry6n1q36bohhdmeixpw,ok,p2,bloodycheese,Ferrothorn,Knock Off; Leech Seed; Protect; Thunder Wave,,,,False,NAT DEX,2026-09-28T20:47:59,,647,5,6,1,0,39,1,9,0,9,8,0,0,False,False,False
https://replay.pokemonshowdown.com/gen9nationaldex-2625925302-fkr9eiq6450x2yry6n1q36bohhdmeixpw,ok,p2,bloodycheese,Alomomola,Flip Turn; Mirror Coat; Scald,,,,False,NAT DEX,2026-09-28T20:47:59,,647,5,6,1,0,39,1,9,0,9,8,0,0,False,False,False
https://replay.pokemonshowdown.com/gen9nationaldex-2625925302-fkr9eiq6450x2yry6n1q36bohhdmeixpw,ok,p2,bloodycheese,Kyurem,Dragon Dance; Icicle Spear; Rock Slide; Scale Shot,Pressure,,,False,NAT DEX,2026-09-28T20:47:59,,647,5,6,1,0,39,1,9,0,9,8,0,0,False,False,False
https://replay.pokemonshowdown.com/gen9nationaldex-2625925302-fkr9eiq6450x2yry6n1q36bohhdmeixpw,ok,p2,bloodycheese,Volcarona,Fiery Dance; Flamethrower; Quiver Dance,,,,False,NAT DEX,2026-09-28T20:47:59,,647,5,6,1,0,39,1,9,0,9,8,0,0,False,False,False
https://replay.pokemonshowdown.com/gen9nationaldex-2632181921-3uiuil33aykqd03cok0jt0j2sobxftfpw,ok,p1,Bloody cheese,Greninja-*,,,,,False,NAT DEX,2026-09-28T20:47:59,,552,1,6,1,0,21,2,4,0,7,1,0,0,False,False,False
https://replay.pokemonshowdown.com/gen9nationaldex-2632181921-3uiuil33aykqd03cok0jt0j2sobxftfpw,ok,p1,Bloody cheese,Chesnaught,Knock Off,,,,False,NAT DEX,2026-09-28T20:47:59,BoeeeEe,552,1,6,1,0,21,2,4,0,7,1,0,0,False,False,False
https://replay.pokemonshowdown.com/gen9nationaldex-2632181921-3uiuil33aykqd03cok0jt0j2sobxftfpw,ok,p1,Bloody cheese,Malamar,Superpower,,,,False,NAT DEX,2026-09-28T20:47:59,,552,1,6,1,0,21,2,4,0,7,1,0,0,False,False,False
https://replay.pokemonshowdown.com/gen9nationaldex-2632181921-3uiuil33aykqd03cok0jt0j2sobxftfpw,ok,p1,Bloody cheese,Florges,Calm Mind; Moonblast,,,,False,NAT DEX,2026-09-28T20:47:59,,552,1,6,1,0,21,2,4,0,7,1,0,0,False,False,False
https://replay.pokemonshowdown.com/gen9nationaldex-2632181921-3uiuil33aykqd03cok0jt0j2sobxftfpw,ok,p1,Bloody cheese,Volcanion,Scald,,,,False,NAT DEX,2026-09-28T20:47:59,,552,1,6,1,0,21,2,4,0,7,1,0,0,True,False,False
https://replay.pokemonshowdown.com/gen9nationaldex-2632181921-3uiuil33aykqd03cok0jt0j2sobxftfpw,ok,p1,Bloody cheese,Lopunny,Close Combat; Fake Out,,,,False,NAT DEX,2026-09-28T20:47:59,,552,1,6,1,0,21,2,4,0,7,1,0,0,False,True,False
https://replay.pokemonshowdown.com/gen9nationaldex-2632181921-3uiuil33aykqd03cok0jt0j2sobxftfpw,ok,p2,Caradecoso,Diancie,Diamond Storm; Draining Kiss; Flash Cannon,,,,True,NAT DEX,2026-09-28T20:47:59,,552,6,1,0,1,21,6,1,0,3,11,0,0,True,True,False
https://replay.pokemonshowdown.com/gen9nationaldex-2632181921-3uiuil33aykqd03cok0jt0j2sobxftfpw,ok,p2,Caradecoso,Greninja-*,,,,,True,NAT DEX,2026-09-28T20:47:59,,552,6,1,0,1,21,6,1,0,3,11,0,0,False,False,False
https://replay.pokemonshowdown.com/gen9nationaldex-2632181921-3uiuil33aykqd03cok0jt0j2sobxftfpw,ok,p2,Caradecoso,Diggersby,,,,,True,NAT DEX,2026-09-28T20:47:59,,552,6,1,0,1,21,6,1,0,3,11,0,0,False,False,False
https://replay.pokemonshowdown.com/gen9nationaldex-2632181921-3uiuil33aykqd03cok0jt0j2sobxftfpw,ok,p2,Caradecoso,Hawlucha,,,,,True,NAT DEX,2026-09-28T20:47:59,,552,6,1,0,1,21,6,1,0,3,11,0,0,False,False,False
https://replay.pokemonshowdown.com/gen9nationaldex-2632181921-3uiuil33aykqd03cok0jt0j2sobxftfpw,ok,p2,Caradecoso,Aegislash,Flash Cannon; King's Shield; Steel Beam,,Sitrus Berry,,True,NAT DEX,2026-09-28T20:47:59,,552,6,1,0,1,21,6,1,0,3,11,0,0,False,False,False
https://replay.pokemonshowdown.com/gen9nationaldex-2632181921-3uiuil33aykqd03cok0jt0j2sobxftfpw,ok,p2,Caradecoso,Goodra-Hisui,Acid Armor; Body Press; Dragon Tail,Gooey,,,True,NAT DEX,2026-09-28T20:47:59,Goodra,552,6,1,0,1,21,6,1,0,3,11,0,0,False,False,False
https://replay.pokemonshowdown.com/gen9vgc2026regibo3-2614849647-vo8c31tlbqawfp8a9oxtgcej6vd6jdopw,ok,p1,eibrajammaster69,Zacian-*,,,,,True,VGC,2026-09-28T20:48:00,,320,4,2,0,0,12,3,1,0,2,8,0,1,False,False,False
https://replay.pokemonshowdown.com/gen9vgc2026regibo3-2614849647-vo8c31tlbqawfp8a9oxtgcej6vd6jdopw,ok,p1,eibrajammaster69,Lunala,Meteor Beam; Moongeist Beam; Protect; Wide Guard,Shadow Shield,Power Herb,Fairy,True,VGC,2026-09-28T20:48:00,,320,4,2,0,0,12,3,1,0,2,8,0,1,False,False,True
https://replay.pokemonshowdown.com/gen9vgc2026regibo3-2614849647-vo8c31tlbqawfp8a9oxtgcej6vd6jdopw,ok,p1,eibrajammaster69,Urshifu-*,,,,,True,VGC,2026-09-28T20:48:00,,320,4,2,0,0,12,3,1,0,2,8,0,1,False,False,False
https://replay.pokemonshowdown.com/gen9vgc2026regibo3-2614849647-vo8c31tlbqawfp8a9oxtgcej6vd6jdopw,ok,p1,eibrajammaster69,Rillaboom,Drum Beating; Fake Out; Grassy Glide; U-turn,Grassy Surge,Assault Vest,Fire,True,VGC,2026-09-28T20:48:00,,320,4,2,0,0,12,3,1,0,2,8,0,1,True,False,False
https://replay.pokemonshowdown.com/gen9vgc2026regibo3-2614849647-vo8c31tlbqawfp8a9oxtgcej6vd6jdopw,ok,p1,eibrajammaster69,Incineroar,Fake Out; Flare Blitz; Knock Off; Parting Shot,Intimidate,Rocky Helmet,Water,True,VGC,2026-09-28T20:48:00,,320,4,2,0,0,12,3,1,0,2,8,0,1,False,False,False
https://replay.pokemonshowdown.com/gen9vgc2026regibo3-2614849647-vo8c31tlbqawfp8a9oxtgcej6vd6jdopw,ok,p1,eibrajammaster69,Tornadus,Bleakwind Storm; Protect; Rain Dance; Tailwind,Prankster,Covert Cloak,Dark,True,VGC,2026-09-28T20:48:00,,320,4,2,0,0,12,3,1,0,2,8,0,1,False,False,False
https://replay.pokemonshowdown.com/gen9vgc2026regibo3-2614849647-vo8c31tlbqawfp8a9oxtgcej6vd6jdopw,ok,p1,eibrajammaster69,Zacian-Crowned,Play Rough; Protect; Sacred Sword; behemothblade,Intrepid Sword,Rusted Sword,Water,True,VGC,2026-09-28T20:48:00,Zacian,320,4,2,0,0,12,3,1,0,2,8,0,1,False,False,False
https://replay.pokemonshowdown.com/gen9vgc2026regibo3-2614849647-vo8c31tlbqawfp8a9oxtgcej6vd6jdopw,ok,p1,eibrajammaster69,Urshifu-Rapid-Strike,Aqua Jet; Detect; Surging Strikes; Taunt,Unseen Fist,Focus Sash,Water,True,VGC,2026-09-28T20:48:00,,320,4,2,0,0,12,3,1,0,2,8,0,1,False,False,False
https://replay.pokemonshowdown.com/gen9vgc2026regibo3-2614849647-vo8c31tlbqawfp8a9oxtgcej6vd6jdopw,ok,p2,bloodycheese,Miraidon,Dazzling Gleam; Draco Meteor; Electro Drift; Volt Switch,Hadron Engine,Choice Specs,Fairy,False,VGC,2026-09-28T20:48:00,,320,2,4,0,0,12,0,0,0,1,9,0,0,True,False,False
https://replay.pokemonshowdown.com/gen9vgc2026regibo3-2614849647-vo8c31tlbqawfp8a9oxtgcej6vd6jdopw,ok,p2,bloodycheese,Lunala,Moongeist Beam; Psyshock; Trick Room; Wide Guard,Shadow Shield,Electric Seed,Water,False,VGC,2026-09-28T20:48:00,,320,2,4,0,0,12,0,0,0,1,9,0,0,False,False,False
https://replay.pokemonshowdown.com/gen9vgc2026regibo3-2614849647-vo8c31tlbqawfp8a9oxtgcej6vd6jdopw,ok,p2,bloodycheese,Whimsicott,Encore; Light Screen; Moonblast; Tailwind,Prankster,Covert Cloak,Dark,False,VGC,2026-09-28T20:48:00,,320,2,4,0,0,12,0,0,0,1,9,0,0,False,False,True
https://replay.pokemonshowdown.com/gen9vgc2026regibo3-2614849647-vo8c31tlbqawfp8a9oxtgcej6vd6jdopw,ok,p2,bloodycheese,Chi-Yu,Dark Pulse; Heat Wave; Overheat; Snarl,Beads of Ruin,Choice Scarf,Ghost,False,VGC,2026-09-28T20:48:00,,320,2,4,0,0,12,0,0,0,1,9,0,0,False,False,False
https://replay.pokemonshowdown.com/gen9vgc2026regibo3-2614849647-vo8c31tlbqawfp8a9oxtgcej6vd6jdopw,ok,p2,bloodycheese,Urshifu-*,,,,,False,VGC,2026-09-28T20:48:00,,320,2,4,0,0,12,0,0,0,1,9,0,0,False,False,False
https://replay.pokemonshowdown.com/gen9vgc2026regibo3-2614849647-vo8c31tlbqawfp8a9oxtgcej6vd6jdopw,ok,p2,bloodycheese,Iron Hands,Drain Punch; Fake Out; Heavy Slam; Low Kick,Quark Drive,Assault Vest,Water,False,VGC,2026-09-28T20:48:00,,320,2,4,0,0,12,0,0,0,1,9,0,0,False,False,False
https://replay.pokemonshowdown.com/gen9vgc2026regibo3-2614849647-vo8c31tlbqawfp8a9oxtgcej6vd6jdopw,ok,p2,bloodycheese,Urshifu-Rapid-Strike,Aqua Jet; Close Combat; Detect; Surging Strikes,Unseen Fist,Focus Sash,Stellar,False,VGC,2026-09-28T20:48:00,,320,2,4,0,0,12,0,0,0,1,9,0,0,False,False,False
https://replay.pokemonshowdown.com/gen9championsvgc2026regmabo3-2619480250-2ifdqxpx02mrmo8ugl9itdys2agfejhpw,ok,p1,bloodycheese,Sneasler,Close Combat; Dire Claw; Fake Out; Protect,Unburden,White Herb,,False,CHAMPIONS,2026-09-28T20:48:01,,307,3,4,0,1,7,2,2,1,0,0,0,1,False,False,False
https://replay.pokemonshowdown.com/gen9championsvgc2026regmabo3-2619480250-2ifdqxpx02mrmo8ugl9itdys2agfejhpw,ok,p1,bloodycheese,Charizard,Heat Wave; Protect; Solar Beam; Weather Ball,Blaze,Charizardite Y,,False,CHAMPIONS,2026-09-28T20:48:01,,307,3,4,0,1,7,2,2,1,0,0,0,1,False,True,False
https://replay.pokemonshowdown.com/gen9championsvgc2026regmabo3-2619480250-2ifdqxpx02mrmo8ugl9itdys2agfejhpw,ok,p1,bloodycheese,Basculegion,Aqua Jet; Flip Turn; Last Respects; Wave Crash,Adaptability,Choice Scarf,,False,CHAMPIONS,2026-09-28T20:48:01,,307,3,4,0,1,7,2,2,1,0,0,0,1,False,False,False
https://replay.pokemonshowdown.com/gen9championsvgc2026regmabo3-2619480250-2ifdqxpx02mrmo8ugl9itdys2agfejhpw,ok,p1,bloodycheese,Kleavor,Protect; Rock Slide; Stone Axe; U-turn,Sharpness,Focus Sash,,False,CHAMPIONS,2026-09-28T20:48:01,,307,3,4,0,1,7,2,2,1,0,0,0,1,False,False,False
https://replay.pokemonshowdown.com/gen9championsvgc2026regmabo3-2619480250-2ifdqxpx02mrmo8ugl9itdys2agfejhpw,ok,p1,bloodycheese,Whimsicott,Encore; Moonblast; Protect; Tailwind,Prankster,Mental Herb,,False,CHAMPIONS,2026-09-28T20:48:01,,307,3,4,0,1,7,2,2,1,0,0,0,1,True,False,False
https://replay.pokemonshowdown.com/gen9championsvgc2026regmabo3-2619480250-2ifdqxpx02mrmo8ugl9itdys2agfejhpw,ok,p1,bloodycheese,Kingambit,Iron Head; Low Kick; Protect; Sucker Punch,Defiant,Chople Berry,,False,CHAMPIONS,2026-09-28T20:48:01,,307,3,4,0,1,7,2,2,1,0,0,0,1,False,False,False
https://replay.pokemonshowdown.com/gen9championsvgc2026regmabo3-2619480250-2ifdqxpx02mrmo8ugl9itdys2agfejhpw,ok,p2,WlDino,Charizard,Heat Wave; Protect; Solar Beam; Weather Ball,Blaze,Charizardite Y,,True,CHAMPIONS,2026-09-28T20:48:01,,307,4,3,1,0,7,3,2,0,0,0,0,0,False,True,False
https://replay.pokemonshowdown.com/gen9championsvgc2026regmabo3-2619480250-2ifdqxpx02mrmo8ugl9itdys2agfejhpw,ok,p2,WlDino,Whimsicott,Encore; Moonblast; Protect; Tailwind,Prankster,Fairy Feather,,True,CHAMPIONS,2026-09-28T20:48:01,,307,4,3,1,0,7,3,2,0,0,0,0,0,False,False,False
https://replay.pokemonshowdown.com/gen9championsvgc2026regmabo3-2619480250-2ifdqxpx02mrmo8ugl9itdys2agfejhpw,ok,p2,WlDino,Kingambit,Kowtow Cleave; Low Kick; Protect; Sucker Punch,Defiant,Chople Berry,,True,CHAMPIONS,2026-09-28T20:48:01,,307,4,3,1,0,7,3,2,0,0,0,0,0,False,False,False
https://replay.pokemonshowdown.com/gen9championsvgc2026regmabo3-2619480250-2ifdqxpx02mrmo8ugl9itdys2agfejhpw,ok,p2,WlDino,Basculegion,Aqua Jet; Last Respects; Protect; Wave Crash,Adaptability,Mystic Water,,True,CHAMPIONS,2026-09-28T20:48:01,,307,4,3,1,0,7,3,2,0,0,0,0,0,True,False,False
https://replay.pokemonshowdown.com/gen9championsvgc2026regmabo3-2619480250-2ifdqxpx02mrmo8ugl9itdys2agfejhpw,ok,p2,WlDino,Garchomp,Dragon Claw; Earthquake; Poison Jab; Rock Slide,Rough Skin,Sitrus Berry,,True,CHAMPIONS,2026-09-28T20:48:01,,307,4,3,1,0,7,3,2,0,0,0,0,0,False,False,False
https://replay.pokemonshowdown.com/gen9championsvgc2026regmabo3-2619480250-2ifdqxpx02mrmo8ugl9itdys2agfejhpw,ok,p2,WlDino,Glimmora,Earth Power; Power Gem; Sludge Bomb; Spiky Shield,Toxic Debris,Focus Sash,,True,CHAMPIONS,2026-09-28T20:48:01,,307,4,3,1,0,7,3,2,0,0,0,0,0,False,False,False
https://replay.pokemonshowdown.com/gen9randombattle-2625916137-9gjmmb0tkxwup52wrbmdg5r9r0nkh3lpw,ok,p1,bloodycheese,Kyurem-Black,Dragon Dance; Scale Shot,Teravolt,Loaded Dice,,False,RANDOM SINGLES,2026-09-28T20:48:01,Kyurem,425,5,6,0,0,20,7,1,0,5,6,0,0,True,False,False
https://replay.pokemonshowdown.com/gen9randombattle-2625916137-9gjmmb0tkxwup52wrbmdg5r9r0nkh3lpw,ok,p1,bloodycheese,Flutter Mane,Moonblast; Shadow Ball,,,Ghost,False,RANDOM SINGLES,2026-09-28T20:48:01,,425,5,6,0,0,20,7,1,0,5,6,0,0,False,False,True
https://replay.pokemonshowdown.com/gen9randombattle-2625916137-9gjmmb0tkxwup52wrbmdg5r9r0nkh3lpw,ok,p1,bloodycheese,Armarouge,,,,,False,RANDOM SINGLES,2026-09-28T20:48:01,,425,5,6,0,0,20,7,1,0,5,6,0,0,False,False,False
https://replay.pokemonshowdown.com/gen9randombattle-2625916137-9gjmmb0tkxwup52wrbmdg5r9r0nkh3lpw,ok,p1,bloodycheese,Shaymin,Air Slash; Seed Flare,,Leftovers,,False,RANDOM SINGLES,2026-09-28T20:48:01,,425,5,6,0,0,20,7,1,0,5,6,0,0,False,False,False
https://replay.pokemonshowdown.com/gen9randombattle-2625916137-9gjmmb0tkxwup52wrbmdg5r9r0nkh3lpw,ok,p1,bloodycheese,Greedent,Earthquake; Knock Off; Swords Dance,,Sitrus Berry,,False,RANDOM SINGLES,2026-09-28T20:48:01,,425,5,6,0,0,20,7,1,0,5,6,0,0,False,False,False
https://replay.pokemonshowdown.com/gen9randombattle-2625916137-9gjmmb0tkxwup52wrbmdg5r9r0nkh3lpw,ok,p1,bloodycheese,Froslass,Poltergeist,,Wide Lens,,False,RANDOM SINGLES,2026-09-28T20:48:01,,425,5,6,0,0,20,7,1,0,5,6,0,0,False,False,False
https://replay.pokemonshowdown.com/gen9randombattle-2625916137-9gjmmb0tkxwup52wrbmdg5r9r0nkh3lpw,ok,p2,yanjaen666,Incineroar,Flare Blitz; Knock Off; Swords Dance,Intimidate,,,True,RANDOM SINGLES,2026-09-28T20:48:01,,425,6,5,0,0,20,4,1,0,3,5,0,0,True,False,False
https://replay.pokemonshowdown.com/gen9randombattle-2625916137-9gjmmb0tkxwup52wrbmdg5r9r0nkh3lpw,ok,p2,yanjaen666,Revavroom,Iron Head; Shift Gear,,,,True,RANDOM SINGLES,2026-09-28T20:48:01,,425,6,5,0,0,20,4,1,0,3,5,0,0,False,False,False
https://replay.pokemonshowdown.com/gen9randombattle-2625916137-9gjmmb0tkxwup52wrbmdg5r9r0nkh3lpw,ok,p2,yanjaen666,Mamoswine,Earthquake,,,,True,RANDOM SINGLES,2026-09-28T20:48:01,,425,6,5,0,0,20,4,1,0,3,5,0,0,False,False,False
https://replay.pokemonshowdown.com/gen9randombattle-2625916137-9gjmmb0tkxwup52wrbmdg5r9r0nkh3lpw,ok,p2,yanjaen666,Amoonguss,Giga Drain; Sludge Bomb,,,,True,RANDOM SINGLES,2026-09-28T20:48:01,,425,6,5,0,0,20,4,1,0,3,5,0,0,False,False,False
https://replay.pokemonshowdown.com/gen9randombattle-2625916137-9gjmmb0tkxwup52wrbmdg5r9r0nkh3lpw,ok,p2,yanjaen666,Basculegion,Aqua Jet; Wave Crash,,Assault Vest,,True,RANDOM SINGLES,2026-09-28T20:48:01,,425,6,5,0,0,20,4,1,0,3,5,0,0,False,False,False
https://replay.pokemonshowdown.com/gen9randombattle-2625916137-9gjmmb0tkxwup52wrbmdg5r9r0nkh3lpw,ok,p2,yanjaen666,Sableye,Knock Off,,,Steel,True,RANDOM SINGLES,2026-09-28T20:48:01,,425,6,5,0,0,20,4,1,0,3,5,0,0,False,False,True
https://replay.pokemonshowdown.com/gen9nationaldexmonotype-2648242935-9ax41cfld2d16c7hovjr34lnoxu14qepw,ok,p1,Bloody cheese,Moltres,Air Slash; Ancient Power; Roost; Scorching Sands,,Heavy-Duty Boots,,True,NAT DEX MONOTYPE,2026-09-28T20:48:02,,488,6,4,1,1,21,12,0,0,0,2,0,0,False,False,False
https://replay.pokemonshowdown.com/gen9nationaldexmonotype-2648242935-9ax41cfld2d16c7hovjr34lnoxu14qepw,ok,p1,Bloody cheese,Arcanine-Hisui,,,,,True,NAT DEX MONOTYPE,2026-09-28T20:48:02,,488,6,4,1,1,21,12,0,0,0,2,0,0,False,False,False
https://replay.pokemonshowdown.com/gen9nationaldexmonotype-2648242935-9ax41cfld2d16c7hovjr34lnoxu14qepw,ok,p1,Bloody cheese,Tauros-Paldea-Blaze,Close Combat; Earthquake; Rock Slide,Intimidate,Leftovers,,True,NAT DEX MONOTYPE,2026-09-28T20:48:02,Tauros,488,6,4,1,1,21,12,0,0,0,2,0,0,False,False,False
https://replay.pokemonshowdown.com/gen9nationaldexmonotype-2648242935-9ax41cfld2d16c7hovjr34lnoxu14qepw,ok,p1,Bloody cheese,Victini,Final Gambit,,,,True,NAT DEX MONOTYPE,2026-09-28T20:48:02,,488,6,4,1,1,21,12,0,0,0,2,0,0,False,False,False
https://replay.pokemonshowdown.com/gen9nationaldexmonotype-2648242935-9ax41cfld2d16c7hovjr34lnoxu14qepw,ok,p1,Bloody cheese,Rotom-Heat,Defog; Thunderbolt; Volt Switch,,Leftovers,,True,NAT DEX MONOTYPE,2026-09-28T20:48:02,Rotom,488,6,4,1,1,21,12,0,0,0,2,0,0,True,False,False
https://replay.pokemonshowdown.com/gen9nationaldexmonotype-2648242935-9ax41cfld2d16c7hovjr34lnoxu14qepw,ok,p1,Bloody cheese,Chandelure,Shadow Ball,,,,True,NAT DEX MONOTYPE,2026-09-28T20:48:02,,488,6,4,1,1,21,12,0,0,0,2,0,0,False,False,False
https://replay.pokemonshowdown.com/gen9nationaldexmonotype-2648242935-9ax41cfld2d16c7hovjr34lnoxu14qepw,ok,p2,monstruonio,Infernape,Knock Off; Stealth Rock,,,,False,NAT DEX MONOTYPE,2026-09-28T20:48:02,,488,4,6,1,1,21,2,1,0,4,3,0,0,False,False,False
https://replay.pokemonshowdown.com/gen9nationaldexmonotype-2648242935-9ax41cfld2d16c7hovjr34lnoxu14qepw,ok,p2,monstruonio,Incineroar,Drain Punch; Knock Off,Intimidate,,,False,NAT DEX MONOTYPE,2026-09-28T20:48:02,,488,4,6,1,1,21,2,1,0,4,3,0,0,True,False,False
https://replay.pokemonshowdown.com/gen9nationaldexmonotype-2648242935-9ax41cfld2d16c7hovjr34lnoxu14qepw,ok,p2,monstruonio,Arcanine-Hisui,Rock Slide,Intimidate,,,False,NAT DEX MONOTYPE,2026-09-28T20:48:02,Arcanine,488,4,6,1,1,21,2,1,0,4,3,0,0,False,False,False
https://replay.pokemonshowdown.com/gen9nationaldexmonotype-2648242935-9ax41cfld2d16c7hovjr34lnoxu14qepw,ok,p2,monstruonio,Volcanion,Steam Eruption,,Weakness Policy,,False,NAT DEX MONOTYPE,2026-09-28T20:48:02,,488,4,6,1,1,21,2,1,0,4,3,0,0,False,False,False
https://replay.pokemonshowdown.com/gen9nationaldexmonotype-2648242935-9ax41cfld2d16c7hovjr34lnoxu14qepw,ok,p2,monstruonio,Rotom-Heat,Volt Switch,,,,False,NAT DEX MONOTYPE,2026-09-28T20:48:02,Rotom,488,4,6,1,1,21,2,1,0,4,3,0,0,False,False,False
https://replay.pokemonshowdown.com/gen9nationaldexmonotype-2648242935-9ax41cfld2d16c7hovjr34lnoxu14qepw,ok,p2,monstruonio,Skeledirge,Earth Power; Shadow Ball; Slack Off,,Weakness Policy,,False,NAT DEX MONOTYPE,2026-09-28T20:48:02,,488,4,6,1,1,21,2,1,0,4,3,0,0,False,False,False
https://replay.pokemonshowdown.com/gen9championsvgc2026regmbbo3-2646683360-gmhf2ktq0jnt3angtrwedsw1845r9kcpw,ok,p1,Bloody cheese,Kingambit,Kowtow Cleave; Protect; Sucker Punch; Swords Dance,Defiant,Black Glasses,,False,CHAMPIONS,2026-09-28T20:48:03,,465,3,4,0,1,13,4,6,0,0,4,0,0,False,False,False
https://replay.pokemonshowdown.com/gen9championsvgc2026regmbbo3-2646683360-gmhf2ktq0jnt3angtrwedsw1845r9kcpw,ok,p1,Bloody cheese,Blastoise,Dark Pulse; Protect; Shell Smash; Water Spout,Rain Dish,Blastoisinite,,False,CHAMPIONS,2026-09-28T20:48:03,,465,3,4,0,1,13,4,6,0,0,4,0,0,False,True,False
https://replay.pokemonshowdown.com/gen9championsvgc2026regmbbo3-2646683360-gmhf2ktq0jnt3angtrwedsw1845r9kcpw,ok,p1,Bloody cheese,Incineroar,Darkest Lariat; Fake Out; Flare Blitz; Parting Shot,Intimidate,Sitrus Berry,,False,CHAMPIONS,2026-09-28T20:48:03,,465,3,4,0,1,13,4,6,0,0,4,0,0,False,False,False
https://replay.pokemonshowdown.com/gen9championsvgc2026regmbbo3-2646683360-gmhf2ktq0jnt3angtrwedsw1845r9kcpw,ok,p1,Bloody cheese,Delphox,Heat Wave; Nasty Plot; Protect; Psyshock,Magician,Delphoxite,,False,CHAMPIONS,2026-09-28T20:48:03,,465,3,4,0,1,13,4,6,0,0,4,0,0,False,False,False
https://replay.pokemonshowdown.com/gen9championsvgc2026regmbbo3-2646683360-gmhf2ktq0jnt3angtrwedsw1845r9kcpw,ok,p1,Bloody cheese,Sinistcha,Matcha Gotcha; Protect; Rage Powder; Trick Room,Hospitality,Colbur Berry,,False,CHAMPIONS,2026-09-28T20:48:03,,465,3,4,0,1,13,4,6,0,0,4,0,0,True,False,False
https://replay.pokemonshowdown.com/gen9championsvgc2026regmbbo3-2646683360-gmhf2ktq0jnt3angtrwedsw1845r9kcpw,ok,p1,Bloody cheese,Sneasler,Close Combat; Fake Out; Poison Jab; Quick Guard,Poison Touch,Focus Sash,,False,CHAMPIONS,2026-09-28T20:48:03,,465,3,4,0,1,13,4,6,0,0,4,0,0,False,False,False
https://replay.pokemonshowdown.com/gen9championsvgc2026regmbbo3-2646683360-gmhf2ktq0jnt3angtrwedsw1845r9kcpw,ok,p2,scalonetapibe,Gengar,Perish Song; Protect; Shadow Ball; Sludge Bomb,Cursed Body,Gengarite,,True,CHAMPIONS,2026-09-28T20:48:03,,465,4,3,1,0,13,2,1,2,6,5,0,4,True,True,False
https://replay.pokemonshowdown.com/gen9championsvgc2026regmbbo3-2646683360-gmhf2ktq0jnt3angtrwedsw1845r9kcpw,ok,p2,scalonetapibe,Swampert,Earthquake; Ice Punch; Protect; Wave Crash,Torrent,Swampertite,,True,CHAMPIONS,2026-09-28T20:48:03,,465,4,3,1,0,13,2,1,2,6,5,0,4,False,False,False
https://replay.pokemonshowdown.com/gen9championsvgc2026regmbbo3-2646683360-gmhf2ktq0jnt3angtrwedsw1845r9kcpw,ok,p2,scalonetapibe,Incineroar,Fake Out; Parting Shot; Protect; Throat Chop,Intimidate,Passho Berry,,True,CHAMPIONS,2026-09-28T20:48:03,,465,4,3,1,0,13,2,1,2,6,5,0,4,False,False,False
https://replay.pokemonshowdown.com/gen9championsvgc2026regmbbo3-2646683360-gmhf2ktq0jnt3angtrwedsw1845r9kcpw,ok,p2,scalonetapibe,Politoed,Encore; Perish Song; Protect; Weather Ball,Drizzle,Sitrus Berry,,True,CHAMPIONS,2026-09-28T20:48:03,,465,4,3,1,0,13,2,1,2,6,5,0,4,False,False,False
https://replay.pokemonshowdown.com/gen9championsvgc2026regmbbo3-2646683360-gmhf2ktq0jnt3angtrwedsw1845r9kcpw,ok,p2,scalonetapibe,Archaludon,Dragon Pulse; Electro Shot; Flash Cannon; Protect,Stamina,Leftovers,,True,CHAMPIONS,2026-09-28T20:48:03,,465,4,3,1,0,13,2,1,2,6,5,0,4,False,False,False
https://replay.pokemonshowdown.com/gen9championsvgc2026regmbbo3-2646683360-gmhf2ktq0jnt3angtrwedsw1845r9kcpw,ok,p2,scalonetapibe,Vivillon-High Plains,Hurricane; Protect; Rage Powder; Sleep Powder,Compound Eyes,Focus Sash,,True,CHAMPIONS,2026-09-28T20:48:03,,465,4,3,1,0,13,2,1,2,6,5,0,4,False,False,False
https://replay.pokemonshowdown.com/gen9randombattle-2648662477-39ssi6q48t39r9kl32ax484mwbcrf9fpw,ok,p1,bloodycheese,Malamar,Knock Off; Superpower,,,Fighting,True,RANDOM SINGLES,2026-09-28T20:48:04,,764,6,2,1,0,53,3,13,1,5,33,0,0,True,False,True
https://replay.pokemonshowdown.com/gen9randombattle-2648662477-39ssi6q48t39r9kl32ax484mwbcrf9fpw,ok,p1,bloodycheese,Pincurchin,Scald; Spikes,,,,True,RANDOM SINGLES,2026-09-28T20:48:04,,764,6,2,1,0,53,3,13,1,5,33,0,0,False,False,False
https://replay.pokemonshowdown.com/gen9randombattle-2648662477-39ssi6q48t39r9kl32ax484mwbcrf9fpw,ok,p1,bloodycheese,Pelipper,Hurricane; Roost; U-turn,,,,True,RANDOM SINGLES,2026-09-28T20:48:04,,764,6,2,1,0,53,3,13,1,5,33,0,0,False,False,False
https://replay.pokemonshowdown.com/gen9randombattle-2648662477-39ssi6q48t39r9kl32ax484mwbcrf9fpw,ok,p1,bloodycheese,Hypno,Focus Blast; Protect; Psychic Noise; Toxic,,,,True,RANDOM SINGLES,2026-09-28T20:48:04,,764,6,2,1,0,53,3,13,1,5,33,0,0,False,False,False
https://replay.pokemonshowdown.com/gen9randombattle-2648662477-39ssi6q48t39r9kl32ax484mwbcrf9fpw,ok,p1,bloodycheese,Heracross,Knock Off,,,,True,RANDOM SINGLES,2026-09-28T20:48:04,,764,6,2,1,0,53,3,13,1,5,33,0,0,False,False,False
https://replay.pokemonshowdown.com/gen9randombattle-2648662477-39ssi6q48t39r9kl32ax484mwbcrf9fpw,ok,p2,masafesio,Ogerpon-Wellspring,Ivy Cudgel; Play Rough,,,,False,RANDOM SINGLES,2026-09-28T20:48:04,Ogerpon,764,2,6,0,1,53,3,3,0,8,9,0,0,True,False,False
https://replay.pokemonshowdown.com/gen9randombattle-2648662477-39ssi6q48t39r9kl32ax484mwbcrf9fpw,ok,p2,masafesio,Swanna,Brave Bird; Defog; Hydro Pump; Roost,,Heavy-Duty Boots,,False,RANDOM SINGLES,2026-09-28T20:48:04,,764,2,6,0,1,53,3,3,0,8,9,0,0,False,False,False
https://replay.pokemonshowdown.com/gen9randombattle-2648662477-39ssi6q48t39r9kl32ax484mwbcrf9fpw,ok,p2,masafesio,Galvantula,Bug Buzz; Sticky Web,,,,False,RANDOM SINGLES,2026-09-28T20:48:04,,764,2,6,0,1,53,3,3,0,8,9,0,0,False,False,False
https://replay.pokemonshowdown.com/gen9randombattle-2648662477-39ssi6q48t39r9kl32ax484mwbcrf9fpw,ok,p2,masafesio,Flutter Mane,Calm Mind; Moonblast; Shadow Ball,,,,False,RANDOM SINGLES,2026-09-28T20:48:04,,764,2,6,0,1,53,3,3,0,8,9,0,0,False,False,False
https://replay.pokemonshowdown.com/gen9randombattle-2648662477-39ssi6q48t39r9kl32ax484mwbcrf9fpw,ok,p2,masafesio,Wigglytuff,Dazzling Gleam; Protect; Wish,,Leftovers,Steel,False,RANDOM SINGLES,2026-09-28T20:48:04,,764,2,6,0,1,53,3,3,0,8,9,0,0,False,False,True
https://replay.pokemonshowdown.com/gen9randombattle-2648662477-39ssi6q48t39r9kl32ax484mwbcrf9fpw,ok,p2,masafesio,Cresselia,Calm Mind; Moonlight; Psyshock; Thunderbolt,,Leftovers,,False,RANDOM SINGLES,2026-09-28T20:48:04,,764,2,6,0,1,53,3,3,0,8,9,0,0,False,False,False
https://replay.pokemonshowdown.com/gen9randombattle-2652708015-4s3gx3tx39l5s80p7tohrvfuoj9k1a7pw,ok,p1,Bloody cheese,Scrafty,Bulk Up; Drain Punch; Knock Off,,,,False,RANDOM SINGLES,2026-09-28T20:48:04,,398,2,6,1,0,32,1,0,0,12,11,0,0,True,False,False
https://replay.pokemonshowdown.com/gen9randombattle-2652708015-4s3gx3tx39l5s80p7tohrvfuoj9k1a7pw,ok,p1,Bloody cheese,Basculin-Blue-Striped,Double-Edge,,,,False,RANDOM SINGLES,2026-09-28T20:48:04,Basculin,398,2,6,1,0,32,1,0,0,12,11,0,0,False,False,False
https://replay.pokemonshowdown.com/gen9randombattle-2652708015-4s3gx3tx39l5s80p7tohrvfuoj9k1a7pw,ok,p1,Bloody cheese,Skarmory,Spikes; Stealth Rock,,,,False,RANDOM SINGLES,2026-09-28T20:48:04,,398,2,6,1,0,32,1,0,0,12,11,0,0,False,False,False
https://replay.pokemonshowdown.com/gen9randombattle-2652708015-4s3gx3tx39l5s80p7tohrvfuoj9k1a7pw,ok,p1,Bloody cheese,Vigoroth,Body Slam; Bulk Up; Knock Off; Slack Off,,,Ghost,False,RANDOM SINGLES,2026-09-28T20:48:04,,398,2,6,1,0,32,1,0,0,12,11,0,0,False,False,True
https://replay.pokemonshowdown.com/gen9randombattle-2652708015-4s3gx3tx39l5s80p7tohrvfuoj9k1a7pw,ok,p1,Bloody cheese,Dragonite,Dragon Dance; Earthquake,,,,False,RANDOM SINGLES,2026-09-28T20:48:04,,398,2,6,1,0,32,1,0,0,12,11,0,0,False,False,False
https://replay.pokemonshowdown.com/gen9randombattle-2652708015-4s3gx3tx39l5s80p7tohrvfuoj9k1a7pw,ok,p1,Bloody cheese,Drednaw,,,,,False,RANDOM SINGLES,2026-09-28T20:48:04,,398,2,6,1,0,32,1,0,0,12,11,0,0,False,False,False
https://replay.pokemonshowdown.com/gen9randombattle-2652708015-4s3gx3tx39l5s80p7tohrvfuoj9k1a7pw,ok,p2,Chris FPS,Vaporeon,Protect; Roar; Scald; Wish,,Leftovers,,True,RANDOM SINGLES,2026-09-28T20:48:04,,398,6,2,0,1,32,4,1,0,0,14,0,0,True,False,False
https://replay.pokemonshowdown.com/gen9randombattle-2652708015-4s3gx3tx39l5s80p7tohrvfuoj9k1a7pw,ok,p2,Chris FPS,Great Tusk,Headlong Rush; Rapid Spin,,,,True,RANDOM SINGLES,2026-09-28T20:48:04,,398,6,2,0,1,32,4,1,0,0,14,0,0,False,False,False
https://replay.pokemonshowdown.com/gen9randombattle-2652708015-4s3gx3tx39l5s80p7tohrvfuoj9k1a7pw,ok,p2,Chris FPS,Donphan,Earthquake; Ice Shard; Stealth Rock,,Leftovers,,True,RANDOM SINGLES,2026-09-28T20:48:04,,398,6,2,0,1,32,4,1,0,0,14,0,0,False,False,False
https://replay.pokemonshowdown.com/gen9randombattle-2652708015-4s3gx3tx39l5s80p7tohrvfuoj9k1a7pw,ok,p2,Chris FPS,Pawmot,Close Combat; Double Shock; Ice Punch,,,Electric,True,RANDOM SINGLES,2026-09-28T20:48:04,,398,6,2,0,1,32,4,1,0,0,14,0,0,False,False,True
https://replay.pokemonshowdown.com/gen9randombattle-2652708015-4s3gx3tx39l5s80p7tohrvfuoj9k1a7pw,ok,p2,Chris FPS,Eiscue,Ice Spinner,,,,True,RANDOM SINGLES,2026-09-28T20:48:04,,398,6,2,0,1,32,4,1,0,0,14,0,0,False,False,False
https://replay.pokemonshowdown.com/gen9championsbssregmb-2652720218-pdgrswbkg2bvp7fv2v2394mi2bt3bmmpw,ok,p1,Bloody cheese,Gengar,,,,,True,BSS CHAMPIONS,2026-09-28T20:48:05,,138,3,0,0,0,5,2,0,0,0,0,0,0,False,False,False
https://replay.pokemonshowdown.com/gen9championsbssregmb-2652720218-pdgrswbkg2bvp7fv2v2394mi2bt3bmmpw,ok,p1,Bloody cheese,Garchomp,Flamethrower; Outrage; Stealth Rock,,,,True,BSS CHAMPIONS,2026-09-28T20:48:05,CHOMPER,138,3,0,0,0,5,2,0,0,0,0,0,0,True,False,False
https://replay.pokemonshowdown.com/gen9championsbssregmb-2652720218-pdgrswbkg2bvp7fv2v2394mi2bt3bmmpw,ok,p1,Bloody cheese,Corviknight,,,,,True,BSS CHAMPIONS,2026-09-28T20:48:05,,138,3,0,0,0,5,2,0,0,0,0,0,0,False,False,False
https://replay.pokemonshowdown.com/gen9championsbssregmb-2652720218-pdgrswbkg2bvp7fv2v2394mi2bt3bmmpw,ok,p1,Bloody cheese,Meowscarada,,,,,True,BSS CHAMPIONS,2026-09-28T20:48:05,,138,3,0,0,0,5,2,0,0,0,0,0,0,False,False,False
https://replay.pokemonshowdown.com/gen9championsbssregmb-2652720218-pdgrswbkg2bvp7fv2v2394mi2bt3bmmpw,ok,p1,Bloody cheese,Bellibolt,,,,,True,BSS CHAMPIONS,2026-09-28T20:48:05,,138,3,0,0,0,5,2,0,0,0,0,0,0,False,False,False
https://replay.pokemonshowdown.com/gen9championsbssregmb-2652720218-pdgrswbkg2bvp7fv2v2394mi2bt3bmmpw,ok,p1,Bloody cheese,Lopunny,,,,,True,BSS CHAMPIONS,2026-09-28T20:48:05,,138,3,0,0,0,5,2,0,0,0,0,0,0,False,False,False
https://replay.pokemonshowdown.com/gen9championsbssregmb-2652720218-pdgrswbkg2bvp7fv2v2394mi2bt3bmmpw,ok,p2,shinkahma,Kleavor,X-Scissor,,,,False,BSS CHAMPIONS,2026-09-28T20:48:05,,138,0,3,0,0,5,0,0,0,0,0,0,0,True,False,False
https://replay.pokemonshowdown.com/gen9championsbssregmb-2652720218-pdgrswbkg2bvp7fv2v2394mi2bt3bmmpw,ok,p2,shinkahma,Volcarona,,,,,False,BSS CHAMPIONS,2026-09-28T20:48:05,,138,0,3,0,0,5,0,0,0,0,0,0,0,False,False,False
https://replay.pokemonshowdown.com/gen9championsbssregmb-2652720218-pdgrswbkg2bvp7fv2v2394mi2bt3bmmpw,ok,p2,shinkahma,Forretress,Stealth Rock,,Occa Berry,,False,BSS CHAMPIONS,2026-09-28T20:48:05,,138,0,3,0,0,5,0,0,0,0,0,0,0,False,False,False
https://replay.pokemonshowdown.com/gen9championsbssregmb-2652720218-pdgrswbkg2bvp7fv2v2394mi2bt3bmmpw,ok,p2,shinkahma,Vivillon,,,,,False,BSS CHAMPIONS,2026-09-28T20:48:05,,138,0,3,0,0,5,0,0,0,0,0,0,0,False,False,False
https://replay.pokemonshowdown.com/gen9championsbssregmb-2652720218-pdgrswbkg2bvp7fv2v2394mi2bt3bmmpw,ok,p2,shinkahma,Araquanid,,,,,False,BSS CHAMPIONS,2026-09-28T20:48:05,,138,0,3,0,0,5,0,0,0,0,0,0,0,False,False,False
https://replay.pokemonshowdown.com/gen9championsbssregmb-2652720218-pdgrswbkg2bvp7fv2v2394mi2bt3bmmpw,ok,p2,shinkahma,Beedrill,,,,,False,BSS CHAMPIONS,2026-09-28T20:48:05,,138,0,3,0,0,5,0,0,0,0,0,0,0,False,False,False
https://replay.pokemonshowdown.com/gen9championsbssregmb-2655649375-mqh11ur23oulbttsyo22ibc0dnmbfywpw,ok,p1,Bloody cheese,Gengar,,,,,True,BSS CHAMPIONS,2026-09-28T20:48:06,,515,3,2,0,0,15,1,2,0,1,6,0,0,False,False,False
https://replay.pokemonshowdown.com/gen9championsbssregmb-2655649375-mqh11ur23oulbttsyo22ibc0dnmbfywpw,ok,p1,Bloody cheese,Garchomp,,,,,True,BSS CHAMPIONS,2026-09-28T20:48:06,,515,3,2,0,0,15,1,2,0,1,6,0,0,False,False,False
https://replay.pokemonshowdown.com/gen9championsbssregmb-2655649375-mqh11ur23oulbttsyo22ibc0dnmbfywpw,ok,p1,Bloody cheese,Corviknight,,,,,True,BSS CHAMPIONS,2026-09-28T20:48:06,,515,3,2,0,0,15,1,2,0,1,6,0,0,False,False,False
https://replay.pokemonshowdown.com/gen9championsbssregmb-2655649375-mqh11ur23oulbttsyo22ibc0dnmbfywpw,ok,p1,Bloody cheese,Meowscarada,Knock Off; U-turn,,,,True,BSS CHAMPIONS,2026-09-28T20:48:06,CIRCUS CONTRAPTION,515,3,2,0,0,15,1,2,0,1,6,0,0,False,False,False
https://replay.pokemonshowdown.com/gen9championsbssregmb-2655649375-mqh11ur23oulbttsyo22ibc0dnmbfywpw,ok,p1,Bloody cheese,Bellibolt,Parabolic Charge; Slack Off; Toxic,,Sitrus Berry,,True,BSS CHAMPIONS,2026-09-28T20:48:06,BELLI BELLI,515,3,2,0,0,15,1,2,0,1,6,0,0,False,False,False
https://replay.pokemonshowdown.com/gen9championsbssregmb-2655649375-mqh11ur23oulbttsyo22ibc0dnmbfywpw,ok,p1,Bloody cheese,Lopunny,Close Combat; Fake Out; Swords Dance,,,,True,BSS CHAMPIONS,2026-09-28T20:48:06,THIGH HIGHS,515,3,2,0,0,15,1,2,0,1,6,0,0,True,True,False
https://replay.pokemonshowdown.com/gen9championsbssregmb-2655649375-mqh11ur23oulbttsyo22ibc0dnmbfywpw,ok,p2,MafiaPolar6242,Gengar,Sludge Bomb,,,,False,BSS CHAMPIONS,2026-09-28T20:48:06,,515,2,3,0,0,15,0,1,0,0,1,0,0,False,True,False
https://replay.pokemonshowdown.com/gen9championsbssregmb-2655649375-mqh11ur23oulbttsyo22ibc0dnmbfywpw,ok,p2,MafiaPolar6242,Primarina,,,,,False,BSS CHAMPIONS,2026-09-28T20:48:06,,515,2,3,0,0,15,0,1,0,0,1,0,0,False,False,False
https://replay.pokemonshowdown.com/gen9championsbssregmb-2655649375-mqh11ur23oulbttsyo22ibc0dnmbfywpw,ok,p2,MafiaPolar6242,Whimsicott,,,,,False,BSS CHAMPIONS,2026-09-28T20:48:06,,515,2,3,0,0,15,0,1,0,0,1,0,0,False,False,False
https://replay.pokemonshowdown.com/gen9championsbssregmb-2655649375-mqh11ur23oulbttsyo22ibc0dnmbfywpw,ok,p2,MafiaPolar6242,Arcanine-Hisui,Flare Blitz,,,,False,BSS CHAMPIONS,2026-09-28T20:48:06,Arcanine,515,2,3,0,0,15,0,1,0,0,1,0,0,False,False,False
https://replay.pokemonshowdown.com/gen9championsbssregmb-2655649375-mqh11ur23oulbttsyo22ibc0dnmbfywpw,ok,p2,MafiaPolar6242,Incineroar,Darkest Lariat; Fake Out; Parting Shot; Protect,Intimidate,Leftovers,,False,BSS CHAMPIONS,2026-09-28T20:48:06,,515,2,3,0,0,15,0,1,0,0,1,0,0,True,False,False
https://replay.pokemonshowdown.com/gen9championsbssregmb-2655649375-mqh11ur23oulbttsyo22ibc0dnmbfywpw,ok,p2,MafiaPolar6242,Blastoise,,,,,False,BSS CHAMPIONS,2026-09-28T20:48:06,,515,2,3,0,0,15,0,1,0,0,1,0,0,False,False,False
https://replay.pokemonshowdown.com/gen9championsbssregmb-2659880823-i1qk9sp6xniokner3u5tx1xe8ofop1fpw,ok,p1,NECROZZZZzz,Hydreigon,Draco Meteor,,,,False,BSS CHAMPIONS,2026-09-28T20:48:06,,287,0,3,0,1,9,2,0,0,0,0,0,0,True,False,False
https://replay.pokemonshowdown.com/gen9championsbssregmb-2659880823-i1qk9sp6xniokner3u5tx1xe8ofop1fpw,ok,p1,NECROZZZZzz,Metagross,Bullet Punch; Earthquake,,,,False,BSS CHAMPIONS,2026-09-28T20:48:06,,287,0,3,0,1,9,2,0,0,0,0,0,0,False,True,False
https://replay.pokemonshowdown.com/gen9championsbssregmb-2659880823-i1qk9sp6xniokner3u5tx1xe8ofop1fpw,ok,p1,NECROZZZZzz,Ceruledge,,,Focus Sash,,False,BSS CHAMPIONS,2026-09-28T20:48:06,,287,0,3,0,1,9,2,0,0,0,0,0,0,False,False,False
https://replay.pokemonshowdown.com/gen9championsbssregmb-2659880823-i1qk9sp6xniokner3u5tx1xe8ofop1fpw,ok,p1,NECROZZZZzz,Vileplume,,,,,False,BSS CHAMPIONS,2026-09-28T20:48:06,,287,0,3,0,1,9,2,0,0,0,0,0,0,False,False,False
https://replay.pokemonshowdown.com/gen9championsbssregmb-2659880823-i1qk9sp6xniokner3u5tx1xe8ofop1fpw,ok,p1,NECROZZZZzz,Primarina,,,,,False,BSS CHAMPIONS,2026-09-28T20:48:06,,287,0,3,0,1,9,2,0,0,0,0,0,0,False,False,False
https://replay.pokemonshowdown.com/gen9championsbssregmb-2659880823-i1qk9sp6xniokner3u5tx1xe8ofop1fpw,ok,p1,NECROZZZZzz,Dragonite,,,,,False,BSS CHAMPIONS,2026-09-28T20:48:06,,287,0,3,0,1,9,2,0,0,0,0,0,0,False,False,False
https://replay.pokemonshowdown.com/gen9championsbssregmb-2659880823-i1qk9sp6xniokner3u5tx1xe8ofop1fpw,ok,p2,bloodycheese,Gengar,,,,,True,BSS CHAMPIONS,2026-09-28T20:48:06,,287,3,0,1,0,9,2,4,0,0,5,0,0,False,False,False
https://replay.pokemonshowdown.com/gen9championsbssregmb-2659880823-i1qk9sp6xniokner3u5tx1xe8ofop1fpw,ok,p2,bloodycheese,Garchomp,Stealth Rock,,Focus Sash,,True,BSS CHAMPIONS,2026-09-28T20:48:06,CHOMPER,287,3,0,1,0,9,2,4,0,0,5,0,0,True,False,False
https://replay.pokemonshowdown.com/gen9championsbssregmb-2659880823-i1qk9sp6xniokner3u5tx1xe8ofop1fpw,ok,p2,bloodycheese,Corviknight,,,,,True,BSS CHAMPIONS,2026-09-28T20:48:06,,287,3,0,1,0,9,2,4,0,0,5,0,0,False,False,False
https://replay.pokemonshowdown.com/gen9championsbssregmb-2659880823-i1qk9sp6xniokner3u5tx1xe8ofop1fpw,ok,p2,bloodycheese,Meowscarada,Knock Off,,,,True,BSS CHAMPIONS,2026-09-28T20:48:06,CIRCUS CONTRAPTION,287,3,0,1,0,9,2,4,0,0,5,0,0,False,False,False
https://replay.pokemonshowdown.com/gen9championsbssregmb-2659880823-i1qk9sp6xniokner3u5tx1xe8ofop1fpw,ok,p2,bloodycheese,Bellibolt,Parabolic Charge; Volt Switch,,Sitrus Berry,,True,BSS CHAMPIONS,2026-09-28T20:48:06,BELLI BELLI,287,3,0,1,0,9,2,4,0,0,5,0,0,False,False,False
https://replay.pokemonshowdown.com/gen9championsbssregmb-2659880823-i1qk9sp6xniokner3u5tx1xe8ofop1fpw,ok,p2,bloodycheese,Lopunny,,,,,True,BSS CHAMPIONS,2026-09-28T20:48:06,,287,3,0,1,0,9,2,4,0,0,5,0,0,False,False,False
https://replay.pokemonshowdown.com/gen9championsbssregmb-2667569948-d590b4sujoxfyxrgihsxkieptgk143mpw,ok,p1,buenocomoeloro,Staraptor,,,,,False,BSS CHAMPIONS,2026-09-28T20:48:07,,622,2,3,0,0,32,0,10,3,0,8,0,0,False,False,False
https://replay.pokemonshowdown.com/gen9championsbssregmb-2667569948-d590b4sujoxfyxrgihsxkieptgk143mpw,ok,p1,buenocomoeloro,Meowscarada,Knock Off; Triple Axel,,,,False,BSS CHAMPIONS,2026-09-28T20:48:07,,622,2,3,0,0,32,0,10,3,0,8,0,0,False,False,False
https://replay.pokemonshowdown.com/gen9championsbssregmb-2667569948-d590b4sujoxfyxrgihsxkieptgk143mpw,ok,p1,buenocomoeloro,Gholdengo,,,,,False,BSS CHAMPIONS,2026-09-28T20:48:07,,622,2,3,0,0,32,0,10,3,0,8,0,0,False,False,False
https://replay.pokemonshowdown.com/gen9championsbssregmb-2667569948-d590b4sujoxfyxrgihsxkieptgk143mpw,ok,p1,buenocomoeloro,Hippowdon,Earthquake; Slack Off; Stealth Rock; Yawn,,Sitrus Berry,,False,BSS CHAMPIONS,2026-09-28T20:48:07,,622,2,3,0,0,32,0,10,3,0,8,0,0,True,False,False
https://replay.pokemonshowdown.com/gen9championsbssregmb-2667569948-d590b4sujoxfyxrgihsxkieptgk143mpw,ok,p1,buenocomoeloro,Delphox,Psychic,,,,False,BSS CHAMPIONS,2026-09-28T20:48:07,,622,2,3,0,0,32,0,10,3,0,8,0,0,False,True,False
https://replay.pokemonshowdown.com/gen9championsbssregmb-2667569948-d590b4sujoxfyxrgihsxkieptgk143mpw,ok,p1,buenocomoeloro,Archaludon,,,,,False,BSS CHAMPIONS,2026-09-28T20:48:07,,622,2,3,0,0,32,0,10,3,0,8,0,0,False,False,False
https://replay.pokemonshowdown.com/gen9championsbssregmb-2667569948-d590b4sujoxfyxrgihsxkieptgk143mpw,ok,p2,Sasori07,Glimmora,,,,,True,BSS CHAMPIONS,2026-09-28T20:48:07,,622,3,2,0,0,32,5,0,0,0,17,0,0,False,False,False
https://replay.pokemonshowdown.com/gen9championsbssregmb-2667569948-d590b4sujoxfyxrgihsxkieptgk143mpw,ok,p2,Sasori07,Kingambit,,,,,True,BSS CHAMPIONS,2026-09-28T20:48:07,,622,3,2,0,0,32,5,0,0,0,17,0,0,False,False,False
https://replay.pokemonshowdown.com/gen9championsbssregmb-2667569948-d590b4sujoxfyxrgihsxkieptgk143mpw,ok,p2,Sasori07,Garchomp,,,,,True,BSS CHAMPIONS,2026-09-28T20:48:07,,622,3,2,0,0,32,5,0,0,0,17,0,0,False,False,False
https://replay.pokemonshowdown.com/gen9championsbssregmb-2667569948-d590b4sujoxfyxrgihsxkieptgk143mpw,ok,p2,Sasori07,Milotic,Scald,,Leftovers,,True,BSS CHAMPIONS,2026-09-28T20:48:07,,622,3,2,0,0,32,5,0,0,0,17,0,0,False,False,False
https://replay.pokemonshowdown.com/gen9championsbssregmb-2667569948-d590b4sujoxfyxrgihsxkieptgk143mpw,ok,p2,Sasori07,Chesnaught,Leech Seed,,,,True,BSS CHAMPIONS,2026-09-28T20:48:07,,622,3,2,0,0,32,5,0,0,0,17,0,0,True,True,False
https://replay.pokemonshowdown.com/gen9championsbssregmb-2667569948-d590b4sujoxfyxrgihsxkieptgk143mpw,ok,p2,Sasori07,Chandelure,Energy Ball; Flamethrower,,,,True,BSS CHAMPIONS,2026-09-28T20:48:07,,622,3,2,0,0,32,5,0,0,0,17,0,0,False,False,False
https://replay.pokemonshowdown.com/gen9championsbssregmb-2667574529-ajjui5fs6wfc6sxqbuo3mcbxy4b5tgwpw,ok,p1,buenocomoeloro,Staraptor,,,,,True,BSS CHAMPIONS,2026-09-28T20:48:08,,442,3,1,0,0,15,3,1,1,0,0,0,0,False,False,False
https://replay.pokemonshowdown.com/gen9championsbssregmb-2667574529-ajjui5fs6wfc6sxqbuo3mcbxy4b5tgwpw,ok,p1,buenocomoeloro,Meowscarada,Knock Off; U-turn,,,,True,BSS CHAMPIONS,2026-09-28T20:48:08,,442,3,1,0,0,15,3,1,1,0,0,0,0,True,False,False
https://replay.pokemonshowdown.com/gen9championsbssregmb-2667574529-ajjui5fs6wfc6sxqbuo3mcbxy4b5tgwpw,ok,p1,buenocomoeloro,Gholdengo,,,,,True,BSS CHAMPIONS,2026-09-28T20:48:08,,442,3,1,0,0,15,3,1,1,0,0,0,0,False,False,False
https://replay.pokemonshowdown.com/gen9championsbssregmb-2667574529-ajjui5fs6wfc6sxqbuo3mcbxy4b5tgwpw,ok,p1,buenocomoeloro,Hippowdon,Earthquake; Stealth Rock; Yawn,,,,True,BSS CHAMPIONS,2026-09-28T20:48:08,,442,3,1,0,0,15,3,1,1,0,0,0,0,False,False,False
https://replay.pokemonshowdown.com/gen9championsbssregmb-2667574529-ajjui5fs6wfc6sxqbuo3mcbxy4b5tgwpw,ok,p1,buenocomoeloro,Delphox,Psychic; Substitute,,,,True,BSS CHAMPIONS,2026-09-28T20:48:08,,442,3,1,0,0,15,3,1,1,0,0,0,0,False,True,False
https://replay.pokemonshowdown.com/gen9championsbssregmb-2667574529-ajjui5fs6wfc6sxqbuo3mcbxy4b5tgwpw,ok,p1,buenocomoeloro,Archaludon,,,,,True,BSS CHAMPIONS,2026-09-28T20:48:08,,442,3,1,0,0,15,3,1,1,0,0,0,0,False,False,False
https://replay.pokemonshowdown.com/gen9championsbssregmb-2667574529-ajjui5fs6wfc6sxqbuo3mcbxy4b5tgwpw,ok,p2,adpg.alt,Gengar,Disable; Perish Song; Protect,,,,False,BSS CHAMPIONS,2026-09-28T20:48:08,,442,1,3,0,0,15,1,2,0,0,1,0,0,False,True,False
https://replay.pokemonshowdown.com/gen9championsbssregmb-2667574529-ajjui5fs6wfc6sxqbuo3mcbxy4b5tgwpw,ok,p2,adpg.alt,Blaziken,,,,,False,BSS CHAMPIONS,2026-09-28T20:48:08,,442,1,3,0,0,15,1,2,0,0,1,0,0,False,False,False
https://replay.pokemonshowdown.com/gen9championsbssregmb-2667574529-ajjui5fs6wfc6sxqbuo3mcbxy4b5tgwpw,ok,p2,adpg.alt,Orthworm,Heavy Slam; Shed Tail,,Sitrus Berry,,False,BSS CHAMPIONS,2026-09-28T20:48:08,,442,1,3,0,0,15,1,2,0,0,1,0,0,True,False,False
https://replay.pokemonshowdown.com/gen9championsbssregmb-2667574529-ajjui5fs6wfc6sxqbuo3mcbxy4b5tgwpw,ok,p2,adpg.alt,Grimmsnarl,,,,,False,BSS CHAMPIONS,2026-09-28T20:48:08,,442,1,3,0,0,15,1,2,0,0,1,0,0,False,False,False
https://replay.pokemonshowdown.com/gen9championsbssregmb-2667574529-ajjui5fs6wfc6sxqbuo3mcbxy4b5tgwpw,ok,p2,adpg.alt,Basculegion,Aqua Jet,,Life Orb,,False,BSS CHAMPIONS,2026-09-28T20:48:08,,442,1,3,0,0,15,1,2,0,0,1,0,0,False,False,False
https://replay.pokemonshowdown.com/gen9championsbssregmb-2667574529-ajjui5fs6wfc6sxqbuo3mcbxy4b5tgwpw,ok,p2,adpg.alt,Kingambit,,,,,False,BSS CHAMPIONS,2026-09-28T20:48:08,,442,1,3,0,0,15,1,2,0,0,1,0,0,False,False,False
https://replay.pokemonshowdown.com/gen9championsbssregmb-2667581701-uuqihjlylvfdpvpt9ua07xnbhu49y4cpw,ok,p1,Sasori07,Hydreigon,Draco Meteor,,,,False,BSS CHAMPIONS,2026-09-28T20:48:08,,266,1,3,0,3,7,0,1,0,0,0,0,0,False,False,False
https://replay.pokemonshowdown.com/gen9championsbssregmb-2667581701-uuqihjlylvfdpvpt9ua07xnbhu49y4cpw,ok,p1,Sasori07,Lucario,Bullet Punch; Close Combat,,,,False,BSS CHAMPIONS,2026-09-28T20:48:08,,266,1,3,0,3,7,0,1,0,0,0,0,0,False,True,False
https://replay.pokemonshowdown.com/gen9championsbssregmb-2667581701-uuqihjlylvfdpvpt9ua07xnbhu49y4cpw,ok,p1,Sasori07,Delphox,,,,,False,BSS CHAMPIONS,2026-09-28T20:48:08,,266,1,3,0,3,7,0,1,0,0,0,0,0,False,False,False
https://replay.pokemonshowdown.com/gen9championsbssregmb-2667581701-uuqihjlylvfdpvpt9ua07xnbhu49y4cpw,ok,p1,Sasori07,Garchomp,,,,,False,BSS CHAMPIONS,2026-09-28T20:48:08,,266,1,3,0,3,7,0,1,0,0,0,0,0,False,False,False
https://replay.pokemonshowdown.com/gen9championsbssregmb-2667581701-uuqihjlylvfdpvpt9ua07xnbhu49y4cpw,ok,p1,Sasori07,Rotom-Wash,,,,,False,BSS CHAMPIONS,2026-09-28T20:48:08,,266,1,3,0,3,7,0,1,0,0,0,0,0,False,False,False
https://replay.pokemonshowdown.com/gen9championsbssregmb-2667581701-uuqihjlylvfdpvpt9ua07xnbhu49y4cpw,ok,p1,Sasori07,Glimmora,Earth Power; Spiky Shield,,,,False,BSS CHAMPIONS,2026-09-28T20:48:08,,266,1,3,0,3,7,0,1,0,0,0,0,0,True,False,False
https://replay.pokemonshowdown.com/gen9championsbssregmb-2667581701-uuqihjlylvfdpvpt9ua07xnbhu49y4cpw,ok,p2,buenocomoeloro,Staraptor,Close Combat,Intimidate,,,True,BSS CHAMPIONS,2026-09-28T20:48:08,,266,3,1,3,0,7,2,2,0,6,0,0,0,False,True,False
https://replay.pokemonshowdown.com/gen9championsbssregmb-2667581701-uuqihjlylvfdpvpt9ua07xnbhu49y4cpw,ok,p2,buenocomoeloro,Meowscarada,Flower Trick,,,,True,BSS CHAMPIONS,2026-09-28T20:48:08,,266,3,1,3,0,7,2,2,0,6,0,0,0,True,False,False
https://replay.pokemonshowdown.com/gen9championsbssregmb-2667581701-uuqihjlylvfdpvpt9ua07xnbhu49y4cpw,ok,p2,buenocomoeloro,Gholdengo,,,,,True,BSS CHAMPIONS,2026-09-28T20:48:08,,266,3,1,3,0,7,2,2,0,6,0,0,0,False,False,False
https://replay.pokemonshowdown.com/gen9championsbssregmb-2667581701-uuqihjlylvfdpvpt9ua07xnbhu49y4cpw,ok,p2,buenocomoeloro,Hippowdon,,,,,True,BSS CHAMPIONS,2026-09-28T20:48:08,,266,3,1,3,0,7,2,2,0,6,0,0,0,False,False,False
https://replay.pokemonshowdown.com/gen9championsbssregmb-2667581701-uuqihjlylvfdpvpt9ua07xnbhu49y4cpw,ok,p2,buenocomoeloro,Delphox,,,,,True,BSS CHAMPIONS,2026-09-28T20:48:08,,266,3,1,3,0,7,2,2,0,6,0,0,0,False,False,False
https://replay.pokemonshowdown.com/gen9championsbssregmb-2667581701-uuqihjlylvfdpvpt9ua07xnbhu49y4cpw,ok,p2,buenocomoeloro,Archaludon,,,,,True,BSS CHAMPIONS,2026-09-28T20:48:08,,266,3,1,3,0,7,2,2,0,6,0,0,0,False,False,False
https://replay.pokemonshowdown.com/gen9nationaldexmonotype-2654307186-xg52xbr91noworgnxwu7kkonbn52mjxpw,ok,p1,skll02,Rotom-Heat,,,,,True,NAT DEX MONOTYPE,2026-09-28T20:48:09,Rotom,479,6,5,0,0,20,4,2,0,11,3,0,0,False,False,False
https://replay.pokemonshowdown.com/gen9nationaldexmonotype-2654307186-xg52xbr91noworgnxwu7kkonbn52mjxpw,ok,p1,skll02,Volcanion,Steam Eruption,,,,True,NAT DEX MONOTYPE,2026-09-28T20:48:09,,479,6,5,0,0,20,4,2,0,11,3,0,0,False,False,False
https://replay.pokemonshowdown.com/gen9nationaldexmonotype-2654307186-xg52xbr91noworgnxwu7kkonbn52mjxpw,ok,p1,skll02,Charizard,Dragon Claw; Dragon Dance; Earthquake; Roost,,,,True,NAT DEX MONOTYPE,2026-09-28T20:48:09,,479,6,5,0,0,20,4,2,0,11,3,0,0,False,True,False
https://replay.pokemonshowdown.com/gen9nationaldexmonotype-2654307186-xg52xbr91noworgnxwu7kkonbn52mjxpw,ok,p1,skll02,Darmanitan,Rock Slide,,,,True,NAT DEX MONOTYPE,2026-09-28T20:48:09,,479,6,5,0,0,20,4,2,0,11,3,0,0,True,False,False
https://replay.pokemonshowdown.com/gen9nationaldexmonotype-2654307186-xg52xbr91noworgnxwu7kkonbn52mjxpw,ok,p1,skll02,Cinderace,Gunk Shot; High Jump Kick; U-turn,,,,True,NAT DEX MONOTYPE,2026-09-28T20:48:09,,479,6,5,0,0,20,4,2,0,11,3,0,0,False,False,False
https://replay.pokemonshowdown.com/gen9nationaldexmonotype-2654307186-xg52xbr91noworgnxwu7kkonbn52mjxpw,ok,p1,skll02,Victini,Scorching Sands; Z-Celebrate,,,,True,NAT DEX MONOTYPE,2026-09-28T20:48:09,,479,6,5,0,0,20,4,2,0,11,3,0,0,False,False,False
https://replay.pokemonshowdown.com/gen9nationaldexmonotype-2654307186-xg52xbr91noworgnxwu7kkonbn52mjxpw,ok,p2,Bloody cheese,Volcanion,Scald,,,,False,NAT DEX MONOTYPE,2026-09-28T20:48:09,,479,5,6,0,0,20,3,4,0,0,1,0,0,False,False,False
https://replay.pokemonshowdown.com/gen9nationaldexmonotype-2654307186-xg52xbr91noworgnxwu7kkonbn52mjxpw,ok,p2,Bloody cheese,Arcanine-Hisui,Extreme Speed,Intimidate,,,False,NAT DEX MONOTYPE,2026-09-28T20:48:09,Arcanine,479,5,6,0,0,20,3,4,0,0,1,0,0,False,False,False
https://replay.pokemonshowdown.com/gen9nationaldexmonotype-2654307186-xg52xbr91noworgnxwu7kkonbn52mjxpw,ok,p2,Bloody cheese,Tauros-Paldea-Blaze,Close Combat; Zen Headbutt,Intimidate,,,False,NAT DEX MONOTYPE,2026-09-28T20:48:09,Tauros,479,5,6,0,0,20,3,4,0,0,1,0,0,False,False,False
https://replay.pokemonshowdown.com/gen9nationaldexmonotype-2654307186-xg52xbr91noworgnxwu7kkonbn52mjxpw,ok,p2,Bloody cheese,Victini,Final Gambit,,,,False,NAT DEX MONOTYPE,2026-09-28T20:48:09,,479,5,6,0,0,20,3,4,0,0,1,0,0,False,False,False
https://replay.pokemonshowdown.com/gen9nationaldexmonotype-2654307186-xg52xbr91noworgnxwu7kkonbn52mjxpw,ok,p2,Bloody cheese,Rotom-Heat,Thunderbolt; Volt Switch,,,,False,NAT DEX MONOTYPE,2026-09-28T20:48:09,Rotom,479,5,6,0,0,20,3,4,0,0,1,0,0,True,False,False
https://replay.pokemonshowdown.com/gen9nationaldexmonotype-2654307186-xg52xbr91noworgnxwu7kkonbn52mjxpw,ok,p2,Bloody cheese,Chandelure,Dark Pulse,,,,False,NAT DEX MONOTYPE,2026-09-28T20:48:09,,479,5,6,0,0,20,3,4,0,0,1,0,0,False,False,False
https://replay.pokemonshowdown.com/gen9championsvgc2026regmbbo3-2655698501-4bsa6u725p2t7my786o09d3mbc9pg11pw,ok,p1,bloodycheese,Kingambit,Kowtow Cleave; Protect; Sucker Punch; Swords Dance,Defiant,Black Glasses,,False,CHAMPIONS,2026-09-28T20:48:10,,237,1,4,0,0,7,1,2,0,1,1,0,0,False,False,False
https://replay.pokemonshowdown.com/gen9championsvgc2026regmbbo3-2655698501-4bsa6u725p2t7my786o09d3mbc9pg11pw,ok,p1,bloodycheese,Blastoise,Dark Pulse; Protect; Shell Smash; Water Spout,Rain Dish,Blastoisinite,,False,CHAMPIONS,2026-09-28T20:48:10,,237,1,4,0,0,7,1,2,0,1,1,0,0,False,False,False
https://replay.pokemonshowdown.com/gen9championsvgc2026regmbbo3-2655698501-4bsa6u725p2t7my786o09d3mbc9pg11pw,ok,p1,bloodycheese,Incineroar,Darkest Lariat; Fake Out; Flare Blitz; Parting Shot,Intimidate,Sitrus Berry,,False,CHAMPIONS,2026-09-28T20:48:10,,237,1,4,0,0,7,1,2,0,1,1,0,0,False,False,False
https://replay.pokemonshowdown.com/gen9championsvgc2026regmbbo3-2655698501-4bsa6u725p2t7my786o09d3mbc9pg11pw,ok,p1,bloodycheese,Delphox,Heat Wave; Nasty Plot; Protect; Psyshock,Magician,Delphoxite,,False,CHAMPIONS,2026-09-28T20:48:10,,237,1,4,0,0,7,1,2,0,1,1,0,0,False,True,False
https://replay.pokemonshowdown.com/gen9championsvgc2026regmbbo3-2655698501-4bsa6u725p2t7my786o09d3mbc9pg11pw,ok,p1,bloodycheese,Sinistcha,Matcha Gotcha; Protect; Rage Powder; Trick Room,Hospitality,Colbur Berry,,False,CHAMPIONS,2026-09-28T20:48:10,,237,1,4,0,0,7,1,2,0,1,1,0,0,False,False,False
https://replay.pokemonshowdown.com/gen9championsvgc2026regmbbo3-2655698501-4bsa6u725p2t7my786o09d3mbc9pg11pw,ok,p1,bloodycheese,Sneasler,Close Combat; Fake Out; Poison Jab; Quick Guard,Unburden,Focus Sash,,False,CHAMPIONS,2026-09-28T20:48:10,,237,1,4,0,0,7,1,2,0,1,1,0,0,True,False,False
https://replay.pokemonshowdown.com/gen9championsvgc2026regmbbo3-2655698501-4bsa6u725p2t7my786o09d3mbc9pg11pw,ok,p2,car10seduard0,Charizard,Heat Wave; Protect; Solar Beam; Weather Ball,Blaze,Charizardite Y,,True,CHAMPIONS,2026-09-28T20:48:10,,237,4,1,0,0,7,3,1,1,0,0,0,0,True,True,False
https://replay.pokemonshowdown.com/gen9championsvgc2026regmbbo3-2655698501-4bsa6u725p2t7my786o09d3mbc9pg11pw,ok,p2,car10seduard0,Venusaur,Leaf Storm; Protect; Sleep Powder; Sludge Bomb,Chlorophyll,Focus Sash,,True,CHAMPIONS,2026-09-28T20:48:10,,237,4,1,0,0,7,3,1,1,0,0,0,0,False,False,False
https://replay.pokemonshowdown.com/gen9championsvgc2026regmbbo3-2655698501-4bsa6u725p2t7my786o09d3mbc9pg11pw,ok,p2,car10seduard0,Sinistcha,Matcha Gotcha; Protect; Rage Powder; Trick Room,Hospitality,Colbur Berry,,True,CHAMPIONS,2026-09-28T20:48:10,,237,4,1,0,0,7,3,1,1,0,0,0,0,False,False,False
https://replay.pokemonshowdown.com/gen9championsvgc2026regmbbo3-2655698501-4bsa6u725p2t7my786o09d3mbc9pg11pw,ok,p2,car10seduard0,Incineroar,Fake Out; Flare Blitz; Parting Shot; Throat Chop,Intimidate,Sitrus Berry,,True,CHAMPIONS,2026-09-28T20:48:10,,237,4,1,0,0,7,3,1,1,0,0,0,0,False,False,False
https://replay.pokemonshowdown.com/gen9championsvgc2026regmbbo3-2655698501-4bsa6u725p2t7my786o09d3mbc9pg11pw,ok,p2,car10seduard0,Floette-Eternal,Calm Mind; Dazzling Gleam; Moonblast; Protect,Flower Veil,Floettite,,True,CHAMPIONS,2026-09-28T20:48:10,,237,4,1,0,0,7,3,1,1,0,0,0,0,False,False,False
https://replay.pokemonshowdown.com/gen9championsvgc2026regmbbo3-2655698501-4bsa6u725p2t7my786o09d3mbc9pg11pw,ok,p2,car10seduard0,Garchomp,Dragon Claw; Earthquake; Rock Slide; Stomping Tantrum,Rough Skin,Choice Scarf,,True,CHAMPIONS,2026-09-28T20:48:10,,237,4,1,0,0,7,3,1,1,0,0,0,0,False,False,False
https://replay.pokemonshowdown.com/gen9championsvgc2026regmb-2659817400-5r2vns1q7n9at0s18h4puee8ww835xcpw,ok,p1,shinkahma,Metagross,Body Press; Iron Head; Protect; Stomping Tantrum,Clear Body,Metagrossite,,False,CHAMPIONS,2026-09-28T20:48:10,,350,1,4,0,1,8,1,1,0,0,0,0,0,False,False,False
https://replay.pokemonshowdown.com/gen9championsvgc2026regmb-2659817400-5r2vns1q7n9at0s18h4puee8ww835xcpw,ok,p1,shinkahma,Sneasler,Close Combat; Coaching; Dire Claw; Fake Out,Unburden,White Herb,,False,CHAMPIONS,2026-09-28T20:48:10,,350,1,4,0,1,8,1,1,0,0,0,0,0,False,False,False
https://replay.pokemonshowdown.com/gen9championsvgc2026regmb-2659817400-5r2vns1q7n9at0s18h4puee8ww835xcpw,ok,p1,shinkahma,Floette-Eternal,Calm Mind; Dazzling Gleam; Draining Kiss; Protect,Fairy Aura; Flower Veil,Floettite,,False,CHAMPIONS,2026-09-28T20:48:10,Rosa de Guadalupa,350,1,4,0,1,8,1,1,0,0,0,0,0,False,True,False
https://replay.pokemonshowdown.com/gen9championsvgc2026regmb-2659817400-5r2vns1q7n9at0s18h4puee8ww835xcpw,ok,p1,shinkahma,Hydreigon,Dark Pulse; Draco Meteor; Heat Wave; Snarl,Levitate,Choice Scarf,,False,CHAMPIONS,2026-09-28T20:48:10,Leito Moonlight,350,1,4,0,1,8,1,1,0,0,0,0,0,False,False,False
https://replay.pokemonshowdown.com/gen9championsvgc2026regmb-2659817400-5r2vns1q7n9at0s18h4puee8ww835xcpw,ok,p1,shinkahma,Incineroar,Darkest Lariat; Fake Out; Flare Blitz; Parting Shot,Intimidate,Passho Berry,,False,CHAMPIONS,2026-09-28T20:48:10,Tigre Toño,350,1,4,0,1,8,1,1,0,0,0,0,0,False,False,False
https://replay.pokemonshowdown.com/gen9championsvgc2026regmb-2659817400-5r2vns1q7n9at0s18h4puee8ww835xcpw,ok,p1,shinkahma,Aerodactyl,Dual Wingbeat; Rock Slide; Tailwind; Wide Guard,Unnerve,Focus Sash,,False,CHAMPIONS,2026-09-28T20:48:10,Pajatactyl,350,1,4,0,1,8,1,1,0,0,0,0,0,True,False,False
https://replay.pokemonshowdown.com/gen9championsvgc2026regmb-2659817400-5r2vns1q7n9at0s18h4puee8ww835xcpw,ok,p2,Bloody cheese,Charizard,Heat Wave; Protect; Solar Beam; Weather Ball,Solar Power,Charizardite Y,,True,CHAMPIONS,2026-09-28T20:48:10,,350,4,1,1,0,8,1,2,0,2,4,0,0,False,False,False
https://replay.pokemonshowdown.com/gen9championsvgc2026regmb-2659817400-5r2vns1q7n9at0s18h4puee8ww835xcpw,ok,p2,Bloody cheese,Floette-Eternal,Calm Mind; Dazzling Gleam; Moonblast; Protect,Fairy Aura; Flower Veil,Floettite,,True,CHAMPIONS,2026-09-28T20:48:10,Floette,350,4,1,1,0,8,1,2,0,2,4,0,0,False,True,False
https://replay.pokemonshowdown.com/gen9championsvgc2026regmb-2659817400-5r2vns1q7n9at0s18h4puee8ww835xcpw,ok,p2,Bloody cheese,Garchomp,Dragon Claw; Earthquake; Rock Slide; Stomping Tantrum,Rough Skin,Choice Scarf,,True,CHAMPIONS,2026-09-28T20:48:10,,350,4,1,1,0,8,1,2,0,2,4,0,0,True,False,False
https://replay.pokemonshowdown.com/gen9championsvgc2026regmb-2659817400-5r2vns1q7n9at0s18h4puee8ww835xcpw,ok,p2,Bloody cheese,Sinistcha,Matcha Gotcha; Protect; Rage Powder; Trick Room,Hospitality,Colbur Berry,,True,CHAMPIONS,2026-09-28T20:48:10,,350,4,1,1,0,8,1,2,0,2,4,0,0,False,False,False
https://replay.pokemonshowdown.com/gen9championsvgc2026regmb-2659817400-5r2vns1q7n9at0s18h4puee8ww835xcpw,ok,p2,Bloody cheese,Incineroar,Fake Out; Flare Blitz; Parting Shot; Throat Chop,Intimidate,Sitrus Berry,,True,CHAMPIONS,2026-09-28T20:48:10,,350,4,1,1,0,8,1,2,0,2,4,0,0,False,False,False
https://replay.pokemonshowdown.com/gen9championsvgc2026regmb-2659817400-5r2vns1q7n9at0s18h4puee8ww835xcpw,ok,p2,Bloody cheese,Venusaur,Leaf Storm; Protect; Sleep Powder; Sludge Bomb,Chlorophyll,Focus Sash,,True,CHAMPIONS,2026-09-28T20:48:10,,350,4,1,1,0,8,1,2,0,2,4,0,0,False,False,False
https://replay.pokemonshowdown.com/gen9nationaldexmonotype-2670981425-aiy3vtddktqkax5omkjwu7k12p4vf0bpw,ok,p1,Porygon Anty-Z,Torkoal,Stealth Rock; Yawn,,,,True,NAT DEX MONOTYPE,2026-09-28T20:48:11,,358,6,2,1,1,15,4,0,1,3,0,0,0,True,False,False
https://replay.pokemonshowdown.com/gen9nationaldexmonotype-2670981425-aiy3vtddktqkax5omkjwu7k12p4vf0bpw,ok,p1,Porygon Anty-Z,Arcanine-Hisui,Head Smash,,,,True,NAT DEX MONOTYPE,2026-09-28T20:48:11,Arcanine,358,6,2,1,1,15,4,0,1,3,0,0,0,False,False,False
https://replay.pokemonshowdown.com/gen9nationaldexmonotype-2670981425-aiy3vtddktqkax5omkjwu7k12p4vf0bpw,ok,p1,Porygon Anty-Z,Rotom-Heat,,,,,True,NAT DEX MONOTYPE,2026-09-28T20:48:11,,358,6,2,1,1,15,4,0,1,3,0,0,0,False,False,False
https://replay.pokemonshowdown.com/gen9nationaldexmonotype-2670981425-aiy3vtddktqkax5omkjwu7k12p4vf0bpw,ok,p1,Porygon Anty-Z,Tauros-Paldea-Blaze,,,,,True,NAT DEX MONOTYPE,2026-09-28T20:48:11,,358,6,2,1,1,15,4,0,1,3,0,0,0,False,False,False
https://replay.pokemonshowdown.com/gen9nationaldexmonotype-2670981425-aiy3vtddktqkax5omkjwu7k12p4vf0bpw,ok,p1,Porygon Anty-Z,Charizard,Rock Slide; Substitute,,,,True,NAT DEX MONOTYPE,2026-09-28T20:48:11,,358,6,2,1,1,15,4,0,1,3,0,0,0,False,True,False
https://replay.pokemonshowdown.com/gen9nationaldexmonotype-2670981425-aiy3vtddktqkax5omkjwu7k12p4vf0bpw,ok,p1,Porygon Anty-Z,Ceruledge,Poltergeist; Shadow Sneak; Swords Dance,Weak Armor,Focus Sash,,True,NAT DEX MONOTYPE,2026-09-28T20:48:11,,358,6,2,1,1,15,4,0,1,3,0,0,0,False,False,False
https://replay.pokemonshowdown.com/gen9nationaldexmonotype-2670981425-aiy3vtddktqkax5omkjwu7k12p4vf0bpw,ok,p2,bloodycheese,Volcanion,,,,,False,NAT DEX MONOTYPE,2026-09-28T20:48:11,,358,2,6,1,1,15,5,1,0,0,3,0,0,False,False,False
https://replay.pokemonshowdown.com/gen9nationaldexmonotype-2670981425-aiy3vtddktqkax5omkjwu7k12p4vf0bpw,ok,p2,bloodycheese,Arcanine-Hisui,Head Smash,Intimidate,,,False,NAT DEX MONOTYPE,2026-09-28T20:48:11,Arcanine,358,2,6,1,1,15,5,1,0,0,3,0,0,False,False,False
https://replay.pokemonshowdown.com/gen9nationaldexmonotype-2670981425-aiy3vtddktqkax5omkjwu7k12p4vf0bpw,ok,p2,bloodycheese,Tauros-Paldea-Blaze,Rock Slide,Intimidate,,,False,NAT DEX MONOTYPE,2026-09-28T20:48:11,Tauros,358,2,6,1,1,15,5,1,0,0,3,0,0,True,False,False
https://replay.pokemonshowdown.com/gen9nationaldexmonotype-2670981425-aiy3vtddktqkax5omkjwu7k12p4vf0bpw,ok,p2,bloodycheese,Cinderace,,,,,False,NAT DEX MONOTYPE,2026-09-28T20:48:11,,358,2,6,1,1,15,5,1,0,0,3,0,0,False,False,False
https://replay.pokemonshowdown.com/gen9nationaldexmonotype-2670981425-aiy3vtddktqkax5omkjwu7k12p4vf0bpw,ok,p2,bloodycheese,Rotom-Heat,Thunder Wave; Thunderbolt,,,,False,NAT DEX MONOTYPE,2026-09-28T20:48:11,Rotom,358,2,6,1,1,15,5,1,0,0,3,0,0,False,False,False
https://replay.pokemonshowdown.com/gen9nationaldexmonotype-2670981425-aiy3vtddktqkax5omkjwu7k12p4vf0bpw,ok,p2,bloodycheese,Chandelure,,,,,False,NAT DEX MONOTYPE,2026-09-28T20:48:11,,358,2,6,1,1,15,5,1,0,0,3,0,0,False,False,False
https://replay.pokemonshowdown.com/gen9nationaldexdoubles-2666880390-c7oh2gy2v567bk4hrpt1da187doed0ppw,ok,p1,bloodycheese,Mudsdale,,,,,True,NAT DEX DOBLES,2026-09-28T20:48:12,,270,6,1,0,0,8,8,1,0,0,1,0,0,False,False,False
https://replay.pokemonshowdown.com/gen9nationaldexdoubles-2666880390-c7oh2gy2v567bk4hrpt1da187doed0ppw,ok,p1,bloodycheese,Zeraora,Knock Off; Plasma Fists,,,,True,NAT DEX DOBLES,2026-09-28T20:48:12,,270,6,1,0,0,8,8,1,0,0,1,0,0,False,False,False
https://replay.pokemonshowdown.com/gen9nationaldexdoubles-2666880390-c7oh2gy2v567bk4hrpt1da187doed0ppw,ok,p1,bloodycheese,Incineroar,Fake Out; Flare Blitz; Parting Shot,Intimidate,Sitrus Berry,,True,NAT DEX DOBLES,2026-09-28T20:48:12,,270,6,1,0,0,8,8,1,0,0,1,0,0,True,False,False
https://replay.pokemonshowdown.com/gen9nationaldexdoubles-2666880390-c7oh2gy2v567bk4hrpt1da187doed0ppw,ok,p1,bloodycheese,Primarina,Hyper Voice,,,,True,NAT DEX DOBLES,2026-09-28T20:48:12,,270,6,1,0,0,8,8,1,0,0,1,0,0,False,False,False
https://replay.pokemonshowdown.com/gen9nationaldexdoubles-2666880390-c7oh2gy2v567bk4hrpt1da187doed0ppw,ok,p1,bloodycheese,Kommo-o,,,,,True,NAT DEX DOBLES,2026-09-28T20:48:12,,270,6,1,0,0,8,8,1,0,0,1,0,0,False,False,False
https://replay.pokemonshowdown.com/gen9nationaldexdoubles-2666880390-c7oh2gy2v567bk4hrpt1da187doed0ppw,ok,p1,bloodycheese,Dhelmise,,,,,True,NAT DEX DOBLES,2026-09-28T20:48:12,,270,6,1,0,0,8,8,1,0,0,1,0,0,False,False,False
https://replay.pokemonshowdown.com/gen9nationaldexdoubles-2666880390-c7oh2gy2v567bk4hrpt1da187doed0ppw,ok,p2,MafiaPolar6242,Blaziken,Close Combat,Speed Boost,,,False,NAT DEX DOBLES,2026-09-28T20:48:12,,270,1,6,0,0,8,0,2,0,5,4,0,0,False,False,False
https://replay.pokemonshowdown.com/gen9nationaldexdoubles-2666880390-c7oh2gy2v567bk4hrpt1da187doed0ppw,ok,p2,MafiaPolar6242,Phione,Protect; Rain Dance,,,,False,NAT DEX DOBLES,2026-09-28T20:48:12,,270,1,6,0,0,8,0,2,0,5,4,0,0,False,False,False
https://replay.pokemonshowdown.com/gen9nationaldexdoubles-2666880390-c7oh2gy2v567bk4hrpt1da187doed0ppw,ok,p2,MafiaPolar6242,Venusaur,,,,,False,NAT DEX DOBLES,2026-09-28T20:48:12,,270,1,6,0,0,8,0,2,0,5,4,0,0,False,False,False
https://replay.pokemonshowdown.com/gen9nationaldexdoubles-2666880390-c7oh2gy2v567bk4hrpt1da187doed0ppw,ok,p2,MafiaPolar6242,Glaceon,Baton Pass; Calm Mind; Icy Wind,,,,False,NAT DEX DOBLES,2026-09-28T20:48:12,,270,1,6,0,0,8,0,2,0,5,4,0,0,False,False,False
https://replay.pokemonshowdown.com/gen9nationaldexdoubles-2666880390-c7oh2gy2v567bk4hrpt1da187doed0ppw,ok,p2,MafiaPolar6242,Blastoise,,,,,False,NAT DEX DOBLES,2026-09-28T20:48:12,,270,1,6,0,0,8,0,2,0,5,4,0,0,False,True,False
https://replay.pokemonshowdown.com/gen9nationaldexdoubles-2666880390-c7oh2gy2v567bk4hrpt1da187doed0ppw,ok,p2,MafiaPolar6242,Jirachi,Protect; Sunny Day,,Leftovers,,False,NAT DEX DOBLES,2026-09-28T20:48:12,,270,1,6,0,0,8,0,2,0,5,4,0,0,True,False,False
https://replay.pokemonshowdown.com/gen9nationaldexdoubles-2666981861-4nn3ukqyc9sdrvw33g3j6dl42jindcjpw,ok,p1,bloodycheese,Mudsdale,High Horsepower; Stealth Rock,Stamina,,,True,NAT DEX DOBLES,2026-09-28T20:48:12,,394,6,0,0,0,9,1,0,0,6,1,0,0,False,False,False
https://replay.pokemonshowdown.com/gen9nationaldexdoubles-2666981861-4nn3ukqyc9sdrvw33g3j6dl42jindcjpw,ok,p1,bloodycheese,Zeraora,Plasma Fists,,,,True,NAT DEX DOBLES,2026-09-28T20:48:12,,394,6,0,0,0,9,1,0,0,6,1,0,0,True,False,False
https://replay.pokemonshowdown.com/gen9nationaldexdoubles-2666981861-4nn3ukqyc9sdrvw33g3j6dl42jindcjpw,ok,p1,bloodycheese,Incineroar,Fake Out; Parting Shot,Intimidate,,,True,NAT DEX DOBLES,2026-09-28T20:48:12,,394,6,0,0,0,9,1,0,0,6,1,0,0,False,False,False
https://replay.pokemonshowdown.com/gen9nationaldexdoubles-2666981861-4nn3ukqyc9sdrvw33g3j6dl42jindcjpw,ok,p1,bloodycheese,Primarina,,,,,True,NAT DEX DOBLES,2026-09-28T20:48:12,,394,6,0,0,0,9,1,0,0,6,1,0,0,False,False,False
https://replay.pokemonshowdown.com/gen9nationaldexdoubles-2666981861-4nn3ukqyc9sdrvw33g3j6dl42jindcjpw,ok,p1,bloodycheese,Kommo-o,Clanging Scales; Clangorous Soulblaze; Protect,,,,True,NAT DEX DOBLES,2026-09-28T20:48:12,,394,6,0,0,0,9,1,0,0,6,1,0,0,False,False,False
https://replay.pokemonshowdown.com/gen9nationaldexdoubles-2666981861-4nn3ukqyc9sdrvw33g3j6dl42jindcjpw,ok,p1,bloodycheese,Dhelmise,Anchor Shot; Power Whip; Toxic,,,,True,NAT DEX DOBLES,2026-09-28T20:48:12,,394,6,0,0,0,9,1,0,0,6,1,0,0,False,False,False
https://replay.pokemonshowdown.com/gen9nationaldexdoubles-2666981861-4nn3ukqyc9sdrvw33g3j6dl42jindcjpw,ok,p2,trnchi,Charizard,Heat Wave,,,,False,NAT DEX DOBLES,2026-09-28T20:48:12,,394,0,6,0,0,9,2,3,1,3,2,0,0,True,True,False
https://replay.pokemonshowdown.com/gen9nationaldexdoubles-2666981861-4nn3ukqyc9sdrvw33g3j6dl42jindcjpw,ok,p2,trnchi,Pidgeot,,,,,False,NAT DEX DOBLES,2026-09-28T20:48:12,,394,0,6,0,0,9,2,3,1,3,2,0,0,False,False,False
https://replay.pokemonshowdown.com/gen9nationaldexdoubles-2666981861-4nn3ukqyc9sdrvw33g3j6dl42jindcjpw,ok,p2,trnchi,Venusaur,Sleep Powder,,,,False,NAT DEX DOBLES,2026-09-28T20:48:12,,394,0,6,0,0,9,2,3,1,3,2,0,0,False,False,False
https://replay.pokemonshowdown.com/gen9nationaldexdoubles-2666981861-4nn3ukqyc9sdrvw33g3j6dl42jindcjpw,ok,p2,trnchi,Raichu,Fake Out; Nuzzle; Protect,Lightning Rod,,,False,NAT DEX DOBLES,2026-09-28T20:48:12,,394,0,6,0,0,9,2,3,1,3,2,0,0,False,False,False
https://replay.pokemonshowdown.com/gen9nationaldexdoubles-2666981861-4nn3ukqyc9sdrvw33g3j6dl42jindcjpw,ok,p2,trnchi,Snorlax,Curse; High Horsepower,,,,False,NAT DEX DOBLES,2026-09-28T20:48:12,,394,0,6,0,0,9,2,3,1,3,2,0,0,False,False,False
https://replay.pokemonshowdown.com/gen9nationaldexdoubles-2666981861-4nn3ukqyc9sdrvw33g3j6dl42jindcjpw,ok,p2,trnchi,Blastoise,Icy Wind,,,,False,NAT DEX DOBLES,2026-09-28T20:48:12,,394,0,6,0,0,9,2,3,1,3,2,0,0,False,False,False
https://replay.pokemonshowdown.com/gen9nationaldexdoubles-2666460912-yuw5jve9d2xtavfucdt9swmolf5kmt2pw,ok,p1,bloodycheese,Mudsdale,Roar; Stealth Rock,Stamina,Leftovers,,False,NAT DEX DOBLES,2026-09-28T20:48:13,,722,1,6,1,2,20,2,3,0,8,12,0,0,False,False,False
https://replay.pokemonshowdown.com/gen9nationaldexdoubles-2666460912-yuw5jve9d2xtavfucdt9swmolf5kmt2pw,ok,p1,bloodycheese,Zeraora,Discharge; Protect; Volt Switch,,,,False,NAT DEX DOBLES,2026-09-28T20:48:13,,722,1,6,1,2,20,2,3,0,8,12,0,0,False,False,False
https://replay.pokemonshowdown.com/gen9nationaldexdoubles-2666460912-yuw5jve9d2xtavfucdt9swmolf5kmt2pw,ok,p1,bloodycheese,Incineroar,Fake Out; Parting Shot,Intimidate,Sitrus Berry,,False,NAT DEX DOBLES,2026-09-28T20:48:13,,722,1,6,1,2,20,2,3,0,8,12,0,0,True,False,False
https://replay.pokemonshowdown.com/gen9nationaldexdoubles-2666460912-yuw5jve9d2xtavfucdt9swmolf5kmt2pw,ok,p1,bloodycheese,Primarina,Hyper Voice,,,Poison,False,NAT DEX DOBLES,2026-09-28T20:48:13,,722,1,6,1,2,20,2,3,0,8,12,0,0,False,False,True
https://replay.pokemonshowdown.com/gen9nationaldexdoubles-2666460912-yuw5jve9d2xtavfucdt9swmolf5kmt2pw,ok,p1,bloodycheese,Kommo-o,Clanging Scales; Clangorous Soulblaze; Flamethrower; Flash Cannon; Protect,,,,False,NAT DEX DOBLES,2026-09-28T20:48:13,,722,1,6,1,2,20,2,3,0,8,12,0,0,False,False,False
https://replay.pokemonshowdown.com/gen9nationaldexdoubles-2666460912-yuw5jve9d2xtavfucdt9swmolf5kmt2pw,ok,p1,bloodycheese,Dhelmise,Ally Switch,Stamina,,,False,NAT DEX DOBLES,2026-09-28T20:48:13,,722,1,6,1,2,20,2,3,0,8,12,0,0,False,False,False
https://replay.pokemonshowdown.com/gen9nationaldexdoubles-2666460912-yuw5jve9d2xtavfucdt9swmolf5kmt2pw,ok,p2,MisteryGold,Morpeko,,,,,True,NAT DEX DOBLES,2026-09-28T20:48:13,Peko peko,722,6,1,2,1,20,5,2,0,3,38,0,0,False,False,False
https://replay.pokemonshowdown.com/gen9nationaldexdoubles-2666460912-yuw5jve9d2xtavfucdt9swmolf5kmt2pw,ok,p2,MisteryGold,Rillaboom,High Horsepower; U-turn,,,,True,NAT DEX DOBLES,2026-09-28T20:48:13,Gorila simp,722,6,1,2,1,20,5,2,0,3,38,0,0,False,False,False
https://replay.pokemonshowdown.com/gen9nationaldexdoubles-2666460912-yuw5jve9d2xtavfucdt9swmolf5kmt2pw,ok,p2,MisteryGold,Toxicroak,Fake Out; Knock Off,,,,True,NAT DEX DOBLES,2026-09-28T20:48:13,Renacuajo,722,6,1,2,1,20,5,2,0,3,38,0,0,False,False,False
https://replay.pokemonshowdown.com/gen9nationaldexdoubles-2666460912-yuw5jve9d2xtavfucdt9swmolf5kmt2pw,ok,p2,MisteryGold,Scrafty,Drain Punch; Fake Out; Knock Off; Snarl,Intimidate,,,True,NAT DEX DOBLES,2026-09-28T20:48:13,Gruñón,722,6,1,2,1,20,5,2,0,3,38,0,0,False,False,False
https://replay.pokemonshowdown.com/gen9nationaldexdoubles-2666460912-yuw5jve9d2xtavfucdt9swmolf5kmt2pw,ok,p2,MisteryGold,Moltres-Galar,Air Slash; Fiery Wrath; Nasty Plot; Protect,Berserk,,Poison,True,NAT DEX DOBLES,2026-09-28T20:48:13,Moltres con estilo,722,6,1,2,1,20,5,2,0,3,38,0,0,False,False,True
https://replay.pokemonshowdown.com/gen9nationaldexdoubles-2666460912-yuw5jve9d2xtavfucdt9swmolf5kmt2pw,ok,p2,MisteryGold,Grimmsnarl,Light Screen; Reflect; Thunder Wave,,,,True,NAT DEX DOBLES,2026-09-28T20:48:13,Papucho,722,6,1,2,1,20,5,2,0,3,38,0,0,True,False,False
https://replay.pokemonshowdown.com/gen9nationaldexdoubles-2666480555-x4rqeh34y7450jxt4tfreyc581wsunmpw,ok,p1,Okari958,Claydol,Earth Power; Stealth Rock; Trick Room,,Sitrus Berry,,False,NAT DEX DOBLES,2026-09-28T20:48:14,,1058,2,5,0,2,13,4,0,0,2,10,0,0,False,False,False
https://replay.pokemonshowdown.com/gen9nationaldexdoubles-2666480555-x4rqeh34y7450jxt4tfreyc581wsunmpw,ok,p1,Okari958,Arcanine,Extreme Speed; Morning Sun; Will-O-Wisp,Intimidate,Rocky Helmet,,False,NAT DEX DOBLES,2026-09-28T20:48:14,,1058,2,5,0,2,13,4,0,0,2,10,0,0,True,False,False
https://replay.pokemonshowdown.com/gen9nationaldexdoubles-2666480555-x4rqeh34y7450jxt4tfreyc581wsunmpw,ok,p1,Okari958,Venusaur,Giga Drain; Sleep Powder,,,,False,NAT DEX DOBLES,2026-09-28T20:48:14,,1058,2,5,0,2,13,4,0,0,2,10,0,0,False,False,False
https://replay.pokemonshowdown.com/gen9nationaldexdoubles-2666480555-x4rqeh34y7450jxt4tfreyc581wsunmpw,ok,p1,Okari958,Shiftry,,,,,False,NAT DEX DOBLES,2026-09-28T20:48:14,,1058,2,5,0,2,13,4,0,0,2,10,0,0,False,False,False
https://replay.pokemonshowdown.com/gen9nationaldexdoubles-2666480555-x4rqeh34y7450jxt4tfreyc581wsunmpw,ok,p1,Okari958,Slaking,Play Rough,,,,False,NAT DEX DOBLES,2026-09-28T20:48:14,,1058,2,5,0,2,13,4,0,0,2,10,0,0,False,False,False
https://replay.pokemonshowdown.com/gen9nationaldexdoubles-2666480555-x4rqeh34y7450jxt4tfreyc581wsunmpw,ok,p1,Okari958,Suicune,Calm Mind; Ice Beam; Protect,Pressure,,Ice,False,NAT DEX DOBLES,2026-09-28T20:48:14,,1058,2,5,0,2,13,4,0,0,2,10,0,0,False,False,True
https://replay.pokemonshowdown.com/gen9nationaldexdoubles-2666480555-x4rqeh34y7450jxt4tfreyc581wsunmpw,ok,p2,bloodycheese,Mudsdale,Body Press; High Horsepower; Roar; Stealth Rock,,,,True,NAT DEX DOBLES,2026-09-28T20:48:14,,1058,5,2,2,0,13,5,3,0,5,3,0,0,False,False,False
https://replay.pokemonshowdown.com/gen9nationaldexdoubles-2666480555-x4rqeh34y7450jxt4tfreyc581wsunmpw,ok,p2,bloodycheese,Zeraora,Close Combat,,,,True,NAT DEX DOBLES,2026-09-28T20:48:14,,1058,5,2,2,0,13,5,3,0,5,3,0,0,False,False,False
https://replay.pokemonshowdown.com/gen9nationaldexdoubles-2666480555-x4rqeh34y7450jxt4tfreyc581wsunmpw,ok,p2,bloodycheese,Incineroar,Knock Off; Parting Shot,Intimidate,Sitrus Berry,,True,NAT DEX DOBLES,2026-09-28T20:48:14,,1058,5,2,2,0,13,5,3,0,5,3,0,0,True,False,False
https://replay.pokemonshowdown.com/gen9nationaldexdoubles-2666480555-x4rqeh34y7450jxt4tfreyc581wsunmpw,ok,p2,bloodycheese,Primarina,Hyper Voice,,,Poison,True,NAT DEX DOBLES,2026-09-28T20:48:14,,1058,5,2,2,0,13,5,3,0,5,3,0,0,False,False,True
https://replay.pokemonshowdown.com/gen9nationaldexdoubles-2666480555-x4rqeh34y7450jxt4tfreyc581wsunmpw,ok,p2,bloodycheese,Kommo-o,Anchor Shot; Clanging Scales; Clangorous Soulblaze; Power Whip; Protect,,,,True,NAT DEX DOBLES,2026-09-28T20:48:14,,1058,5,2,2,0,13,5,3,0,5,3,0,0,False,False,False
https://replay.pokemonshowdown.com/gen9nationaldexdoubles-2666480555-x4rqeh34y7450jxt4tfreyc581wsunmpw,ok,p2,bloodycheese,Dhelmise,Ally Switch; Clanging Scales; Power Whip; Protect,,,,True,NAT DEX DOBLES,2026-09-28T20:48:14,,1058,5,2,2,0,13,5,3,0,5,3,0,0,False,False,False
https://replay.pokemonshowdown.com/gen9championsvgc2026regmbbo3-2667937545-h19w83emigrdgcngyl71drm14e3n8fbpw,ok,p1,Bloody cheese,Charizard,Heat Wave; Protect; Solar Beam; Weather Ball,Solar Power,Charizardite Y,,True,CHAMPIONS,2026-09-28T20:48:15,,237,4,2,0,1,8,3,5,0,0,1,0,0,False,True,False
https://replay.pokemonshowdown.com/gen9championsvgc2026regmbbo3-2667937545-h19w83emigrdgcngyl71drm14e3n8fbpw,ok,p1,Bloody cheese,Floette-Eternal,Dazzling Gleam; Lightof Ruin; Moonblast; Protect,Flower Veil,Floettite,,True,CHAMPIONS,2026-09-28T20:48:15,,237,4,2,0,1,8,3,5,0,0,1,0,0,False,False,False
https://replay.pokemonshowdown.com/gen9championsvgc2026regmbbo3-2667937545-h19w83emigrdgcngyl71drm14e3n8fbpw,ok,p1,Bloody cheese,Garchomp,Dragon Claw; Earthquake; Rock Slide; Stomping Tantrum,Rough Skin,Choice Scarf,,True,CHAMPIONS,2026-09-28T20:48:15,,237,4,2,0,1,8,3,5,0,0,1,0,0,False,False,False
https://replay.pokemonshowdown.com/gen9championsvgc2026regmbbo3-2667937545-h19w83emigrdgcngyl71drm14e3n8fbpw,ok,p1,Bloody cheese,Sinistcha,Matcha Gotcha; Protect; Rage Powder; Trick Room,Hospitality,Colbur Berry,,True,CHAMPIONS,2026-09-28T20:48:15,,237,4,2,0,1,8,3,5,0,0,1,0,0,False,False,False
https://replay.pokemonshowdown.com/gen9championsvgc2026regmbbo3-2667937545-h19w83emigrdgcngyl71drm14e3n8fbpw,ok,p1,Bloody cheese,Incineroar,Fake Out; Flare Blitz; Parting Shot; Throat Chop,Intimidate,Sitrus Berry,,True,CHAMPIONS,2026-09-28T20:48:15,,237,4,2,0,1,8,3,5,0,0,1,0,0,True,False,False
https://replay.pokemonshowdown.com/gen9championsvgc2026regmbbo3-2667937545-h19w83emigrdgcngyl71drm14e3n8fbpw,ok,p1,Bloody cheese,Venusaur,Leaf Storm; Protect; Sleep Powder; Sludge Bomb,Chlorophyll,Focus Sash,,True,CHAMPIONS,2026-09-28T20:48:15,,237,4,2,0,1,8,3,5,0,0,1,0,0,False,False,False
https://replay.pokemonshowdown.com/gen9championsvgc2026regmbbo3-2667937545-h19w83emigrdgcngyl71drm14e3n8fbpw,ok,p2,tmmc01,Venusaur,Energy Ball; Protect; Sleep Powder; Sludge Bomb,Chlorophyll,Focus Sash,,False,CHAMPIONS,2026-09-28T20:48:15,,237,2,4,1,0,8,3,5,1,0,0,0,0,False,False,False
https://replay.pokemonshowdown.com/gen9championsvgc2026regmbbo3-2667937545-h19w83emigrdgcngyl71drm14e3n8fbpw,ok,p2,tmmc01,Delphox,Heat Wave; Overheat; Protect; Psychic,Blaze,Delphoxite,,False,CHAMPIONS,2026-09-28T20:48:15,,237,2,4,1,0,8,3,5,1,0,0,0,0,False,True,False
https://replay.pokemonshowdown.com/gen9championsvgc2026regmbbo3-2667937545-h19w83emigrdgcngyl71drm14e3n8fbpw,ok,p2,tmmc01,Basculegion,Aqua Jet; Flip Turn; Last Respects; Wave Crash,Adaptability,Choice Scarf,,False,CHAMPIONS,2026-09-28T20:48:15,,237,2,4,1,0,8,3,5,1,0,0,0,0,False,False,False
https://replay.pokemonshowdown.com/gen9championsvgc2026regmbbo3-2667937545-h19w83emigrdgcngyl71drm14e3n8fbpw,ok,p2,tmmc01,Torkoal,Earth Power; Eruption; Protect; Weather Ball,Drought,Charcoal,,False,CHAMPIONS,2026-09-28T20:48:15,,237,2,4,1,0,8,3,5,1,0,0,0,0,False,False,False
https://replay.pokemonshowdown.com/gen9championsvgc2026regmbbo3-2667937545-h19w83emigrdgcngyl71drm14e3n8fbpw,ok,p2,tmmc01,Farigiraf,Skill Swap; Thunderbolt; Trick Room; Twin Beam,Armor Tail; Intimidate,Iron Ball,,False,CHAMPIONS,2026-09-28T20:48:15,,237,2,4,1,0,8,3,5,1,0,0,0,0,True,False,False
https://replay.pokemonshowdown.com/gen9championsvgc2026regmbbo3-2667937545-h19w83emigrdgcngyl71drm14e3n8fbpw,ok,p2,tmmc01,Maushold,Feint; Follow Me; Population Bomb; Protect,Technician,Wide Lens,,False,CHAMPIONS,2026-09-28T20:48:15,,237,2,4,1,0,8,3,5,1,0,0,0,0,False,False,False
https://replay.pokemonshowdown.com/gen9championsrandombattle-2666495934-s39eik57u65uou84jf7tka7mk5w8ng6pw,ok,p1,roy kasoy,Gourgeist,Leech Seed; Power Whip; Substitute,,,,False,RANDBATS CHAMPIONS,2026-09-28T20:48:15,,550,2,6,0,1,25,0,1,0,1,21,0,0,True,False,False
https://replay.pokemonshowdown.com/gen9championsrandombattle-2666495934-s39eik57u65uou84jf7tka7mk5w8ng6pw,ok,p1,roy kasoy,Quaquaval,Aqua Step,,Leftovers,,False,RANDBATS CHAMPIONS,2026-09-28T20:48:15,,550,2,6,0,1,25,0,1,0,1,21,0,0,False,False,False
https://replay.pokemonshowdown.com/gen9championsrandombattle-2666495934-s39eik57u65uou84jf7tka7mk5w8ng6pw,ok,p1,roy kasoy,Bastiodon,Body Press,,,,False,RANDBATS CHAMPIONS,2026-09-28T20:48:15,,550,2,6,0,1,25,0,1,0,1,21,0,0,False,False,False
https://replay.pokemonshowdown.com/gen9championsrandombattle-2666495934-s39eik57u65uou84jf7tka7mk5w8ng6pw,ok,p1,roy kasoy,Farigiraf,Body Slam; Protect; Wish,,Leftovers,,False,RANDBATS CHAMPIONS,2026-09-28T20:48:15,,550,2,6,0,1,25,0,1,0,1,21,0,0,False,False,False
https://replay.pokemonshowdown.com/gen9championsrandombattle-2666495934-s39eik57u65uou84jf7tka7mk5w8ng6pw,ok,p1,roy kasoy,Eelektross,,,,,False,RANDBATS CHAMPIONS,2026-09-28T20:48:15,,550,2,6,0,1,25,0,1,0,1,21,0,0,False,False,False
https://replay.pokemonshowdown.com/gen9championsrandombattle-2666495934-s39eik57u65uou84jf7tka7mk5w8ng6pw,ok,p1,roy kasoy,Simisage,,,,,False,RANDBATS CHAMPIONS,2026-09-28T20:48:15,,550,2,6,0,1,25,0,1,0,1,21,0,0,False,False,False
https://replay.pokemonshowdown.com/gen9championsrandombattle-2666495934-s39eik57u65uou84jf7tka7mk5w8ng6pw,ok,p2,bloodycheese,Tyranitar,Knock Off; Stealth Rock,,Leftovers,,True,RANDBATS CHAMPIONS,2026-09-28T20:48:15,,550,6,2,1,0,25,6,7,2,2,9,0,0,True,False,False
https://replay.pokemonshowdown.com/gen9championsrandombattle-2666495934-s39eik57u65uou84jf7tka7mk5w8ng6pw,ok,p2,bloodycheese,Staraptor,Brave Bird; U-turn,,Choice Scarf,,True,RANDBATS CHAMPIONS,2026-09-28T20:48:15,,550,6,2,1,0,25,6,7,2,2,9,0,0,False,False,False
https://replay.pokemonshowdown.com/gen9championsrandombattle-2666495934-s39eik57u65uou84jf7tka7mk5w8ng6pw,ok,p2,bloodycheese,Vaporeon,Ice Beam; Scald,,Leftovers,,True,RANDBATS CHAMPIONS,2026-09-28T20:48:15,,550,6,2,1,0,25,6,7,2,2,9,0,0,False,False,False
https://replay.pokemonshowdown.com/gen9championsrandombattle-2666495934-s39eik57u65uou84jf7tka7mk5w8ng6pw,ok,p2,bloodycheese,Tyrantrum,Dragon Dance; Earthquake; Outrage,,Lum Berry,,True,RANDBATS CHAMPIONS,2026-09-28T20:48:15,,550,6,2,1,0,25,6,7,2,2,9,0,0,False,False,False
https://replay.pokemonshowdown.com/gen9doublesubers-2666889979-605t1k2wj92j4fi3mia5sdy35iai9j3pw,ok,p1,bloodycheese,Miraidon,Dazzling Gleam,,,Fairy,True,DUBERS,2026-09-28T20:48:16,,529,6,5,12,0,17,8,4,0,1,0,0,0,False,False,True
https://replay.pokemonshowdown.com/gen9doublesubers-2666889979-605t1k2wj92j4fi3mia5sdy35iai9j3pw,ok,p1,bloodycheese,Lunala,Moongeist Beam; Psyshock; Wide Guard,,Electric Seed,,True,DUBERS,2026-09-28T20:48:16,,529,6,5,12,0,17,8,4,0,1,0,0,0,False,False,False
https://replay.pokemonshowdown.com/gen9doublesubers-2666889979-605t1k2wj92j4fi3mia5sdy35iai9j3pw,ok,p1,bloodycheese,Whimsicott,Encore; Light Screen; Moonblast,,,,True,DUBERS,2026-09-28T20:48:16,,529,6,5,12,0,17,8,4,0,1,0,0,0,False,False,False
https://replay.pokemonshowdown.com/gen9doublesubers-2666889979-605t1k2wj92j4fi3mia5sdy35iai9j3pw,ok,p1,bloodycheese,Chi-Yu,Snarl,Beads of Ruin,,,True,DUBERS,2026-09-28T20:48:16,,529,6,5,12,0,17,8,4,0,1,0,0,0,False,False,False
https://replay.pokemonshowdown.com/gen9doublesubers-2666889979-605t1k2wj92j4fi3mia5sdy35iai9j3pw,ok,p1,bloodycheese,Urshifu-*,,,,,True,DUBERS,2026-09-28T20:48:16,,529,6,5,12,0,17,8,4,0,1,0,0,0,False,False,False
https://replay.pokemonshowdown.com/gen9doublesubers-2666889979-605t1k2wj92j4fi3mia5sdy35iai9j3pw,ok,p1,bloodycheese,Iron Hands,Fake Out; Low Kick,,,,True,DUBERS,2026-09-28T20:48:16,,529,6,5,12,0,17,8,4,0,1,0,0,0,False,False,False
https://replay.pokemonshowdown.com/gen9doublesubers-2666889979-605t1k2wj92j4fi3mia5sdy35iai9j3pw,ok,p2,skll02,Calyrex-Ice,Glacial Lance; High Horsepower; Zen Headbutt,As One; Unnerve,,Fire,False,DUBERS,2026-09-28T20:48:16,Calyrex,529,5,6,0,12,17,1,5,1,0,10,0,0,False,False,True
https://replay.pokemonshowdown.com/gen9doublesubers-2666889979-605t1k2wj92j4fi3mia5sdy35iai9j3pw,ok,p2,skll02,Kyogre,Ice Beam; Origin Pulse,,,,False,DUBERS,2026-09-28T20:48:16,,529,5,6,0,12,17,1,5,1,0,10,0,0,False,False,False
https://replay.pokemonshowdown.com/gen9doublesubers-2666889979-605t1k2wj92j4fi3mia5sdy35iai9j3pw,ok,p2,skll02,Cresselia,Light Screen; Reflect; Trick Room,,,,False,DUBERS,2026-09-28T20:48:16,,529,5,6,0,12,17,1,5,1,0,10,0,0,False,False,False
https://replay.pokemonshowdown.com/gen9doublesubers-2666889979-605t1k2wj92j4fi3mia5sdy35iai9j3pw,ok,p2,skll02,Ursaluna,Facade; Headlong Rush; Protect,,,,False,DUBERS,2026-09-28T20:48:16,,529,5,6,0,12,17,1,5,1,0,10,0,0,False,False,False
https://replay.pokemonshowdown.com/gen9doublesubers-2666889979-605t1k2wj92j4fi3mia5sdy35iai9j3pw,ok,p2,skll02,Sinistcha-Masterpiece,Life Dew; Matcha Gotcha; Rage Powder; Strength Sap,,Sitrus Berry,,False,DUBERS,2026-09-28T20:48:16,Sinistcha,529,5,6,0,12,17,1,5,1,0,10,0,0,False,False,False
https://replay.pokemonshowdown.com/gen9doublesubers-2666889979-605t1k2wj92j4fi3mia5sdy35iai9j3pw,ok,p2,skll02,Farigiraf,Helping Hand; Trick Room,,Sitrus Berry,,False,DUBERS,2026-09-28T20:48:16,,529,5,6,0,12,17,1,5,1,0,10,0,0,True,False,False
https://replay.pokemonshowdown.com/gen9nationaldexdoubles-2676581365-do170a1m8j2flnahxh6cb22ymwhlypxpw,ok,p1,SuperiorPangoro,Politoed,Helping Hand; Icy Wind; Muddy Water; Protect,,,,False,NAT DEX DOBLES,2026-09-28T20:48:17,,340,3,6,1,0,14,4,2,1,2,0,0,0,False,False,False
https://replay.pokemonshowdown.com/gen9nationaldexdoubles-2676581365-do170a1m8j2flnahxh6cb22ymwhlypxpw,ok,p1,SuperiorPangoro,Kingdra,Devastating Drake; Hurricane; Muddy Water,,,,False,NAT DEX DOBLES,2026-09-28T20:48:17,,340,3,6,1,0,14,4,2,1,2,0,0,0,False,False,False
https://replay.pokemonshowdown.com/gen9nationaldexdoubles-2676581365-do170a1m8j2flnahxh6cb22ymwhlypxpw,ok,p1,SuperiorPangoro,Togekiss,Air Slash; Light Screen,,,,False,NAT DEX DOBLES,2026-09-28T20:48:17,,340,3,6,1,0,14,4,2,1,2,0,0,0,True,False,False
https://replay.pokemonshowdown.com/gen9nationaldexdoubles-2676581365-do170a1m8j2flnahxh6cb22ymwhlypxpw,ok,p1,SuperiorPangoro,Gyarados,Crunch; Dragon Dance; Waterfall,Intimidate; Mold Breaker,,,False,NAT DEX DOBLES,2026-09-28T20:48:17,,340,3,6,1,0,14,4,2,1,2,0,0,0,False,True,False
https://replay.pokemonshowdown.com/gen9nationaldexdoubles-2676581365-do170a1m8j2flnahxh6cb22ymwhlypxpw,ok,p1,SuperiorPangoro,Azumarill,Play Rough,,,,False,NAT DEX DOBLES,2026-09-28T20:48:17,,340,3,6,1,0,14,4,2,1,2,0,0,0,False,False,False
https://replay.pokemonshowdown.com/gen9nationaldexdoubles-2676581365-do170a1m8j2flnahxh6cb22ymwhlypxpw,ok,p1,SuperiorPangoro,Corsola-Galar,Night Shade; Whirlpool,,,,False,NAT DEX DOBLES,2026-09-28T20:48:17,Corsola,340,3,6,1,0,14,4,2,1,2,0,0,0,False,False,False
https://replay.pokemonshowdown.com/gen9nationaldexdoubles-2676581365-do170a1m8j2flnahxh6cb22ymwhlypxpw,ok,p2,bloodycheese,Blaziken,,,,,True,NAT DEX DOBLES,2026-09-28T20:48:17,,340,6,3,0,1,14,6,0,0,2,16,0,0,False,False,False
https://replay.pokemonshowdown.com/gen9nationaldexdoubles-2676581365-do170a1m8j2flnahxh6cb22ymwhlypxpw,ok,p2,bloodycheese,Gardevoir,Moonblast; Thunderbolt,Swift Swim,,,True,NAT DEX DOBLES,2026-09-28T20:48:17,,340,6,3,0,1,14,6,0,0,2,16,0,0,False,True,False
https://replay.pokemonshowdown.com/gen9nationaldexdoubles-2676581365-do170a1m8j2flnahxh6cb22ymwhlypxpw,ok,p2,bloodycheese,Salamence,Dragon Dance; Iron Head,Intimidate,,,True,NAT DEX DOBLES,2026-09-28T20:48:17,,340,6,3,0,1,14,6,0,0,2,16,0,0,False,False,False
https://replay.pokemonshowdown.com/gen9nationaldexdoubles-2676581365-do170a1m8j2flnahxh6cb22ymwhlypxpw,ok,p2,bloodycheese,Deoxys-Defense,Night Shade; Stealth Rock; Toxic,Pressure,,Dark,True,NAT DEX DOBLES,2026-09-28T20:48:17,Deoxys,340,6,3,0,1,14,6,0,0,2,16,0,0,True,False,True
https://replay.pokemonshowdown.com/gen9nationaldexdoubles-2676581365-do170a1m8j2flnahxh6cb22ymwhlypxpw,ok,p2,bloodycheese,Milotic,Icy Wind; Life Dew,,,,True,NAT DEX DOBLES,2026-09-28T20:48:17,,340,6,3,0,1,14,6,0,0,2,16,0,0,False,False,False
https://replay.pokemonshowdown.com/gen9nationaldexdoubles-2676581365-do170a1m8j2flnahxh6cb22ymwhlypxpw,ok,p2,bloodycheese,Ludicolo,Energy Ball; Giga Drain; Protect,,,,True,NAT DEX DOBLES,2026-09-28T20:48:17,,340,6,3,0,1,14,6,0,0,2,16,0,0,False,False,False
https://replay.pokemonshowdown.com/gen9nationaldexdoubles-2681308764-6i4gbg7qyyu4wir1h0tjdi4thao8g2bpw,ok,p1,bloodycheese,Blaziken,Close Combat; Thunder Punch,Speed Boost,,,True,NAT DEX DOBLES,2026-09-28T20:48:17,,376,6,2,0,2,10,5,0,0,3,4,0,0,False,False,False
https://replay.pokemonshowdown.com/gen9nationaldexdoubles-2681308764-6i4gbg7qyyu4wir1h0tjdi4thao8g2bpw,ok,p1,bloodycheese,Gardevoir,Thunderbolt,Competitive,,,True,NAT DEX DOBLES,2026-09-28T20:48:17,,376,6,2,0,2,10,5,0,0,3,4,0,0,False,True,False
https://replay.pokemonshowdown.com/gen9nationaldexdoubles-2681308764-6i4gbg7qyyu4wir1h0tjdi4thao8g2bpw,ok,p1,bloodycheese,Salamence,Dragon Dance; Protect,Intimidate,,,True,NAT DEX DOBLES,2026-09-28T20:48:17,,376,6,2,0,2,10,5,0,0,3,4,0,0,False,False,False
https://replay.pokemonshowdown.com/gen9nationaldexdoubles-2681308764-6i4gbg7qyyu4wir1h0tjdi4thao8g2bpw,ok,p1,bloodycheese,Deoxys-Defense,Night Shade; Stealth Rock; Toxic,Pressure,Choice Scarf,,True,NAT DEX DOBLES,2026-09-28T20:48:17,Deoxys,376,6,2,0,2,10,5,0,0,3,4,0,0,True,False,False
https://replay.pokemonshowdown.com/gen9nationaldexdoubles-2681308764-6i4gbg7qyyu4wir1h0tjdi4thao8g2bpw,ok,p1,bloodycheese,Milotic,Scald,,,,True,NAT DEX DOBLES,2026-09-28T20:48:17,,376,6,2,0,2,10,5,0,0,3,4,0,0,False,False,False
https://replay.pokemonshowdown.com/gen9nationaldexdoubles-2681308764-6i4gbg7qyyu4wir1h0tjdi4thao8g2bpw,ok,p1,bloodycheese,Ludicolo,,,,,True,NAT DEX DOBLES,2026-09-28T20:48:17,,376,6,2,0,2,10,5,0,0,3,4,0,0,False,False,False
https://replay.pokemonshowdown.com/gen9nationaldexdoubles-2681308764-6i4gbg7qyyu4wir1h0tjdi4thao8g2bpw,ok,p2,zapeohdev,Shuckle,Infestation; Sandstorm; Stealth Rock,,,,False,NAT DEX DOBLES,2026-09-28T20:48:17,,376,2,6,2,0,10,4,0,0,0,4,0,0,True,False,False
https://replay.pokemonshowdown.com/gen9nationaldexdoubles-2681308764-6i4gbg7qyyu4wir1h0tjdi4thao8g2bpw,ok,p2,zapeohdev,Gyarados,Ice Fang; Power Whip,,,Grass,False,NAT DEX DOBLES,2026-09-28T20:48:17,,376,2,6,2,0,10,4,0,0,0,4,0,0,False,False,True
https://replay.pokemonshowdown.com/gen9nationaldexdoubles-2681308764-6i4gbg7qyyu4wir1h0tjdi4thao8g2bpw,ok,p2,zapeohdev,Snorlax,,,,,False,NAT DEX DOBLES,2026-09-28T20:48:17,,376,2,6,2,0,10,4,0,0,0,4,0,0,False,False,False
https://replay.pokemonshowdown.com/gen9nationaldexdoubles-2681308764-6i4gbg7qyyu4wir1h0tjdi4thao8g2bpw,ok,p2,zapeohdev,Steelix,Dragon Tail; Protect; Rock Slide; Stomping Tantrum,,,,False,NAT DEX DOBLES,2026-09-28T20:48:17,,376,2,6,2,0,10,4,0,0,0,4,0,0,False,True,False
https://replay.pokemonshowdown.com/gen9nationaldexdoubles-2681308764-6i4gbg7qyyu4wir1h0tjdi4thao8g2bpw,ok,p2,zapeohdev,Seviper,Sludge Bomb; Switcheroo,,Leftovers,,False,NAT DEX DOBLES,2026-09-28T20:48:17,,376,2,6,2,0,10,4,0,0,0,4,0,0,False,False,False
https://replay.pokemonshowdown.com/gen9nationaldexdoubles-2681308764-6i4gbg7qyyu4wir1h0tjdi4thao8g2bpw,ok,p2,zapeohdev,Milotic,Scald,,,,False,NAT DEX DOBLES,2026-09-28T20:48:17,,376,2,6,2,0,10,4,0,0,0,4,0,0,False,False,False
https://replay.pokemonshowdown.com/gen9nationaldexdoubles-2686461653-rb9l18vp60n9kjps9f1892m01pnkq4spw,ok,p1,bloodycheese,Blaziken,Close Combat; Swords Dance,Speed Boost,Focus Sash,,True,NAT DEX DOBLES,2026-09-28T20:48:18,,262,6,5,1,2,8,7,0,0,3,1,0,0,False,False,False
https://replay.pokemonshowdown.com/gen9nationaldexdoubles-2686461653-rb9l18vp60n9kjps9f1892m01pnkq4spw,ok,p1,bloodycheese,Gardevoir,Thunderbolt,,,,True,NAT DEX DOBLES,2026-09-28T20:48:18,,262,6,5,1,2,8,7,0,0,3,1,0,0,False,False,False
https://replay.pokemonshowdown.com/gen9nationaldexdoubles-2686461653-rb9l18vp60n9kjps9f1892m01pnkq4spw,ok,p1,bloodycheese,Salamence,Flamethrower,Intimidate,,,True,NAT DEX DOBLES,2026-09-28T20:48:18,,262,6,5,1,2,8,7,0,0,3,1,0,0,False,True,False
https://replay.pokemonshowdown.com/gen9nationaldexdoubles-2686461653-rb9l18vp60n9kjps9f1892m01pnkq4spw,ok,p1,bloodycheese,Deoxys-Defense,,Pressure,,Dark,True,NAT DEX DOBLES,2026-09-28T20:48:18,Deoxys,262,6,5,1,2,8,7,0,0,3,1,0,0,True,False,True
https://replay.pokemonshowdown.com/gen9nationaldexdoubles-2686461653-rb9l18vp60n9kjps9f1892m01pnkq4spw,ok,p1,bloodycheese,Milotic,Rain Dance; Scald,,Leftovers,,True,NAT DEX DOBLES,2026-09-28T20:48:18,,262,6,5,1,2,8,7,0,0,3,1,0,0,False,False,False
https://replay.pokemonshowdown.com/gen9nationaldexdoubles-2686461653-rb9l18vp60n9kjps9f1892m01pnkq4spw,ok,p1,bloodycheese,Ludicolo,Muddy Water,,,,True,NAT DEX DOBLES,2026-09-28T20:48:18,,262,6,5,1,2,8,7,0,0,3,1,0,0,False,False,False
https://replay.pokemonshowdown.com/gen9nationaldexdoubles-2686461653-rb9l18vp60n9kjps9f1892m01pnkq4spw,ok,p2,jerry rivera,Gyarados,Thunder Wave,Intimidate,,,False,NAT DEX DOBLES,2026-09-28T20:48:18,,262,5,6,2,1,8,2,0,2,0,0,0,0,True,False,False
https://replay.pokemonshowdown.com/gen9nationaldexdoubles-2686461653-rb9l18vp60n9kjps9f1892m01pnkq4spw,ok,p2,jerry rivera,Hoopa-Unbound,,,,,False,NAT DEX DOBLES,2026-09-28T20:48:18,Hoopa,262,5,6,2,1,8,2,0,2,0,0,0,0,False,False,False
https://replay.pokemonshowdown.com/gen9nationaldexdoubles-2686461653-rb9l18vp60n9kjps9f1892m01pnkq4spw,ok,p2,jerry rivera,Krookodile,Earthquake,Intimidate,,,False,NAT DEX DOBLES,2026-09-28T20:48:18,,262,5,6,2,1,8,2,0,2,0,0,0,0,False,False,False
https://replay.pokemonshowdown.com/gen9nationaldexdoubles-2686461653-rb9l18vp60n9kjps9f1892m01pnkq4spw,ok,p2,jerry rivera,Gholdengo,Make It Rain,,,Steel,False,NAT DEX DOBLES,2026-09-28T20:48:18,,262,5,6,2,1,8,2,0,2,0,0,0,0,False,False,True
https://replay.pokemonshowdown.com/gen9nationaldexdoubles-2686461653-rb9l18vp60n9kjps9f1892m01pnkq4spw,ok,p2,jerry rivera,Tyranitar,Knock Off; Rock Slide,,,,False,NAT DEX DOBLES,2026-09-28T20:48:18,,262,5,6,2,1,8,2,0,2,0,0,0,0,False,False,False
https://replay.pokemonshowdown.com/gen9nationaldexdoubles-2686461653-rb9l18vp60n9kjps9f1892m01pnkq4spw,ok,p2,jerry rivera,Iron Treads,Iron Head; Protect,,Booster Energy,,False,NAT DEX DOBLES,2026-09-28T20:48:18,,262,5,6,2,1,8,2,0,2,0,0,0,0,False,False,False
https://replay.pokemonshowdown.com/gen9nationaldexdoubles-2686741574-xguosq2wvnt26eeajjio3hlrlmkupl3pw,ok,p1,Porygon Anty-Z,Incineroar,Fake Out,Intimidate,,,False,NAT DEX DOBLES,2026-09-28T20:48:19,,389,2,6,0,0,8,2,0,0,2,1,0,0,True,False,False
https://replay.pokemonshowdown.com/gen9nationaldexdoubles-2686741574-xguosq2wvnt26eeajjio3hlrlmkupl3pw,ok,p1,Porygon Anty-Z,Rotom-Wash,Electroweb; Protect; Thunderbolt,,Sitrus Berry,,False,NAT DEX DOBLES,2026-09-28T20:48:19,Rotom,389,2,6,0,0,8,2,0,0,2,1,0,0,False,False,False
https://replay.pokemonshowdown.com/gen9nationaldexdoubles-2686741574-xguosq2wvnt26eeajjio3hlrlmkupl3pw,ok,p1,Porygon Anty-Z,Naganadel,Protect; Sludge Wave,Beast Boost,,Steel,False,NAT DEX DOBLES,2026-09-28T20:48:19,,389,2,6,0,0,8,2,0,0,2,1,0,0,False,False,True
https://replay.pokemonshowdown.com/gen9nationaldexdoubles-2686741574-xguosq2wvnt26eeajjio3hlrlmkupl3pw,ok,p1,Porygon Anty-Z,Raichu-Alola,Follow Me,,,,False,NAT DEX DOBLES,2026-09-28T20:48:19,Raichu,389,2,6,0,0,8,2,0,0,2,1,0,0,False,False,False
https://replay.pokemonshowdown.com/gen9nationaldexdoubles-2686741574-xguosq2wvnt26eeajjio3hlrlmkupl3pw,ok,p1,Porygon Anty-Z,Lycanroc-Dusk,Accelerock,,,,False,NAT DEX DOBLES,2026-09-28T20:48:19,Lycanroc,389,2,6,0,0,8,2,0,0,2,1,0,0,False,False,False
https://replay.pokemonshowdown.com/gen9nationaldexdoubles-2686741574-xguosq2wvnt26eeajjio3hlrlmkupl3pw,ok,p1,Porygon Anty-Z,Decidueye,Poltergeist; Tailwind,,,,False,NAT DEX DOBLES,2026-09-28T20:48:19,,389,2,6,0,0,8,2,0,0,2,1,0,0,False,False,False
https://replay.pokemonshowdown.com/gen9nationaldexdoubles-2686741574-xguosq2wvnt26eeajjio3hlrlmkupl3pw,ok,p2,bloodycheese,Blaziken,Close Combat; Fire Punch; Swords Dance,Speed Boost,,,True,NAT DEX DOBLES,2026-09-28T20:48:19,,389,6,2,0,0,8,4,3,0,5,4,0,0,True,False,False
https://replay.pokemonshowdown.com/gen9nationaldexdoubles-2686741574-xguosq2wvnt26eeajjio3hlrlmkupl3pw,ok,p2,bloodycheese,Gardevoir,,,,,True,NAT DEX DOBLES,2026-09-28T20:48:19,,389,6,2,0,0,8,4,3,0,5,4,0,0,False,False,False
https://replay.pokemonshowdown.com/gen9nationaldexdoubles-2686741574-xguosq2wvnt26eeajjio3hlrlmkupl3pw,ok,p2,bloodycheese,Salamence,Hyper Voice; Tailwind,Intimidate,,,True,NAT DEX DOBLES,2026-09-28T20:48:19,,389,6,2,0,0,8,4,3,0,5,4,0,0,False,True,False
https://replay.pokemonshowdown.com/gen9nationaldexdoubles-2686741574-xguosq2wvnt26eeajjio3hlrlmkupl3pw,ok,p2,bloodycheese,Deoxys-Defense,,,,,True,NAT DEX DOBLES,2026-09-28T20:48:19,,389,6,2,0,0,8,4,3,0,5,4,0,0,False,False,False
https://replay.pokemonshowdown.com/gen9nationaldexdoubles-2686741574-xguosq2wvnt26eeajjio3hlrlmkupl3pw,ok,p2,bloodycheese,Milotic,Icy Wind; Life Dew; Scald,Competitive,,Ground,True,NAT DEX DOBLES,2026-09-28T20:48:19,,389,6,2,0,0,8,4,3,0,5,4,0,0,False,False,True
https://replay.pokemonshowdown.com/gen9nationaldexdoubles-2686741574-xguosq2wvnt26eeajjio3hlrlmkupl3pw,ok,p2,bloodycheese,Ludicolo,Giga Drain,,,,True,NAT DEX DOBLES,2026-09-28T20:48:19,,389,6,2,0,0,8,4,3,0,5,4,0,0,False,False,False
https://replay.pokemonshowdown.com/gen9nationaldexdoubles-2686809470-bjx6jg3k4g6fr3feh2jsgj8o7w08iatpw,ok,p1,Chris FPS,Gallade,Leaf Blade; Sacred Sword,,,,True,NAT DEX DOBLES,2026-09-28T20:48:19,Ripper,655,6,3,1,2,12,4,0,0,6,11,0,0,False,True,False
https://replay.pokemonshowdown.com/gen9nationaldexdoubles-2686809470-bjx6jg3k4g6fr3feh2jsgj8o7w08iatpw,ok,p1,Chris FPS,Metagross,Knock Off; Psychic Fangs,,,,True,NAT DEX DOBLES,2026-09-28T20:48:19,DAVARVINI GUCCINI,655,6,3,1,2,12,4,0,0,6,11,0,0,False,False,False
https://replay.pokemonshowdown.com/gen9nationaldexdoubles-2686809470-bjx6jg3k4g6fr3feh2jsgj8o7w08iatpw,ok,p1,Chris FPS,Reuniclus,Calm Mind; Energy Ball; Recover,,,,True,NAT DEX DOBLES,2026-09-28T20:48:19,ReuniclusDeidad,655,6,3,1,2,12,4,0,0,6,11,0,0,False,False,False
https://replay.pokemonshowdown.com/gen9nationaldexdoubles-2686809470-bjx6jg3k4g6fr3feh2jsgj8o7w08iatpw,ok,p1,Chris FPS,Gothitelle,Heal Pulse; Psychic Noise; Trick,,Choice Scarf; Leftovers,,True,NAT DEX DOBLES,2026-09-28T20:48:19,Gothica,655,6,3,1,2,12,4,0,0,6,11,0,0,True,False,False
https://replay.pokemonshowdown.com/gen9nationaldexdoubles-2686809470-bjx6jg3k4g6fr3feh2jsgj8o7w08iatpw,ok,p1,Chris FPS,Sigilyph,,,,,True,NAT DEX DOBLES,2026-09-28T20:48:19,,655,6,3,1,2,12,4,0,0,6,11,0,0,False,False,False
https://replay.pokemonshowdown.com/gen9nationaldexdoubles-2686809470-bjx6jg3k4g6fr3feh2jsgj8o7w08iatpw,ok,p1,Chris FPS,Musharna,Calm Mind; Moonblast; Trick Room,,Leftovers,Fairy,True,NAT DEX DOBLES,2026-09-28T20:48:19,Summer,655,6,3,1,2,12,4,0,0,6,11,0,0,False,False,True
https://replay.pokemonshowdown.com/gen9nationaldexdoubles-2686809470-bjx6jg3k4g6fr3feh2jsgj8o7w08iatpw,ok,p2,bloodycheese,Blaziken,Flare Blitz; Knock Off; Protect,,Focus Sash,Dark,False,NAT DEX DOBLES,2026-09-28T20:48:19,,655,3,6,2,1,12,4,2,0,0,0,0,0,False,False,True
https://replay.pokemonshowdown.com/gen9nationaldexdoubles-2686809470-bjx6jg3k4g6fr3feh2jsgj8o7w08iatpw,ok,p2,bloodycheese,Gardevoir,Shadow Ball,Magic Guard; Synchronize,,,False,NAT DEX DOBLES,2026-09-28T20:48:19,,655,3,6,2,1,12,4,2,0,0,0,0,0,False,False,False
https://replay.pokemonshowdown.com/gen9nationaldexdoubles-2686809470-bjx6jg3k4g6fr3feh2jsgj8o7w08iatpw,ok,p2,bloodycheese,Salamence,Crunch; Protect,,Salamencite,,False,NAT DEX DOBLES,2026-09-28T20:48:19,,655,3,6,2,1,12,4,2,0,0,0,0,0,True,True,False
https://replay.pokemonshowdown.com/gen9nationaldexdoubles-2686809470-bjx6jg3k4g6fr3feh2jsgj8o7w08iatpw,ok,p2,bloodycheese,Deoxys-Defense,Night Shade; Toxic,Pressure,Leftovers,,False,NAT DEX DOBLES,2026-09-28T20:48:19,Deoxys,655,3,6,2,1,12,4,2,0,0,0,0,0,False,False,False
https://replay.pokemonshowdown.com/gen9nationaldexdoubles-2686809470-bjx6jg3k4g6fr3feh2jsgj8o7w08iatpw,ok,p2,bloodycheese,Milotic,Scald,,Leftovers,,False,NAT DEX DOBLES,2026-09-28T20:48:19,,655,3,6,2,1,12,4,2,0,0,0,0,0,False,False,False
https://replay.pokemonshowdown.com/gen9nationaldexdoubles-2686809470-bjx6jg3k4g6fr3feh2jsgj8o7w08iatpw,ok,p2,bloodycheese,Ludicolo,Fake Out; Muddy Water,,,,False,NAT DEX DOBLES,2026-09-28T20:48:19,,655,3,6,2,1,12,4,2,0,0,0,0,0,False,False,False
https://replay.pokemonshowdown.com/gen9championsrandombattle-2672627231-0ui149c5osvdppdqx35tp0xk35fq20rpw,ok,p1,Bloody cheese,Dedenne,Dazzling Gleam; Nuzzle; Super Fang,,Sitrus Berry,,True,RANDBATS CHAMPIONS,2026-09-28T20:48:20,,588,6,4,0,0,23,5,0,0,2,3,0,0,True,False,False
https://replay.pokemonshowdown.com/gen9championsrandombattle-2672627231-0ui149c5osvdppdqx35tp0xk35fq20rpw,ok,p1,Bloody cheese,Sandaconda,Earthquake; Glare; Stone Edge,,,,True,RANDBATS CHAMPIONS,2026-09-28T20:48:20,,588,6,4,0,0,23,5,0,0,2,3,0,0,False,False,False
https://replay.pokemonshowdown.com/gen9championsrandombattle-2672627231-0ui149c5osvdppdqx35tp0xk35fq20rpw,ok,p1,Bloody cheese,Dragonite,Dragon Dance; Earthquake; Outrage,,Lum Berry,,True,RANDBATS CHAMPIONS,2026-09-28T20:48:20,,588,6,4,0,0,23,5,0,0,2,3,0,0,False,False,False
https://replay.pokemonshowdown.com/gen9championsrandombattle-2672627231-0ui149c5osvdppdqx35tp0xk35fq20rpw,ok,p1,Bloody cheese,Milotic,Scald,,,,True,RANDBATS CHAMPIONS,2026-09-28T20:48:20,,588,6,4,0,0,23,5,0,0,2,3,0,0,False,False,False
https://replay.pokemonshowdown.com/gen9championsrandombattle-2672627231-0ui149c5osvdppdqx35tp0xk35fq20rpw,ok,p1,Bloody cheese,Dragalge,Draco Meteor,,,,True,RANDBATS CHAMPIONS,2026-09-28T20:48:20,,588,6,4,0,0,23,5,0,0,2,3,0,0,False,False,False
https://replay.pokemonshowdown.com/gen9championsrandombattle-2672627231-0ui149c5osvdppdqx35tp0xk35fq20rpw,ok,p2,labiamg,Polteageist-Antique,,,,,False,RANDBATS CHAMPIONS,2026-09-28T20:48:20,Polteageist,588,4,6,0,0,23,4,4,0,3,2,0,0,True,False,False
https://replay.pokemonshowdown.com/gen9championsrandombattle-2672627231-0ui149c5osvdppdqx35tp0xk35fq20rpw,ok,p2,labiamg,Emolga,Acrobatics; Roost,Motor Drive,,,False,RANDBATS CHAMPIONS,2026-09-28T20:48:20,,588,4,6,0,0,23,4,4,0,3,2,0,0,False,False,False
https://replay.pokemonshowdown.com/gen9championsrandombattle-2672627231-0ui149c5osvdppdqx35tp0xk35fq20rpw,ok,p2,labiamg,Meowstic-F,Alluring Voice; Nasty Plot; Psychic,,,,False,RANDBATS CHAMPIONS,2026-09-28T20:48:20,Meowstic,588,4,6,0,0,23,4,4,0,3,2,0,0,False,False,False
https://replay.pokemonshowdown.com/gen9championsrandombattle-2672627231-0ui149c5osvdppdqx35tp0xk35fq20rpw,ok,p2,labiamg,Hydreigon,Dark Pulse; Draco Meteor; U-turn,,,,False,RANDBATS CHAMPIONS,2026-09-28T20:48:20,,588,4,6,0,0,23,4,4,0,3,2,0,0,False,False,False
https://replay.pokemonshowdown.com/gen9championsrandombattle-2672627231-0ui149c5osvdppdqx35tp0xk35fq20rpw,ok,p2,labiamg,Garchomp,Earthquake,,,,False,RANDBATS CHAMPIONS,2026-09-28T20:48:20,,588,4,6,0,0,23,4,4,0,3,2,0,0,False,False,False
https://replay.pokemonshowdown.com/gen9championsrandombattle-2672627231-0ui149c5osvdppdqx35tp0xk35fq20rpw,ok,p2,labiamg,Delphox,Grass Knot; Nasty Plot,,,,False,RANDBATS CHAMPIONS,2026-09-28T20:48:20,,588,4,6,0,0,23,4,4,0,3,2,0,0,False,True,False
https://replay.pokemonshowdown.com/gen9championsrandombattle-2672633167-88g2cv0046i9ys3w19dpo1yejhiql27pw,ok,p1,Bloody cheese,Simipour,Hydro Pump; Ice Beam,,,,False,RANDBATS CHAMPIONS,2026-09-28T20:48:21,,520,5,6,0,1,36,5,2,0,3,6,0,0,True,False,False
https://replay.pokemonshowdown.com/gen9championsrandombattle-2672633167-88g2cv0046i9ys3w19dpo1yejhiql27pw,ok,p1,Bloody cheese,Glimmora,Mortal Spin; Sludge Wave,,Focus Sash,,False,RANDBATS CHAMPIONS,2026-09-28T20:48:21,,520,5,6,0,1,36,5,2,0,3,6,0,0,False,False,False
https://replay.pokemonshowdown.com/gen9championsrandombattle-2672633167-88g2cv0046i9ys3w19dpo1yejhiql27pw,ok,p1,Bloody cheese,Archaludon,Draco Meteor,,,,False,RANDBATS CHAMPIONS,2026-09-28T20:48:21,,520,5,6,0,1,36,5,2,0,3,6,0,0,False,False,False
https://replay.pokemonshowdown.com/gen9championsrandombattle-2672633167-88g2cv0046i9ys3w19dpo1yejhiql27pw,ok,p1,Bloody cheese,Gholdengo,Shadow Ball,,Choice Scarf,,False,RANDBATS CHAMPIONS,2026-09-28T20:48:21,,520,5,6,0,1,36,5,2,0,3,6,0,0,False,False,False
https://replay.pokemonshowdown.com/gen9championsrandombattle-2672633167-88g2cv0046i9ys3w19dpo1yejhiql27pw,ok,p1,Bloody cheese,Furfrou-La Reine,Cotton Guard; Crunch; Double-Edge; Rest,,Chesto Berry,,False,RANDBATS CHAMPIONS,2026-09-28T20:48:21,Furfrou,520,5,6,0,1,36,5,2,0,3,6,0,0,False,False,False
https://replay.pokemonshowdown.com/gen9championsrandombattle-2672633167-88g2cv0046i9ys3w19dpo1yejhiql27pw,ok,p1,Bloody cheese,Banette,Poltergeist; Shadow Sneak; Swords Dance,,,,False,RANDBATS CHAMPIONS,2026-09-28T20:48:21,,520,5,6,0,1,36,5,2,0,3,6,0,0,False,True,False
https://replay.pokemonshowdown.com/gen9championsrandombattle-2672633167-88g2cv0046i9ys3w19dpo1yejhiql27pw,ok,p2,SuperiorPangoro,Decidueye-Hisui,Leaf Blade; Swords Dance; Triple Arrows,,,,True,RANDBATS CHAMPIONS,2026-09-28T20:48:21,Decidueye,520,6,5,1,0,36,14,2,0,6,13,0,0,True,False,False
https://replay.pokemonshowdown.com/gen9championsrandombattle-2672633167-88g2cv0046i9ys3w19dpo1yejhiql27pw,ok,p2,SuperiorPangoro,Venusaur,Leech Seed; Sleep Powder; Substitute,,,,True,RANDBATS CHAMPIONS,2026-09-28T20:48:21,,520,6,5,1,0,36,14,2,0,6,13,0,0,False,False,False
https://replay.pokemonshowdown.com/gen9championsrandombattle-2672633167-88g2cv0046i9ys3w19dpo1yejhiql27pw,ok,p2,SuperiorPangoro,Falinks,Close Combat; Knock Off; No Retreat,,,,True,RANDBATS CHAMPIONS,2026-09-28T20:48:21,,520,6,5,1,0,36,14,2,0,6,13,0,0,False,True,False
https://replay.pokemonshowdown.com/gen9championsrandombattle-2672633167-88g2cv0046i9ys3w19dpo1yejhiql27pw,ok,p2,SuperiorPangoro,Lycanroc-Midnight,Close Combat; Stone Edge,,,,True,RANDBATS CHAMPIONS,2026-09-28T20:48:21,Lycanroc,520,6,5,1,0,36,14,2,0,6,13,0,0,False,False,False
https://replay.pokemonshowdown.com/gen9championsrandombattle-2672633167-88g2cv0046i9ys3w19dpo1yejhiql27pw,ok,p2,SuperiorPangoro,Orthworm,Body Press; Heavy Slam,,,,True,RANDBATS CHAMPIONS,2026-09-28T20:48:21,,520,6,5,1,0,36,14,2,0,6,13,0,0,False,False,False
https://replay.pokemonshowdown.com/gen9championsrandombattle-2672633167-88g2cv0046i9ys3w19dpo1yejhiql27pw,ok,p2,SuperiorPangoro,Aggron,Body Press; Head Smash; Thunder Wave,,Leftovers,,True,RANDBATS CHAMPIONS,2026-09-28T20:48:21,,520,6,5,1,0,36,14,2,0,6,13,0,0,False,False,False
https://replay.pokemonshowdown.com/gen9doublesubers-2669021441-epyd82dxsjm5jbsj8dkvq8jgb1dsx81pw,ok,p1,Bloody cheese,Miraidon,Dazzling Gleam,,,Fairy,True,DUBERS,2026-09-28T20:48:21,,458,6,3,1,0,12,7,0,0,0,0,0,0,True,False,True
https://replay.pokemonshowdown.com/gen9doublesubers-2669021441-epyd82dxsjm5jbsj8dkvq8jgb1dsx81pw,ok,p1,Bloody cheese,Lunala,Moongeist Beam; Psyshock; Wide Guard,,,,True,DUBERS,2026-09-28T20:48:21,,458,6,3,1,0,12,7,0,0,0,0,0,0,False,False,False
https://replay.pokemonshowdown.com/gen9doublesubers-2669021441-epyd82dxsjm5jbsj8dkvq8jgb1dsx81pw,ok,p1,Bloody cheese,Whimsicott,Encore; Light Screen; Moonblast; Tailwind,,,,True,DUBERS,2026-09-28T20:48:21,,458,6,3,1,0,12,7,0,0,0,0,0,0,False,False,False
https://replay.pokemonshowdown.com/gen9doublesubers-2669021441-epyd82dxsjm5jbsj8dkvq8jgb1dsx81pw,ok,p1,Bloody cheese,Chi-Yu,Overheat,Beads of Ruin,,,True,DUBERS,2026-09-28T20:48:21,,458,6,3,1,0,12,7,0,0,0,0,0,0,False,False,False
https://replay.pokemonshowdown.com/gen9doublesubers-2669021441-epyd82dxsjm5jbsj8dkvq8jgb1dsx81pw,ok,p1,Bloody cheese,Urshifu-*,,,,,True,DUBERS,2026-09-28T20:48:21,,458,6,3,1,0,12,7,0,0,0,0,0,0,False,False,False
https://replay.pokemonshowdown.com/gen9doublesubers-2669021441-epyd82dxsjm5jbsj8dkvq8jgb1dsx81pw,ok,p1,Bloody cheese,Iron Hands,Fake Out,,,,True,DUBERS,2026-09-28T20:48:21,,458,6,3,1,0,12,7,0,0,0,0,0,0,False,False,False
https://replay.pokemonshowdown.com/gen9doublesubers-2669021441-epyd82dxsjm5jbsj8dkvq8jgb1dsx81pw,ok,p2,NECROZZZZzz,Dondozo,Earthquake,,,Grass,False,DUBERS,2026-09-28T20:48:21,,458,3,6,0,1,12,3,3,1,5,0,0,0,False,False,True
https://replay.pokemonshowdown.com/gen9doublesubers-2669021441-epyd82dxsjm5jbsj8dkvq8jgb1dsx81pw,ok,p2,NECROZZZZzz,Tatsugiri,Muddy Water,,,,False,DUBERS,2026-09-28T20:48:21,,458,3,6,0,1,12,3,3,1,5,0,0,0,False,False,False
https://replay.pokemonshowdown.com/gen9doublesubers-2669021441-epyd82dxsjm5jbsj8dkvq8jgb1dsx81pw,ok,p2,NECROZZZZzz,Flutter Mane,Dazzling Gleam,,Booster Energy,,False,DUBERS,2026-09-28T20:48:21,,458,3,6,0,1,12,3,3,1,5,0,0,0,False,False,False
https://replay.pokemonshowdown.com/gen9doublesubers-2669021441-epyd82dxsjm5jbsj8dkvq8jgb1dsx81pw,ok,p2,NECROZZZZzz,Chien-Pao,Ice Spinner; Sucker Punch,Sword of Ruin,Focus Sash,,False,DUBERS,2026-09-28T20:48:21,,458,3,6,0,1,12,3,3,1,5,0,0,0,True,False,False
https://replay.pokemonshowdown.com/gen9doublesubers-2669021441-epyd82dxsjm5jbsj8dkvq8jgb1dsx81pw,ok,p2,NECROZZZZzz,Dragonite,,,,,False,DUBERS,2026-09-28T20:48:21,,458,3,6,0,1,12,3,3,1,5,0,0,0,False,False,False
https://replay.pokemonshowdown.com/gen9doublesubers-2669021441-epyd82dxsjm5jbsj8dkvq8jgb1dsx81pw,ok,p2,NECROZZZZzz,Koraidon,Flare Blitz,,,,False,DUBERS,2026-09-28T20:48:21,,458,3,6,0,1,12,3,3,1,5,0,0,0,False,False,False
https://replay.pokemonshowdown.com/gen9doublesubers-2673612234-07nsbg3b1yab87j3rhx1fa9wxmlfriapw,ok,p1,hydreigon_chelas,Magearna,Dazzling Gleam; Flash Cannon,Soul-Heart,,,False,DUBERS,2026-09-28T20:48:22,,468,2,5,3,4,10,3,0,1,3,0,0,0,False,False,False
https://replay.pokemonshowdown.com/gen9doublesubers-2673612234-07nsbg3b1yab87j3rhx1fa9wxmlfriapw,ok,p1,hydreigon_chelas,Kyogre,Water Spout,,,,False,DUBERS,2026-09-28T20:48:22,,468,2,5,3,4,10,3,0,1,3,0,0,0,False,False,False
https://replay.pokemonshowdown.com/gen9doublesubers-2673612234-07nsbg3b1yab87j3rhx1fa9wxmlfriapw,ok,p1,hydreigon_chelas,Landorus,Protect; Sludge Bomb,,,,False,DUBERS,2026-09-28T20:48:22,,468,2,5,3,4,10,3,0,1,3,0,0,0,False,False,False
https://replay.pokemonshowdown.com/gen9doublesubers-2673612234-07nsbg3b1yab87j3rhx1fa9wxmlfriapw,ok,p1,hydreigon_chelas,Roaring Moon,,,Booster Energy,,False,DUBERS,2026-09-28T20:48:22,,468,2,5,3,4,10,3,0,1,3,0,0,0,True,False,False
https://replay.pokemonshowdown.com/gen9doublesubers-2673612234-07nsbg3b1yab87j3rhx1fa9wxmlfriapw,ok,p1,hydreigon_chelas,Iron Hands,Fake Out; Thunder Punch,,,,False,DUBERS,2026-09-28T20:48:22,,468,2,5,3,4,10,3,0,1,3,0,0,0,False,False,False
https://replay.pokemonshowdown.com/gen9doublesubers-2673612234-07nsbg3b1yab87j3rhx1fa9wxmlfriapw,ok,p1,hydreigon_chelas,Indeedee-F,Follow Me; Trick Room,,,Grass,False,DUBERS,2026-09-28T20:48:22,Indeedee,468,2,5,3,4,10,3,0,1,3,0,0,0,False,False,True
https://replay.pokemonshowdown.com/gen9doublesubers-2673612234-07nsbg3b1yab87j3rhx1fa9wxmlfriapw,ok,p2,bloodycheese,Miraidon,Dazzling Gleam,,,Fairy,True,DUBERS,2026-09-28T20:48:22,,468,5,2,4,3,10,3,4,0,1,0,0,0,True,False,True
https://replay.pokemonshowdown.com/gen9doublesubers-2673612234-07nsbg3b1yab87j3rhx1fa9wxmlfriapw,ok,p2,bloodycheese,Lunala,Moongeist Beam; Psyshock; Trick Room; Wide Guard,,Electric Seed,,True,DUBERS,2026-09-28T20:48:22,,468,5,2,4,3,10,3,4,0,1,0,0,0,False,False,False
https://replay.pokemonshowdown.com/gen9doublesubers-2673612234-07nsbg3b1yab87j3rhx1fa9wxmlfriapw,ok,p2,bloodycheese,Whimsicott,Encore; Light Screen; Moonblast; Tailwind,,,,True,DUBERS,2026-09-28T20:48:22,,468,5,2,4,3,10,3,4,0,1,0,0,0,False,False,False
https://replay.pokemonshowdown.com/gen9doublesubers-2673612234-07nsbg3b1yab87j3rhx1fa9wxmlfriapw,ok,p2,bloodycheese,Chi-Yu,,,,,True,DUBERS,2026-09-28T20:48:22,,468,5,2,4,3,10,3,4,0,1,0,0,0,False,False,False
https://replay.pokemonshowdown.com/gen9doublesubers-2673612234-07nsbg3b1yab87j3rhx1fa9wxmlfriapw,ok,p2,bloodycheese,Urshifu-*,,,,,True,DUBERS,2026-09-28T20:48:22,,468,5,2,4,3,10,3,4,0,1,0,0,0,False,False,False
https://replay.pokemonshowdown.com/gen9doublesubers-2673612234-07nsbg3b1yab87j3rhx1fa9wxmlfriapw,ok,p2,bloodycheese,Iron Hands,,,,,True,DUBERS,2026-09-28T20:48:22,,468,5,2,4,3,10,3,4,0,1,0,0,0,False,False,False
https://replay.pokemonshowdown.com/gen9championsvgc2026regmbbo3-2677255243-i3rwily75901a6nshc4chxw0ixpfvt8pw,ok,p1,LaRiubyx,Raichu,Fake Out; Focus Blast; Volt Switch; Zap Cannon,Lightning Rod,Raichunite Y,,True,CHAMPIONS,2026-09-28T20:48:23,,283,4,2,0,0,6,5,0,1,1,2,0,0,False,True,False
https://replay.pokemonshowdown.com/gen9championsvgc2026regmbbo3-2677255243-i3rwily75901a6nshc4chxw0ixpfvt8pw,ok,p1,LaRiubyx,Pelipper,Hurricane; Ice Beam; Tailwind; Weather Ball,Drizzle,Focus Sash,,True,CHAMPIONS,2026-09-28T20:48:23,,283,4,2,0,0,6,5,0,1,1,2,0,0,False,False,False
https://replay.pokemonshowdown.com/gen9championsvgc2026regmbbo3-2677255243-i3rwily75901a6nshc4chxw0ixpfvt8pw,ok,p1,LaRiubyx,Archaludon,Dragon Pulse; Electro Shot; Flash Cannon; Protect,Stamina,Leftovers,,True,CHAMPIONS,2026-09-28T20:48:23,,283,4,2,0,0,6,5,0,1,1,2,0,0,False,False,False
https://replay.pokemonshowdown.com/gen9championsvgc2026regmbbo3-2677255243-i3rwily75901a6nshc4chxw0ixpfvt8pw,ok,p1,LaRiubyx,Swampert,Earthquake; Ice Punch; Protect; Wave Crash,Torrent,Swampertite,,True,CHAMPIONS,2026-09-28T20:48:23,,283,4,2,0,0,6,5,0,1,1,2,0,0,False,False,False
https://replay.pokemonshowdown.com/gen9championsvgc2026regmbbo3-2677255243-i3rwily75901a6nshc4chxw0ixpfvt8pw,ok,p1,LaRiubyx,Sinistcha,Life Dew; Matcha Gotcha; Protect; Rage Powder,Hospitality,Sitrus Berry,,True,CHAMPIONS,2026-09-28T20:48:23,,283,4,2,0,0,6,5,0,1,1,2,0,0,False,False,False
https://replay.pokemonshowdown.com/gen9championsvgc2026regmbbo3-2677255243-i3rwily75901a6nshc4chxw0ixpfvt8pw,ok,p1,LaRiubyx,Basculegion,Aqua Jet; Last Respects; Protect; Wave Crash,Swift Swim,Life Orb,,True,CHAMPIONS,2026-09-28T20:48:23,,283,4,2,0,0,6,5,0,1,1,2,0,0,True,False,False
https://replay.pokemonshowdown.com/gen9championsvgc2026regmbbo3-2677255243-i3rwily75901a6nshc4chxw0ixpfvt8pw,ok,p2,bloodycheese,Charizard,Ancient Power; Heat Wave; Protect; Weather Ball,Solar Power,Charizardite Y,,False,CHAMPIONS,2026-09-28T20:48:23,,283,2,4,0,0,6,1,2,2,0,0,0,0,True,True,False
https://replay.pokemonshowdown.com/gen9championsvgc2026regmbbo3-2677255243-i3rwily75901a6nshc4chxw0ixpfvt8pw,ok,p2,bloodycheese,Floette-Eternal,Calm Mind; Dazzling Gleam; Moonblast; Protect,Flower Veil,Floettite,,False,CHAMPIONS,2026-09-28T20:48:23,,283,2,4,0,0,6,1,2,2,0,0,0,0,False,False,False
https://replay.pokemonshowdown.com/gen9championsvgc2026regmbbo3-2677255243-i3rwily75901a6nshc4chxw0ixpfvt8pw,ok,p2,bloodycheese,Garchomp,Dragon Claw; Earthquake; Rock Slide; Stomping Tantrum,Rough Skin,Choice Scarf,,False,CHAMPIONS,2026-09-28T20:48:23,,283,2,4,0,0,6,1,2,2,0,0,0,0,False,False,False
https://replay.pokemonshowdown.com/gen9championsvgc2026regmbbo3-2677255243-i3rwily75901a6nshc4chxw0ixpfvt8pw,ok,p2,bloodycheese,Sinistcha,Matcha Gotcha; Protect; Rage Powder; Trick Room,Hospitality,Colbur Berry,,False,CHAMPIONS,2026-09-28T20:48:23,,283,2,4,0,0,6,1,2,2,0,0,0,0,False,False,False
https://replay.pokemonshowdown.com/gen9championsvgc2026regmbbo3-2677255243-i3rwily75901a6nshc4chxw0ixpfvt8pw,ok,p2,bloodycheese,Incineroar,Fake Out; Flare Blitz; Parting Shot; Throat Chop,Intimidate,Sitrus Berry,,False,CHAMPIONS,2026-09-28T20:48:23,,283,2,4,0,0,6,1,2,2,0,0,0,0,False,False,False
https://replay.pokemonshowdown.com/gen9championsvgc2026regmbbo3-2677255243-i3rwily75901a6nshc4chxw0ixpfvt8pw,ok,p2,bloodycheese,Venusaur,Leaf Storm; Protect; Sleep Powder; Sludge Bomb,Chlorophyll,Focus Sash,,False,CHAMPIONS,2026-09-28T20:48:23,,283,2,4,0,0,6,1,2,2,0,0,0,0,False,False,False
https://replay.pokemonshowdown.com/gen9championsvgc2026regmbbo3-2677723165-tpebkhana4rrjj7vdnh1v4c8srcrfa5pw,ok,p1,labiamg,Basculegion,Aqua Jet; Flip Turn; Last Respects; Wave Crash,Adaptability,Choice Scarf,,False,CHAMPIONS,2026-09-28T20:48:23,,176,1,4,0,0,5,2,0,2,1,3,0,0,True,False,False
https://replay.pokemonshowdown.com/gen9championsvgc2026regmbbo3-2677723165-tpebkhana4rrjj7vdnh1v4c8srcrfa5pw,ok,p1,labiamg,Pelipper,Hurricane; Protect; Tailwind; Weather Ball,Drizzle,Focus Sash,,False,CHAMPIONS,2026-09-28T20:48:23,,176,1,4,0,0,5,2,0,2,1,3,0,0,False,False,False
https://replay.pokemonshowdown.com/gen9championsvgc2026regmbbo3-2677723165-tpebkhana4rrjj7vdnh1v4c8srcrfa5pw,ok,p1,labiamg,Floette-Eternal,Calm Mind; Dazzling Gleam; Draining Kiss; Protect,Flower Veil,Floettite,,False,CHAMPIONS,2026-09-28T20:48:23,,176,1,4,0,0,5,2,0,2,1,3,0,0,False,False,False
https://replay.pokemonshowdown.com/gen9championsvgc2026regmbbo3-2677723165-tpebkhana4rrjj7vdnh1v4c8srcrfa5pw,ok,p1,labiamg,Incineroar,Fake Out; Parting Shot; Taunt; Throat Chop,Intimidate,Sitrus Berry,,False,CHAMPIONS,2026-09-28T20:48:23,,176,1,4,0,0,5,2,0,2,1,3,0,0,False,False,False
https://replay.pokemonshowdown.com/gen9championsvgc2026regmbbo3-2677723165-tpebkhana4rrjj7vdnh1v4c8srcrfa5pw,ok,p1,labiamg,Archaludon,Dragon Pulse; Electro Shot; Flash Cannon; Protect,Stamina,Leftovers,,False,CHAMPIONS,2026-09-28T20:48:23,,176,1,4,0,0,5,2,0,2,1,3,0,0,False,False,False
https://replay.pokemonshowdown.com/gen9championsvgc2026regmbbo3-2677723165-tpebkhana4rrjj7vdnh1v4c8srcrfa5pw,ok,p1,labiamg,Swampert,Earthquake; Ice Punch; Protect; Wave Crash,Torrent,Swampertite,,False,CHAMPIONS,2026-09-28T20:48:23,,176,1,4,0,0,5,2,0,2,1,3,0,0,False,True,False
https://replay.pokemonshowdown.com/gen9championsvgc2026regmbbo3-2677723165-tpebkhana4rrjj7vdnh1v4c8srcrfa5pw,ok,p2,bloodycheese,Charizard,Ancient Power; Heat Wave; Protect; Weather Ball,Solar Power,Charizardite Y,,True,CHAMPIONS,2026-09-28T20:48:23,,176,4,1,0,0,5,2,2,2,0,0,0,0,True,True,False
https://replay.pokemonshowdown.com/gen9championsvgc2026regmbbo3-2677723165-tpebkhana4rrjj7vdnh1v4c8srcrfa5pw,ok,p2,bloodycheese,Floette-Eternal,Calm Mind; Dazzling Gleam; Moonblast; Protect,Flower Veil,Floettite,,True,CHAMPIONS,2026-09-28T20:48:23,,176,4,1,0,0,5,2,2,2,0,0,0,0,False,False,False
https://replay.pokemonshowdown.com/gen9championsvgc2026regmbbo3-2677723165-tpebkhana4rrjj7vdnh1v4c8srcrfa5pw,ok,p2,bloodycheese,Garchomp,Dragon Claw; Earthquake; Rock Slide; Stomping Tantrum,Rough Skin,Choice Scarf,,True,CHAMPIONS,2026-09-28T20:48:23,,176,4,1,0,0,5,2,2,2,0,0,0,0,False,False,False
https://replay.pokemonshowdown.com/gen9championsvgc2026regmbbo3-2677723165-tpebkhana4rrjj7vdnh1v4c8srcrfa5pw,ok,p2,bloodycheese,Sinistcha,Matcha Gotcha; Protect; Rage Powder; Trick Room,Hospitality,Colbur Berry,,True,CHAMPIONS,2026-09-28T20:48:23,,176,4,1,0,0,5,2,2,2,0,0,0,0,False,False,False
https://replay.pokemonshowdown.com/gen9championsvgc2026regmbbo3-2677723165-tpebkhana4rrjj7vdnh1v4c8srcrfa5pw,ok,p2,bloodycheese,Incineroar,Fake Out; Flare Blitz; Parting Shot; Throat Chop,Intimidate,Sitrus Berry,,True,CHAMPIONS,2026-09-28T20:48:23,,176,4,1,0,0,5,2,2,2,0,0,0,0,False,False,False
https://replay.pokemonshowdown.com/gen9championsvgc2026regmbbo3-2677723165-tpebkhana4rrjj7vdnh1v4c8srcrfa5pw,ok,p2,bloodycheese,Venusaur,Leaf Storm; Protect; Sleep Powder; Sludge Bomb,Chlorophyll,Focus Sash,,True,CHAMPIONS,2026-09-28T20:48:23,,176,4,1,0,0,5,2,2,2,0,0,0,0,False,False,False
https://replay.pokemonshowdown.com/gen9nationaldexmonotype-2681313312-laj8bb6kw491s610kfe1nyw02vqyxf7pw,ok,p1,bloodycheese,Ferrothorn,Body Press; Poison Jab; Stealth Rock; Thunder Wave,,,,True,NAT DEX MONOTYPE,2026-09-28T20:48:24,,267,6,3,1,0,28,5,1,0,2,5,0,0,True,False,False
https://replay.pokemonshowdown.com/gen9nationaldexmonotype-2681313312-laj8bb6kw491s610kfe1nyw02vqyxf7pw,ok,p1,bloodycheese,Lilligant-Hisui,,,,,True,NAT DEX MONOTYPE,2026-09-28T20:48:24,Lilligant,267,6,3,1,0,28,5,1,0,2,5,0,0,False,False,False
https://replay.pokemonshowdown.com/gen9nationaldexmonotype-2681313312-laj8bb6kw491s610kfe1nyw02vqyxf7pw,ok,p1,bloodycheese,Meowscarada,,,,,True,NAT DEX MONOTYPE,2026-09-28T20:48:24,,267,6,3,1,0,28,5,1,0,2,5,0,0,False,False,False
https://replay.pokemonshowdown.com/gen9nationaldexmonotype-2681313312-laj8bb6kw491s610kfe1nyw02vqyxf7pw,ok,p1,bloodycheese,Venusaur,Hidden Power; Sludge Bomb; Synthesis,,,,True,NAT DEX MONOTYPE,2026-09-28T20:48:24,,267,6,3,1,0,28,5,1,0,2,5,0,0,False,True,False
https://replay.pokemonshowdown.com/gen9nationaldexmonotype-2681313312-laj8bb6kw491s610kfe1nyw02vqyxf7pw,ok,p1,bloodycheese,Scovillain,,,,,True,NAT DEX MONOTYPE,2026-09-28T20:48:24,,267,6,3,1,0,28,5,1,0,2,5,0,0,False,False,False
https://replay.pokemonshowdown.com/gen9nationaldexmonotype-2681313312-laj8bb6kw491s610kfe1nyw02vqyxf7pw,ok,p1,bloodycheese,Exeggutor-Alola,Calm Mind; Flamethrower,,,,True,NAT DEX MONOTYPE,2026-09-28T20:48:24,Exeggutor,267,6,3,1,0,28,5,1,0,2,5,0,0,False,False,False
https://replay.pokemonshowdown.com/gen9nationaldexmonotype-2681313312-laj8bb6kw491s610kfe1nyw02vqyxf7pw,ok,p2,WlDino,Ferrothorn,Gyro Ball; Stealth Rock,,,,False,NAT DEX MONOTYPE,2026-09-28T20:48:24,,267,3,6,0,1,28,13,1,0,2,3,0,0,True,False,False
https://replay.pokemonshowdown.com/gen9nationaldexmonotype-2681313312-laj8bb6kw491s610kfe1nyw02vqyxf7pw,ok,p2,WlDino,Meowscarada,Triple Axel,,,,False,NAT DEX MONOTYPE,2026-09-28T20:48:24,,267,3,6,0,1,28,13,1,0,2,3,0,0,False,False,False
https://replay.pokemonshowdown.com/gen9nationaldexmonotype-2681313312-laj8bb6kw491s610kfe1nyw02vqyxf7pw,ok,p2,WlDino,Venusaur,Earth Power; Hidden Power,,,,False,NAT DEX MONOTYPE,2026-09-28T20:48:24,,267,3,6,0,1,28,13,1,0,2,3,0,0,False,True,False
https://replay.pokemonshowdown.com/gen9nationaldexmonotype-2681313312-laj8bb6kw491s610kfe1nyw02vqyxf7pw,ok,p2,WlDino,Ogerpon-Cornerstone,Superpower; Swords Dance,,,,False,NAT DEX MONOTYPE,2026-09-28T20:48:24,Ogerpon,267,3,6,0,1,28,13,1,0,2,3,0,0,False,False,False
https://replay.pokemonshowdown.com/gen9nationaldexmonotype-2681313312-laj8bb6kw491s610kfe1nyw02vqyxf7pw,ok,p2,WlDino,Lilligant-Hisui,Ice Spinner,,,,False,NAT DEX MONOTYPE,2026-09-28T20:48:24,Lilligant,267,3,6,0,1,28,13,1,0,2,3,0,0,False,False,False
https://replay.pokemonshowdown.com/gen9nationaldexmonotype-2681313312-laj8bb6kw491s610kfe1nyw02vqyxf7pw,ok,p2,WlDino,Brambleghast,Rapid Spin,,,,False,NAT DEX MONOTYPE,2026-09-28T20:48:24,,267,3,6,0,1,28,13,1,0,2,3,0,0,False,False,False
https://replay.pokemonshowdown.com/gen9nationaldexmonotype-2685822525-48brj3mt0kbr5lunc296gwhsh17cqixpw,ok,p1,afroier,Abomasnow,Blizzard; Ice Shard,,,,False,NAT DEX MONOTYPE,2026-09-28T20:48:25,,536,3,6,2,0,25,3,0,1,0,7,0,0,True,True,False
https://replay.pokemonshowdown.com/gen9nationaldexmonotype-2685822525-48brj3mt0kbr5lunc296gwhsh17cqixpw,ok,p1,afroier,Meowscarada,U-turn,,,,False,NAT DEX MONOTYPE,2026-09-28T20:48:25,,536,3,6,2,0,25,3,0,1,0,7,0,0,False,False,False
https://replay.pokemonshowdown.com/gen9nationaldexmonotype-2685822525-48brj3mt0kbr5lunc296gwhsh17cqixpw,ok,p1,afroier,Amoonguss,Protect; Sludge Bomb,,,,False,NAT DEX MONOTYPE,2026-09-28T20:48:25,,536,3,6,2,0,25,3,0,1,0,7,0,0,False,False,False
https://replay.pokemonshowdown.com/gen9nationaldexmonotype-2685822525-48brj3mt0kbr5lunc296gwhsh17cqixpw,ok,p1,afroier,Ferrothorn,Spikes,,,,False,NAT DEX MONOTYPE,2026-09-28T20:48:25,,536,3,6,2,0,25,3,0,1,0,7,0,0,False,False,False
https://replay.pokemonshowdown.com/gen9nationaldexmonotype-2685822525-48brj3mt0kbr5lunc296gwhsh17cqixpw,ok,p1,afroier,Ogerpon-Wellspring,U-turn,,,,False,NAT DEX MONOTYPE,2026-09-28T20:48:25,Ogerpon,536,3,6,2,0,25,3,0,1,0,7,0,0,False,False,False
https://replay.pokemonshowdown.com/gen9nationaldexmonotype-2685822525-48brj3mt0kbr5lunc296gwhsh17cqixpw,ok,p1,afroier,Scovillain,Flamethrower,,,,False,NAT DEX MONOTYPE,2026-09-28T20:48:25,,536,3,6,2,0,25,3,0,1,0,7,0,0,False,False,False
https://replay.pokemonshowdown.com/gen9nationaldexmonotype-2685822525-48brj3mt0kbr5lunc296gwhsh17cqixpw,ok,p2,bloodycheese,Ferrothorn,,,,,True,NAT DEX MONOTYPE,2026-09-28T20:48:25,,536,6,3,0,2,25,11,0,0,0,1,0,0,False,False,False
https://replay.pokemonshowdown.com/gen9nationaldexmonotype-2685822525-48brj3mt0kbr5lunc296gwhsh17cqixpw,ok,p2,bloodycheese,Leavanny,Poison Jab; Sticky Web; Triple Axel,,,,True,NAT DEX MONOTYPE,2026-09-28T20:48:25,,536,6,3,0,2,25,11,0,0,0,1,0,0,True,False,False
https://replay.pokemonshowdown.com/gen9nationaldexmonotype-2685822525-48brj3mt0kbr5lunc296gwhsh17cqixpw,ok,p2,bloodycheese,Meowscarada,,,,,True,NAT DEX MONOTYPE,2026-09-28T20:48:25,,536,6,3,0,2,25,11,0,0,0,1,0,0,False,False,False
https://replay.pokemonshowdown.com/gen9nationaldexmonotype-2685822525-48brj3mt0kbr5lunc296gwhsh17cqixpw,ok,p2,bloodycheese,Venusaur,Hidden Power; Reflect; Sludge Bomb; Synthesis,,,,True,NAT DEX MONOTYPE,2026-09-28T20:48:25,,536,6,3,0,2,25,11,0,0,0,1,0,0,False,True,False
https://replay.pokemonshowdown.com/gen9nationaldexmonotype-2685822525-48brj3mt0kbr5lunc296gwhsh17cqixpw,ok,p2,bloodycheese,Scovillain,Flamethrower; Will-O-Wisp,,,,True,NAT DEX MONOTYPE,2026-09-28T20:48:25,,536,6,3,0,2,25,11,0,0,0,1,0,0,False,False,False
https://replay.pokemonshowdown.com/gen9nationaldexmonotype-2685822525-48brj3mt0kbr5lunc296gwhsh17cqixpw,ok,p2,bloodycheese,Exeggutor-Alola,,,,,True,NAT DEX MONOTYPE,2026-09-28T20:48:25,,536,6,3,0,2,25,11,0,0,0,1,0,0,False,False,False
https://replay.pokemonshowdown.com/gen9championsrandomdoublesbattle-2677668808-e3wy6w2n6emrjg84pve20un9d9jkmt8pw,ok,p1,bloodycheese,Scolipede,Gunk Shot; Megahorn; Protect; Swords Dance,Speed Boost,,,True,RANDOM DOBLES CHAMPIONS,2026-09-28T20:48:25,,245,6,1,1,0,9,6,3,0,7,2,0,0,True,False,False
https://replay.pokemonshowdown.com/gen9championsrandomdoublesbattle-2677668808-e3wy6w2n6emrjg84pve20un9d9jkmt8pw,ok,p1,bloodycheese,Incineroar,Fake Out; Flare Blitz; Parting Shot,Intimidate,,,True,RANDOM DOBLES CHAMPIONS,2026-09-28T20:48:25,,245,6,1,1,0,9,6,3,0,7,2,0,0,False,False,False
https://replay.pokemonshowdown.com/gen9championsrandomdoublesbattle-2677668808-e3wy6w2n6emrjg84pve20un9d9jkmt8pw,ok,p1,bloodycheese,Vaporeon,Detect; Scald,,,,True,RANDOM DOBLES CHAMPIONS,2026-09-28T20:48:25,,245,6,1,1,0,9,6,3,0,7,2,0,0,False,False,False
https://replay.pokemonshowdown.com/gen9championsrandomdoublesbattle-2677668808-e3wy6w2n6emrjg84pve20un9d9jkmt8pw,ok,p2,SuperiorPangoro,Vanilluxe,Aurora Veil,,,,False,RANDOM DOBLES CHAMPIONS,2026-09-28T20:48:25,,245,1,6,0,1,9,1,0,1,1,0,0,0,True,False,False
https://replay.pokemonshowdown.com/gen9championsrandomdoublesbattle-2677668808-e3wy6w2n6emrjg84pve20un9d9jkmt8pw,ok,p2,SuperiorPangoro,Garchomp,Rock Slide,,,,False,RANDOM DOBLES CHAMPIONS,2026-09-28T20:48:25,,245,1,6,0,1,9,1,0,1,1,0,0,0,False,False,False
https://replay.pokemonshowdown.com/gen9championsrandomdoublesbattle-2677668808-e3wy6w2n6emrjg84pve20un9d9jkmt8pw,ok,p2,SuperiorPangoro,Steelix,Body Press; Iron Defense,,,,False,RANDOM DOBLES CHAMPIONS,2026-09-28T20:48:25,,245,1,6,0,1,9,1,0,1,1,0,0,0,False,False,False
https://replay.pokemonshowdown.com/gen9championsrandomdoublesbattle-2677668808-e3wy6w2n6emrjg84pve20un9d9jkmt8pw,ok,p2,SuperiorPangoro,Simipour,Protect,,,,False,RANDOM DOBLES CHAMPIONS,2026-09-28T20:48:25,,245,1,6,0,1,9,1,0,1,1,0,0,0,False,False,False
https://replay.pokemonshowdown.com/gen9championsrandomdoublesbattle-2677668808-e3wy6w2n6emrjg84pve20un9d9jkmt8pw,ok,p2,SuperiorPangoro,Morpeko,Protect,,,,False,RANDOM DOBLES CHAMPIONS,2026-09-28T20:48:25,,245,1,6,0,1,9,1,0,1,1,0,0,0,False,False,False
https://replay.pokemonshowdown.com/gen9championsrandomdoublesbattle-2677668808-e3wy6w2n6emrjg84pve20un9d9jkmt8pw,ok,p2,SuperiorPangoro,Altaria,,,,,False,RANDOM DOBLES CHAMPIONS,2026-09-28T20:48:25,,245,1,6,0,1,9,1,0,1,1,0,0,0,False,True,False
https://replay.pokemonshowdown.com/gen9championsrandomdoublesbattle-2677689230-h91hhuvow0bx7ny4foglrsc9bmao66fpw,ok,p1,bloodycheese,Diggersby,Foul Play,,,,False,RANDOM DOBLES CHAMPIONS,2026-09-28T20:48:26,,414,4,6,0,1,12,2,1,0,0,1,0,0,True,False,False
https://replay.pokemonshowdown.com/gen9championsrandomdoublesbattle-2677689230-h91hhuvow0bx7ny4foglrsc9bmao66fpw,ok,p1,bloodycheese,Kleavor,Close Combat,,,,False,RANDOM DOBLES CHAMPIONS,2026-09-28T20:48:26,,414,4,6,0,1,12,2,1,0,0,1,0,0,False,False,False
https://replay.pokemonshowdown.com/gen9championsrandomdoublesbattle-2677689230-h91hhuvow0bx7ny4foglrsc9bmao66fpw,ok,p1,bloodycheese,Mawile,Play Rough,Intimidate,,,False,RANDOM DOBLES CHAMPIONS,2026-09-28T20:48:26,,414,4,6,0,1,12,2,1,0,0,1,0,0,False,False,False
https://replay.pokemonshowdown.com/gen9championsrandomdoublesbattle-2677689230-h91hhuvow0bx7ny4foglrsc9bmao66fpw,ok,p1,bloodycheese,Medicham,Detect; Zen Headbutt,,,,False,RANDOM DOBLES CHAMPIONS,2026-09-28T20:48:26,,414,4,6,0,1,12,2,1,0,0,1,0,0,False,True,False
https://replay.pokemonshowdown.com/gen9championsrandomdoublesbattle-2677689230-h91hhuvow0bx7ny4foglrsc9bmao66fpw,ok,p1,bloodycheese,Pyroar,Fire Blast; Protect,Unnerve,,,False,RANDOM DOBLES CHAMPIONS,2026-09-28T20:48:26,,414,4,6,0,1,12,2,1,0,0,1,0,0,False,False,False
https://replay.pokemonshowdown.com/gen9championsrandomdoublesbattle-2677689230-h91hhuvow0bx7ny4foglrsc9bmao66fpw,ok,p1,bloodycheese,Metagross,Bullet Punch,,Sitrus Berry,,False,RANDOM DOBLES CHAMPIONS,2026-09-28T20:48:26,,414,4,6,0,1,12,2,1,0,0,1,0,0,False,False,False
https://replay.pokemonshowdown.com/gen9championsrandomdoublesbattle-2677689230-h91hhuvow0bx7ny4foglrsc9bmao66fpw,ok,p2,masafesio,Lopunny,Close Combat; Fake Out; Protect; Thunder Wave,,Sitrus Berry,,True,RANDOM DOBLES CHAMPIONS,2026-09-28T20:48:26,,414,6,4,1,0,12,5,3,0,0,1,0,0,True,False,False
https://replay.pokemonshowdown.com/gen9championsrandomdoublesbattle-2677689230-h91hhuvow0bx7ny4foglrsc9bmao66fpw,ok,p2,masafesio,Liepard,Fake Out; Thunder Wave,,,,True,RANDOM DOBLES CHAMPIONS,2026-09-28T20:48:26,,414,6,4,1,0,12,5,3,0,0,1,0,0,False,False,False
https://replay.pokemonshowdown.com/gen9championsrandomdoublesbattle-2677689230-h91hhuvow0bx7ny4foglrsc9bmao66fpw,ok,p2,masafesio,Kingambit,Protect,,,,True,RANDOM DOBLES CHAMPIONS,2026-09-28T20:48:26,,414,6,4,1,0,12,5,3,0,0,1,0,0,False,False,False
https://replay.pokemonshowdown.com/gen9championsrandomdoublesbattle-2677689230-h91hhuvow0bx7ny4foglrsc9bmao66fpw,ok,p2,masafesio,Chandelure,Heat Wave; Shadow Ball; Will-O-Wisp,,,,True,RANDOM DOBLES CHAMPIONS,2026-09-28T20:48:26,,414,6,4,1,0,12,5,3,0,0,1,0,0,False,True,False
https://replay.pokemonshowdown.com/gen9championsrandomdoublesbattle-2677689230-h91hhuvow0bx7ny4foglrsc9bmao66fpw,ok,p2,masafesio,Garchomp,Dragon Claw; Protect; Rock Slide,,,,True,RANDOM DOBLES CHAMPIONS,2026-09-28T20:48:26,,414,6,4,1,0,12,5,3,0,0,1,0,0,False,False,False
https://replay.pokemonshowdown.com/gen9championsvgc2026regmcbo3-2682485260-ttryifngl3860njjrjmhtuyalrlrgyepw,ok,p1,bloodycheese,Garchomp,Dragon Pulse; Flamethrower; Power Gem; Protect,Rough Skin,Garchompite Z,,False,CHAMPIONS,2026-09-28T20:48:27,,504,1,4,0,0,8,3,1,0,7,6,0,0,False,False,False
https://replay.pokemonshowdown.com/gen9championsvgc2026regmcbo3-2682485260-ttryifngl3860njjrjmhtuyalrlrgyepw,ok,p1,bloodycheese,Rillaboom,Fake Out; Grassy Glide; High Horsepower; Wood Hammer,Grassy Surge,Miracle Seed,,False,CHAMPIONS,2026-09-28T20:48:27,,504,1,4,0,0,8,3,1,0,7,6,0,0,False,False,False
https://replay.pokemonshowdown.com/gen9championsvgc2026regmcbo3-2682485260-ttryifngl3860njjrjmhtuyalrlrgyepw,ok,p1,bloodycheese,Volcarona,Bug Buzz; Heat Wave; Protect; Quiver Dance,Flame Body,Grassy Seed,,False,CHAMPIONS,2026-09-28T20:48:27,,504,1,4,0,0,8,3,1,0,7,6,0,0,False,False,False
https://replay.pokemonshowdown.com/gen9championsvgc2026regmcbo3-2682485260-ttryifngl3860njjrjmhtuyalrlrgyepw,ok,p1,bloodycheese,Incineroar,Fake Out; Helping Hand; Parting Shot; Throat Chop,Intimidate,Sitrus Berry,,False,CHAMPIONS,2026-09-28T20:48:27,,504,1,4,0,0,8,3,1,0,7,6,0,0,False,False,False
https://replay.pokemonshowdown.com/gen9championsvgc2026regmcbo3-2682485260-ttryifngl3860njjrjmhtuyalrlrgyepw,ok,p1,bloodycheese,Raichu,Encore; Focus Blast; Protect; Zap Cannon,Lightning Rod,Raichunite Y,,False,CHAMPIONS,2026-09-28T20:48:27,,504,1,4,0,0,8,3,1,0,7,6,0,0,True,True,False
https://replay.pokemonshowdown.com/gen9championsvgc2026regmcbo3-2682485260-ttryifngl3860njjrjmhtuyalrlrgyepw,ok,p1,bloodycheese,Gholdengo,Make It Rain; Nasty Plot; Protect; Shadow Ball,Goodas Gold,Life Orb,,False,CHAMPIONS,2026-09-28T20:48:27,,504,1,4,0,0,8,3,1,0,7,6,0,0,False,False,False
https://replay.pokemonshowdown.com/gen9championsvgc2026regmcbo3-2682485260-ttryifngl3860njjrjmhtuyalrlrgyepw,ok,p2,monstruonio,Pelipper,Hurricane; Protect; Roost; Weather Ball,Drizzle,Rocky Helmet,,True,CHAMPIONS,2026-09-28T20:48:27,,504,4,1,0,0,8,1,3,2,7,11,0,5,False,False,False
https://replay.pokemonshowdown.com/gen9championsvgc2026regmcbo3-2682485260-ttryifngl3860njjrjmhtuyalrlrgyepw,ok,p2,monstruonio,Archaludon,Electro Shot; Flash Cannon; Protect; Substitute,Stamina,Leftovers,,True,CHAMPIONS,2026-09-28T20:48:27,,504,4,1,0,0,8,1,3,2,7,11,0,5,False,False,False
https://replay.pokemonshowdown.com/gen9championsvgc2026regmcbo3-2682485260-ttryifngl3860njjrjmhtuyalrlrgyepw,ok,p2,monstruonio,Incineroar,Fake Out; Flare Blitz; Low Kick; Parting Shot,Intimidate,Sitrus Berry,,True,CHAMPIONS,2026-09-28T20:48:27,,504,4,1,0,0,8,1,3,2,7,11,0,5,True,False,False
https://replay.pokemonshowdown.com/gen9championsvgc2026regmcbo3-2682485260-ttryifngl3860njjrjmhtuyalrlrgyepw,ok,p2,monstruonio,Gengar,Perish Song; Protect; Shadow Ball; Sludge Bomb,Cursed Body,Gengarite,,True,CHAMPIONS,2026-09-28T20:48:27,,504,4,1,0,0,8,1,3,2,7,11,0,5,False,False,False
https://replay.pokemonshowdown.com/gen9championsvgc2026regmcbo3-2682485260-ttryifngl3860njjrjmhtuyalrlrgyepw,ok,p2,monstruonio,Raichu,Focus Blast; Grass Knot; Volt Switch; Zap Cannon,Lightning Rod,Raichunite Y,,True,CHAMPIONS,2026-09-28T20:48:27,,504,4,1,0,0,8,1,3,2,7,11,0,5,False,True,False
https://replay.pokemonshowdown.com/gen9championsvgc2026regmcbo3-2682485260-ttryifngl3860njjrjmhtuyalrlrgyepw,ok,p2,monstruonio,Whimsicott,Encore; Moonblast; Protect; Tailwind,Prankster,Focus Sash,,True,CHAMPIONS,2026-09-28T20:48:27,,504,4,1,0,0,8,1,3,2,7,11,0,5,False,False,False
https://replay.pokemonshowdown.com/gen9championsvgc2026regmcbo3-2687373955-oob9k0dc7bul384yji0y1f5t509hfs4pw,ok,p1,Bloody cheese,Garchomp,Dragon Pulse; Flamethrower; Power Gem; Protect,Rough Skin,Garchompite Z,,True,CHAMPIONS,2026-09-28T20:48:27,,220,4,1,0,0,6,2,1,0,3,0,0,0,False,False,False
https://replay.pokemonshowdown.com/gen9championsvgc2026regmcbo3-2687373955-oob9k0dc7bul384yji0y1f5t509hfs4pw,ok,p1,Bloody cheese,Rillaboom,Fake Out; Grassy Glide; High Horsepower; Wood Hammer,Grassy Surge,Miracle Seed,,True,CHAMPIONS,2026-09-28T20:48:27,,220,4,1,0,0,6,2,1,0,3,0,0,0,False,False,False
https://replay.pokemonshowdown.com/gen9championsvgc2026regmcbo3-2687373955-oob9k0dc7bul384yji0y1f5t509hfs4pw,ok,p1,Bloody cheese,Volcarona,Bug Buzz; Heat Wave; Protect; Quiver Dance,Flame Body,Grassy Seed,,True,CHAMPIONS,2026-09-28T20:48:27,,220,4,1,0,0,6,2,1,0,3,0,0,0,False,False,False
https://replay.pokemonshowdown.com/gen9championsvgc2026regmcbo3-2687373955-oob9k0dc7bul384yji0y1f5t509hfs4pw,ok,p1,Bloody cheese,Incineroar,Fake Out; Helping Hand; Parting Shot; Throat Chop,Intimidate,Sitrus Berry,,True,CHAMPIONS,2026-09-28T20:48:27,,220,4,1,0,0,6,2,1,0,3,0,0,0,False,False,False
https://replay.pokemonshowdown.com/gen9championsvgc2026regmcbo3-2687373955-oob9k0dc7bul384yji0y1f5t509hfs4pw,ok,p1,Bloody cheese,Raichu,Encore; Focus Blast; Protect; Zap Cannon,Lightning Rod,Raichunite Y,,True,CHAMPIONS,2026-09-28T20:48:27,,220,4,1,0,0,6,2,1,0,3,0,0,0,True,True,False
https://replay.pokemonshowdown.com/gen9championsvgc2026regmcbo3-2687373955-oob9k0dc7bul384yji0y1f5t509hfs4pw,ok,p1,Bloody cheese,Gholdengo,Make It Rain; Nasty Plot; Protect; Shadow Ball,Goodas Gold,Life Orb,,True,CHAMPIONS,2026-09-28T20:48:27,,220,4,1,0,0,6,2,1,0,3,0,0,0,False,False,False
https://replay.pokemonshowdown.com/gen9championsvgc2026regmcbo3-2687373955-oob9k0dc7bul384yji0y1f5t509hfs4pw,ok,p2,Napolestesting,Sneasler,Close Combat; Dire Claw; Protect; Rock Slide,Unburden,Grassy Seed,,False,CHAMPIONS,2026-09-28T20:48:27,,220,1,4,0,0,6,2,4,0,0,0,0,0,True,False,False
https://replay.pokemonshowdown.com/gen9championsvgc2026regmcbo3-2687373955-oob9k0dc7bul384yji0y1f5t509hfs4pw,ok,p2,Napolestesting,Floette-Eternal,Calm Mind; Dazzling Gleam; Moonblast; Protect,Fairy Aura; Flower Veil,Floettite,,False,CHAMPIONS,2026-09-28T20:48:27,Floette,220,1,4,0,0,6,2,4,0,0,0,0,0,False,True,False
https://replay.pokemonshowdown.com/gen9championsvgc2026regmcbo3-2687373955-oob9k0dc7bul384yji0y1f5t509hfs4pw,ok,p2,Napolestesting,Gholdengo,Make It Rain; Nasty Plot; Protect; Shadow Ball,Goodas Gold,Life Orb,,False,CHAMPIONS,2026-09-28T20:48:27,,220,1,4,0,0,6,2,4,0,0,0,0,0,False,False,False
https://replay.pokemonshowdown.com/gen9championsvgc2026regmcbo3-2687373955-oob9k0dc7bul384yji0y1f5t509hfs4pw,ok,p2,Napolestesting,Incineroar,Fake Out; Flare Blitz; Parting Shot; Throat Chop,Intimidate,Rocky Helmet,,False,CHAMPIONS,2026-09-28T20:48:27,,220,1,4,0,0,6,2,4,0,0,0,0,0,False,False,False
https://replay.pokemonshowdown.com/gen9championsvgc2026regmcbo3-2687373955-oob9k0dc7bul384yji0y1f5t509hfs4pw,ok,p2,Napolestesting,Salamence,Draco Meteor; Hyper Voice; Protect; Tailwind,Intimidate,Salamencite,,False,CHAMPIONS,2026-09-28T20:48:27,,220,1,4,0,0,6,2,4,0,0,0,0,0,False,False,False
https://replay.pokemonshowdown.com/gen9championsvgc2026regmcbo3-2687373955-oob9k0dc7bul384yji0y1f5t509hfs4pw,ok,p2,Napolestesting,Rillaboom,Fake Out; Grassy Glide; U-turn; Wood Hammer,Grassy Surge,Sitrus Berry,,False,CHAMPIONS,2026-09-28T20:48:27,,220,1,4,0,0,6,2,4,0,0,0,0,0,False,False,False
